id,titre,type,portee,regions,financeurs,instruments,beneficiaires,assiette_min,assiette_max,aide_min,aide_max,taux_min,taux_max,cloture,permanent,page_officielle,cdc,statut_verification,completude,confiance
"ae_11643","Accélérateur Agroalimentaire","AIDE","NATIONAL","Toutes les Régions","Bpifrance ","SUBVENTION","PME | ETI | GE","","","","","42","42","2026-11-04","non","https://www.bpifrance.fr/catalogue-offres/accelerateur-agroalimentaire-0","","A_REVERIFIER","75","19"
"ae_12693","Accélérateur Biens d'Equipement","AIDE","NATIONAL","Toutes les Régions","Bpifrance ","SUBVENTION","PME | ETI | GE","","","","","42","42","2026-12-09","non","https://www.bpifrance.fr/catalogue-offres/accelerateur-biens-dequipement","","A_REVERIFIER","75","19"
"ae_12695","Accélérateur Croissance Externe","AIDE","NATIONAL","Toutes les Régions","Bpifrance ","SUBVENTION","PME | ETI | GE","","","","","58","58","2026-11-24","non","https://www.bpifrance.fr/catalogue-offres/accelerateur-croissance-externe","","A_REVERIFIER","75","19"
"ae_11788","Accélérateur Croissance Occitanie","AIDE","REGIONAL","Occitanie","Bpifrance  | Région Occitanie | Union Européenne-FEDER","SUBVENTION","PME","","","","","48","48","2027-01-01","non","https://www.bpifrance.fr/catalogue-offres/accelerateur-croissance-occitanie-0","","A_REVERIFIER","75","19"
"ae_10947","Accélérateur Décarbonation","AIDE","NATIONAL","Toutes les Régions","Ministère de l’Economie, des Finances et de la Souveraineté Industrielle, Energétique et Numérique","SUBVENTION","PME | ETI | GE","","","","","60","60","2026-09-30","non","https://www.bpifrance.fr/catalogue-offres/accelerateur-decarbonation","","A_REVERIFIER","75","19"
"ae_11344","Accélérateur Défense","AIDE","NATIONAL","Toutes les Régions","Ministère des Armées et des anciens combattants","SUBVENTION","PME | ETI | GE","","","","","42","42","2026-10-27","non","https://www.bpifrance.fr/catalogue-offres/accelerateur-defense","","A_REVERIFIER","75","19"
"ae_12697","Accélérateur ETI","AIDE","NATIONAL","Toutes les Régions","Bpifrance ","SUBVENTION","ETI | GE","","","","","","","2026-11-17","non","https://www.bpifrance.fr/catalogue-offres/accelerateur-eti","","A_REVERIFIER","75","19"
"ae_12549","Accélérateur IA","AIDE","NATIONAL","Toutes les Régions","Bpifrance ","SUBVENTION","PME | ETI | GE","","","","","41","41","","non","https://www.bpifrance.fr/catalogue-offres/accelerateur-ia","","A_REVERIFIER","69","16"
"ae_11792","Accélérateur Industries Mécaniques","AIDE","NATIONAL","Toutes les Régions","Bpifrance ","SUBVENTION","PME","","","","","75","75","2026-12-01","non","https://www.bpifrance.fr/catalogue-offres/accelerateur-industries-mecaniques","","A_REVERIFIER","75","19"
"ae_11346","Accélérateur Néo - Startups Industrielles","AIDE","NATIONAL","Toutes les Régions","Bpifrance ","SUBVENTION","STARTUP | PME","","","","","45","62","2026-10-21","non","https://www.bpifrance.fr/catalogue-offres/accelerateur-neo-startups-industrielles-0","","A_REVERIFIER","75","19"
"ae_12551","Accélérateur Néo Pivot","AIDE","NATIONAL","Toutes les Régions","Bpifrance ","SUBVENTION","PME | ETI | GE","","","","","46","46","2026-11-18","non","https://www.bpifrance.fr/catalogue-offres/accelerateur-neo-pivot","","A_REVERIFIER","75","19"
"ae_11797","Accélérateur PME Hauts-de-France","AIDE","REGIONAL","Hauts-de-France","Bpifrance  | Financeurs privés | Union Européenne-FEDER","SUBVENTION","PME","","","","","49","49","2026-12-08","non","https://www.bpifrance.fr/catalogue-offres/accelerateur-pme-hauts-de-france-0","","A_REVERIFIER","75","19"
"ae_11798","Accélérateur PME Nouvelle-Aquitaine","AIDE","REGIONAL","Nouvelle-Aquitaine","Bpifrance  | Région Nouvelle-Aquitaine","SUBVENTION","PME","","","","","","","2026-10-14","non","https://www.bpifrance.fr/catalogue-offres/accelerateur-pme-nouvelle-aquitaine-9","","A_REVERIFIER","75","19"
"ae_9401","Accélération Start-Up","AIDE","REGIONAL","Nouvelle-Aquitaine","Région Nouvelle-Aquitaine","SUBVENTION | AVANCE_REMBOURSABLE","STARTUP | PME","","","","","","","","non","https://les-aides.nouvelle-aquitaine.fr/economie-et-emploi/acceleration-start","","A_REVERIFIER","63","16"
"ae_11632","Accompagnement CYBIAH","AIDE","NATIONAL","Toutes les Régions","Union européenne","SUBVENTION","PME","","","","","50","50","","non","https://cybiah.eu/","","A_REVERIFIER","69","16"
"ae_11960","Accompagnement de la transition touristique des territoires de montagne","AIDE","REGIONAL","Bourgogne-Franche-Comté","Région Bourgogne-Franche-Comté","SUBVENTION","PME","","","","","","","","non","https://www.bourgognefranchecomte.fr/node/3868","","A_REVERIFIER","75","16"
"ae_12043","Accompagnement des acteurs de la filière nautique","AIDE","REGIONAL","Provence-Alpes-Côte d’Azur","Région Sud Provence-Alpes-Côte d'Azur","SUBVENTION","PME | ETI | GE","","","","","20","80","","non","https://www.maregionsud.fr/vos-aides/detail/accompagnement-des-acteurs-de-la-filiere-nautique","","A_REVERIFIER","69","16"
"aura_feder_aHR0cHM6Ly93d3cuZXVyb3BlLWVu","Accueil | L'Europe s'engage en France, le portail des Fonds européens","AIDE","REGIONAL","Auvergne-Rhône-Alpes | Hauts-de-France","Auvergne-Rhône-Alpes | Hauts-de-France","SUBVENTION","PME","","","104500","20000000","95","95","2032-12-31","non","https://www.europe-en-france.gouv.fr/fr","https://www.europe-en-france.gouv.fr/fr/fonds-europeens-2021-2027/fonds-asile-migration-integration-fami | https://www.europe-en-france.gouv.fr/fr/articles/france-lance-mise-en-oeuvre-reglement-bridge-eu-renforcer-cooperation-transfrontaliere | https://www.europe-en-france.gouv.fr/fr/appels-a-projet/horizon-europe-defis-eic-pathfinder-2026-2026 | https://www.europe-en-france.gouv.fr/fr/appels-a-projet/socpl-information-consultation-participation-representants-entreprises-2026 | https://www.europe-en-france.gouv.fr/fr/appels-a-projet/eu-bodies-and-agencies-assistance-scientifique-technique-activite-prospective | https://www.europe-en-france.gouv.fr/fr/appels-a-projet/eu-bodies-and-agencies-recherche-analyse-jurisprudence-relative-protection | https://www.europe-en-france.gouv.fr/fr/appels-a-projet/fond-social-europeen-fse-dialogue-structure-personnes-ayant-vecu-laposexperience | https://www.europe-en-france.gouv.fr/fr/appels-a-projet/mie-mie-2-transport-adaptation-rte-t-usage-mixte-civil-militaire-enveloppe | https://www.europe-en-france.gouv.fr/fr/appels-a-projet/mie-mie-2-transport-facilite-infrastructures-dediees-carburants-alternatifs | https://www.europe-en-france.gouv.fr/fr/appels-a-projet/mie-capacites-reparation-cables-sous-marins-2026 | https://www.europe-en-france.gouv.fr/fr/appels-a-projet/horizon-europe-msca-echanges-personnel-2027-2027 | https://www.europe-en-france.gouv.fr/fr/appels-a-projet/horizon-europe-msca-choisir-laposeurope-science-2027-2027 | https://www.europe-en-france.gouv.fr/fr/aides-d-etat#tab-1 | https://www.europe-en-france.gouv.fr/fr/aides-d-etat#tab-2 | https://eur-lex.europa.eu/legal-content/FR/TXT/?uri=celex%3A32015R1589 | https://www.europe-en-france.gouv.fr/fr/aides-d-etat#accordion-133481 | https://www.europe-en-france.gouv.fr/fr/ressources/reglementation-reglement-general-exemption-categorie-rgec-ndeg-6512014-publie-joue-26 | https://eur-lex.europa.eu/legal-content/FR/TXT/HTML/?uri=CELEX:32022R2472 | https://eur-lex.europa.eu/legal-content/FR/TXT/?uri=celex%3A32022R2473 | https://eur-lex.europa.eu/legal-content/FR/TXT/?uri=CELEX%3A02013R1408-20231025 | https://eur-lex.europa.eu/legal-content/FR/TXT/PDF/?uri=CELEX:32019R0316&from=EN | https://eur-lex.europa.eu/legal-content/FR/TXT/HTML/?uri=OJ:L_202302391&qid=1696602378779 | https://eur-lex.europa.eu/legal-content/FR/TXT/?uri=OJ:L_202403118 | https://eur-lex.europa.eu/legal-content/FR/TXT/PDF/?uri=CELEX:32014R0717&from=EN | https://eur-lex.europa.eu/legal-content/FR/TXT/PDF/?uri=CELEX:32020R2008&from=FR | https://eur-lex.europa.eu/legal-content/FR/TXT/?uri=celex%3A32022R2514 | https://www.europe-en-france.gouv.fr/ressources/presentation-sur-la-reglementation-des-aides-detat | https://www.economie.gouv.fr/files/files/directions_services/daj/publications/Vade-mecum-aides-Etat-2020/Vademecum_aides240920.pdf | https://www.europe-en-france.gouv.fr/fr/ressources/faq-reglementation-gestion-controle-fonds-europeens-2014-2020 | https://www.europe-en-france.gouv.fr/fr/ressources/liste-aides-minimis-annee-2019-recensees-niveau-national | https://eur-lex.europa.eu/legal-content/FR/TXT/PDF/?uri=CELEX:32014R1388&from=FR | https://fse.gouv.fr/sites/default/files/2023-03/ProgrammeFSE_A4_0.pdf","A_REVERIFIER","63","28"
"ae_2780","Action régionale pour le développement d'activités nouvelles (ARDAN)","AIDE","REGIONAL","Hauts-de-France","État | Région Hauts-de-France","SUBVENTION","PME","","","","","50","50","","non","https://guide-aides.hautsdefrance.fr/spip.php?page=dispositif&id_dispositif=597","","A_REVERIFIER","69","16"
"tee_dg_151","Agir en Pays de la Loire","AIDE","NATIONAL","Toutes les Régions","Transition écologique des entreprises — catalogue ouvert","SUBVENTION","","","","","","","","","non","https://mission-transition-ecologique.beta.gouv.fr/aides-entreprise/agir-pdl?utm_campaign=openData","","A_REVERIFIER","38","3"
"ae_11185","Agir tourisme","AIDE","REGIONAL","Pays de la Loire","Région Pays de la Loire","SUBVENTION","PME","","","","","","","","non","https://www.paysdelaloire.fr/les-aides/pays-de-la-loire-agir-tourisme","","A_REVERIFIER","69","16"
"ae_12485","Aide à l'accélération","AIDE","NATIONAL","Toutes les Régions","Centre national de la musique (CNM)","SUBVENTION","PME","","","","","40","40","","non","https://cnm.fr/aides-financieres/aide-a-lacceleration/","","A_REVERIFIER","69","16"
"ae_8358","Aide à l’accompagnement de développement de carrière d’artistes professionnels-filière musique et spectacle vivant","AIDE","REGIONAL","La Réunion","Région Réunion","SUBVENTION","PME","","","","","40","50","","non","https://www.regionreunion.com/IMG/pdf/acompagnement_artiste_18.pdf","https://www.regionreunion.com/IMG/pdf/acompagnement_artiste_18.pdf","A_REVERIFIER","81","16"
"ae_10035","Aide à l'accompagnement versée au titre de l'accompagnement professionnel individualisé pour les entreprises adaptées hors expérimentation","AIDE","NATIONAL","Toutes les Régions","Ministère du Travail et des Solidarités","SUBVENTION","PME","","","4154","5355","","","","non","https://www.legifrance.gouv.fr/jorf/id/JORFTEXT000053974897","","A_REVERIFIER","69","16"
"ae_8617","Aide à l'accueil, à l'intégration et à l'évolution professionnelle des personnes handicapées","AIDE","NATIONAL","Toutes les Régions","AGEFIPH","SUBVENTION","PME | ETI | GE","","","","","","","","non","https://www.agefiph.fr/aides-financieres/aide-laccueil-lintegration-et-levolution-professionnelle-des-personnes-en-situation","","A_REVERIFIER","75","16"
"ae_12141","Aide à l'achat d'un nouveau taxi","AIDE","REGIONAL","Auvergne-Rhône-Alpes","Région Auvergne-Rhône-Alpes","SUBVENTION","PME","","","","","","","","non","https://www.auvergnerhonealpes.fr/aides/region-commerce-artisanat-financer-lachat-de-mon-nouveau-taxi","","A_REVERIFIER","69","16"
"ae_9174","Aide à l'achat de véhicule de commerce ambulant des TPE artisanat-commerce","AIDE","REGIONAL","Hauts-de-France","Région Hauts-de-France","SUBVENTION","PME","","","300000","300000","40","80","","non","https://guide-aides.hautsdefrance.fr/spip.php?page=dispositif&id_dispositif=767","","A_REVERIFIER","75","16"
"ae_10623","Aide à l'achat ou à la location de véhicules peu polluants - Prime au rétrofit électrique","AIDE","NATIONAL","Toutes les Régions","Ministère de l’Economie, des Finances et de la Souveraineté Industrielle, Energétique et Numérique","SUBVENTION","PME | ETI | GE","","","","","40","40","","non","https://www.legifrance.gouv.fr/codes/article_lc/LEGIARTI000041941848","https://www.legifrance.gouv.fr/jorf/id/JORFTEXT000051401544","A_REVERIFIER","81","16"
"ae_12513","Aide à l'acquisition d’équipement adapté pour l’accès aux loisirs des personnes en situation de handicap","AIDE","REGIONAL","Auvergne-Rhône-Alpes","Région Auvergne-Rhône-Alpes","SUBVENTION","PME | ETI | GE","","","","","30","50","","non","https://www.auvergnerhonealpes.fr/aides/acquerir-de-lequipement-adapte-pour-lacces-aux-loisirs-des-personnes-en-situation-de-handicap","","A_REVERIFIER","69","16"
"ae_12718","Aide à l’acquisition d’équipements et à l’organisation d’évènements nautiques","AIDE","REGIONAL","Guadeloupe","Région Guadeloupe","SUBVENTION","PME","","","","","75","75","","non","https://aides.regionguadeloupe.fr/Aide-aux-equipements-et-evenements-nautiques","","A_REVERIFIER","69","16"
"ae_12037","Aide à l’activité de diffusion des lieux","AIDE","NATIONAL","Toutes les Régions","Centre national de la musique (CNM)","SUBVENTION","PME | ETI | GE","","","","","","","","non","https://cnm.fr/aides-financieres/aide-a-lactivite-de-diffusion-des-lieux/","","A_REVERIFIER","69","16"
"ae_8","Aide à l'adaptation des situations de travail","AIDE","NATIONAL","Toutes les Régions","AGEFIPH","SUBVENTION","PME | ETI | GE","","","","","100","100","","non","https://www.agefiph.fr/aides-financieres/aide-ladaptation-des-situations-de-travail","","A_REVERIFIER","75","16"
"ae_12484","Aide à l’amorçage","AIDE","NATIONAL","Toutes les Régions","Centre national de la musique (CNM)","SUBVENTION","PME","","","","","40","40","","non","https://cnm.fr/aides-financieres/aide-a-lamorcage/","","A_REVERIFIER","69","16"
"ae_8790","Aide à l’animation d’actions collectives en matière d’économie circulaire et de déchets","AIDE","REGIONAL","Occitanie","Région Occitanie","SUBVENTION","PME | ETI | GE","","","","","50","50","","non","https://www.laregion.fr/Aides-regionales-a-l-animation-d-actions-collectives-en-matiere-d-economie","","A_REVERIFIER","75","16"
"ae_11941","Aide à l'attractivité touristique du territoire","AIDE","REGIONAL","Grand Est","Région Grand Est","SUBVENTION","PME","","","","","20","20","","non","https://www.grandest.fr/vos-aides-regionales/attractivite-touristique/","","A_REVERIFIER","69","16"
"ae_8449","Aide à l’écriture cinéma, audiovisuel et nouveaux médias","AIDE","REGIONAL","Grand Est","Région Grand Est","SUBVENTION","PME","","","","","","","","non","https://www.grandest.fr/vos-aides-regionales/aide-a-lecriture-cinema-audiovisuel-nouveaux-medias","https://www.grandest.fr/wp-content/uploads/2017/08/soutien-ecriture-cinema-audio-nvx-medias-2021.pdf","A_REVERIFIER","81","16"
"ae_12719","Aide à l’édition à l’édition et à la promotion de livres d’intérêt régional","AIDE","REGIONAL","Guadeloupe","Région Guadeloupe","SUBVENTION","PME","","","","","","","","non","https://aides.regionguadeloupe.fr/Aide-a-l-edition-a-l-edition-et-a-la-promotion-de-livres-d-interet-regional","","A_REVERIFIER","75","16"
"ae_12007","Aide à l'édition de musique contemporaine","AIDE","NATIONAL","Toutes les Régions","Centre national de la musique (CNM)","SUBVENTION","PME | ETI | GE","","","","","40","40","","non","https://cnm.fr/aides-financieres/editeurs/edition-de-musique-contemporaine/","","A_REVERIFIER","75","16"
"ae_5996","Aide à l'édition en langue bretonne","AIDE","REGIONAL","Bretagne","Région Bretagne","SUBVENTION","PME","","","","","12.5","50","","non","https://www.bretagne.bzh/aides/fiches/edition-ouvrages-breton/","","A_REVERIFIER","75","16"
"ae_8214","Aide à l'édition en langue bretonne de séries de bandes dessinées classiques","AIDE","NATIONAL","Toutes les Régions","Région Bretagne","SUBVENTION","PME | ETI | GE","","","25000","25000","25","50","","non","https://www.bretagne.bzh/aides/fiches/bandes-dessinees-bretonnes/","","A_REVERIFIER","75","16"
"ae_8215","Aide à l'édition en langue gallèse","AIDE","REGIONAL","Bretagne","Région Bretagne","SUBVENTION","PME | ETI | GE","","","","","12.5","50","","non","https://www.bretagne.bzh/aides/fiches/langue-gallese-edition-douvrages/","","A_REVERIFIER","75","16"
"ae_8451","Aide à l’édition indépendante","AIDE","REGIONAL","Grand Est","Région Grand Est","SUBVENTION","PME","","","","","80","80","","non","https://www.grandest.fr/vos-aides-regionales/aide-a-ledition-independante/","","A_REVERIFIER","75","16"
"ae_11677","Aide à l'efficacité hydrique des entreprises","AIDE","REGIONAL","Nouvelle-Aquitaine","Région Nouvelle-Aquitaine","SUBVENTION","PME | ETI | GE","","","","","65","70","","non","https://les-aides.nouvelle-aquitaine.fr/transition-energetique-et-ecologique/efficacite-hydrique-des-entreprises","","A_REVERIFIER","69","16"
"ae_12536","Aide à l'émergence et à la consolidation d'une économie circulaire en Outre-mer et Corse","AIDE","REGIONAL","Corse | Guadeloupe | Guyane | La Réunion | Martinique | Mayotte","ADEME","SUBVENTION","PME | ETI | GE","","","","","","","2026-12-31","non","https://agirpourlatransition.ademe.fr/entreprises/aides-financieres/catalogue/2026/emergence-et-consolidation-dune-economie-circulaire-en-outre-mer-et-corse","","A_REVERIFIER","75","19"
"ae_11193","Aide à l'entrepreneuriat des jeunes","AIDE","REGIONAL","Grand Est","Région Grand Est","SUBVENTION","PME","","","","","50","50","","non","https://www.grandest.fr/vos-aides-regionales/entrepreneuriat-des-jeunes/","","A_REVERIFIER","69","16"
"ae_12302","Aide à l'excellence opérationnelle","AIDE","REGIONAL","Grand Est","Région Grand Est","SUBVENTION","PME","","","","","50","100","","non","https://www.grandest.fr/vos-aides-regionales/module-industrie-5-0-excellence-operationnelle/","","A_REVERIFIER","69","16"
"ae_10960","Aide à l'exemplaire pour les titres de presse postés ou portés","AIDE","NATIONAL","Toutes les Régions","Ministère de la Culture ","SUBVENTION","PME","","","","","","","","non","https://www.legifrance.gouv.fr/jorf/id/JORFTEXT000047226157","","A_REVERIFIER","75","16"
"ae_8119","Aide à l'hôtellerie indépendante","AIDE","REGIONAL","Nouvelle-Aquitaine","Région Nouvelle-Aquitaine","SUBVENTION","PME","","","","","15","15","","non","https://les-aides.nouvelle-aquitaine.fr/economie-et-emploi/hebergements-hotellerie-independante","","A_REVERIFIER","69","16"
"ae_11961","Aide à l'hôtellerie indépendante","AIDE","REGIONAL","Bourgogne-Franche-Comté","Région Bourgogne-Franche-Comté","SUBVENTION","PME","","","","","40","40","","non","https://www.bourgognefranchecomte.fr/node/3856","","A_REVERIFIER","75","16"
"tee_dg_154","Aide à l'hôtellerie indépendante","AIDE","NATIONAL","Toutes les Régions","Transition écologique des entreprises — catalogue ouvert","SUBVENTION","","","","","","","","","non","https://mission-transition-ecologique.beta.gouv.fr/aides-entreprise/hotellerie-independante-na?utm_campaign=openData","","A_REVERIFIER","38","3"
"tee_dg_158","Aide à l’hôtellerie indépendante en Bourgogne-Franche-Comté","AIDE","NATIONAL","Toutes les Régions","Transition écologique des entreprises — catalogue ouvert","SUBVENTION","","","","","","","","","non","https://mission-transition-ecologique.beta.gouv.fr/aides-entreprise/hotellerie-independante-bfc?utm_campaign=openData","","A_REVERIFIER","38","3"
"ae_8036","Aide à l'implantation","AIDE","REGIONAL","Hauts-de-France","Région Hauts-de-France","SUBVENTION","PME | ETI | GE","","","","","","","","non","https://guide-aides.hautsdefrance.fr/spip.php?page=dispositif&id_dispositif=683","","A_REVERIFIER","69","16"
"ae_12300","Aide à l'ingénierie des matériaux","AIDE","REGIONAL","Grand Est","Région Grand Est","SUBVENTION","PME","","","","","50","100","","non","https://www.grandest.fr/vos-aides-regionales/module-industrie-5-0-ingenierie-materiaux/","","A_REVERIFIER","69","16"
"ae_8203","Aide à l'innovation ""Inno Conseil""","AIDE","REGIONAL","Bretagne","Région Bretagne","SUBVENTION","PME","","","","","50","80","","non","https://www.bretagne.bzh/aides/fiches/inno-conseil-2/","","A_REVERIFIER","69","16"
"ae_8204","Aide à l'innovation ""Inno Market'up""","AIDE","REGIONAL","Bretagne","Région Bretagne","AVANCE_REMBOURSABLE","STARTUP | PME","","","","","","","","non","https://www.bretagne.bzh/aides/fiches/inno-marketup/","","A_REVERIFIER","63","16"
"ae_8202","Aide à l'innovation ""Inno R&D collaborative""","AIDE","REGIONAL","Bretagne","Région Bretagne","SUBVENTION","PME | ETI | GE","","","","","25","50","","non","https://www.bretagne.bzh/aides/fiches/inno-recherche-developpement/","","A_REVERIFIER","69","16"
"ae_8200","Aide à l'innovation ""Inno R&D""","AIDE","REGIONAL","Bretagne","Région Bretagne","SUBVENTION | AVANCE_REMBOURSABLE","PME | ETI | GE","","","","","50","65","","non","https://www.bretagne.bzh/aides/fiches/inno-rd/","","A_REVERIFIER","63","16"
"ae_11394","Aide à l'innovation durable par le design","AIDE","REGIONAL","Nouvelle-Aquitaine","Région Nouvelle-Aquitaine","SUBVENTION","PME | ETI | GE","","","","","50","50","","non","https://les-aides.nouvelle-aquitaine.fr/culture/innover-durablement-par-le-design?Profil=Entreprise&page=1","","A_REVERIFIER","69","16"
"ae_8056","Aide à l'innovation et à la R&D dans l'agroalimentaire","AIDE","REGIONAL","Nouvelle-Aquitaine","Région Nouvelle-Aquitaine","SUBVENTION","PME | ETI | GE","","","","","","","","non","https://les-aides.nouvelle-aquitaine.fr/economie-et-emploi/aide-linnovation-et-la-rd-dans-lagroalimentaire","","A_REVERIFIER","69","16"
"ae_11126","Aide à l'innovation numérique responsable","AIDE","REGIONAL","Nouvelle-Aquitaine","Région Nouvelle-Aquitaine","SUBVENTION","PME | ETI | GE","","","","","50","60","","non","https://les-aides.nouvelle-aquitaine.fr/economie-et-emploi/innovation-numerique-responsable","","A_REVERIFIER","75","16"
"ae_12720","Aide à l’Insertion par l’Activité Économique (IAE)","AIDE","REGIONAL","Guadeloupe","Région Guadeloupe","SUBVENTION","PME","","","","","","","","non","https://aides.regionguadeloupe.fr/Aide-a-l-Insertion-par-l-Activite-Economique-IAE","","A_REVERIFIER","69","16"
"ae_11428","Aide à l'installation de production d'eau chaude solaire thermique","AIDE","NATIONAL","Toutes les Régions","ADEME","SUBVENTION","PME | ETI | GE","","","","","","","2026-12-31","non","https://agirpourlatransition.ademe.fr/entreprises/aides-financieres/catalogue/2026/installation-de-production-deau-chaude-solaire-thermique","","A_REVERIFIER","81","19"
"ae_12729","Aide à l'installation des jeunes de moins de 40 ans dans les secteurs de l’économie bleue","AIDE","REGIONAL","Guadeloupe","Région Guadeloupe","SUBVENTION","PME","","","","","75","75","","non","https://aides.regionguadeloupe.fr/Installation-des-jeunes-de-moins-de-40-ans-dans-les-secteurs-de-l-economie","","A_REVERIFIER","69","16"
"ae_12299","Aide à l'intégration des solutions biosourcées","AIDE","REGIONAL","Grand Est","Région Grand Est","SUBVENTION","PME | ETI | GE","","","","","50","100","","non","https://www.grandest.fr/vos-aides-regionales/module-industrie-5-0-solutions-biosourcees/","","A_REVERIFIER","69","16"
"ae_10158","Aide à l’investissement aux librairies françaises","AIDE","NATIONAL","Toutes les Régions","Centre National du Livre (CNL) | Transition écologique des entreprises — catalogue ouvert","SUBVENTION","PME | ETI | GE","","","","","","","2027-07-31","non","https://centrenationaldulivre.fr/aides-financement/aide-economique-aux-librairies","","A_REVERIFIER","75","19"
"ae_11310","Aide à l'investissement des entreprises de l'économie sociale et solidaire","AIDE","REGIONAL","Hauts-de-France","Région Hauts-de-France","SUBVENTION","PME","","","","","","","","non","https://guide-aides.hautsdefrance.fr/dispositif987","","A_REVERIFIER","69","16"
"ae_12518","Aide à l'investissement des scieries","AIDE","REGIONAL","Centre-Val de Loire","Région Centre-Val de Loire","SUBVENTION","PME","","","","","30","30","2027-12-31","non","https://www.centre-valdeloire.fr/le-guide-des-aides-de-la-region-centre-val-de-loire/investissement-des-scieries","","A_REVERIFIER","75","19"
"ae_11097","Aide à l’investissement des TPE à fort potentiel","AIDE","REGIONAL","Nouvelle-Aquitaine","Région Nouvelle-Aquitaine","SUBVENTION","PME","","","","","35","35","","non","https://les-aides.nouvelle-aquitaine.fr/amenagement-du-territoire/aide-linvestissement-des-tpe-fort-potentiel","","A_REVERIFIER","75","16"
"tee_dg_156","Aide à l'investissement des transitions","AIDE","NATIONAL","Toutes les Régions","Transition écologique des entreprises — catalogue ouvert","SUBVENTION","","","","","","","","","non","https://mission-transition-ecologique.beta.gouv.fr/aides-entreprise/aide-tpe-transition-na?utm_campaign=openData","","A_REVERIFIER","38","3"
"ae_11096","Aide à l'investissement des transitions - TPE","AIDE","REGIONAL","Nouvelle-Aquitaine","Région Nouvelle-Aquitaine","SUBVENTION","PME","","","","","35","35","","non","https://les-aides.nouvelle-aquitaine.fr/amenagement-du-territoire/aide-linvestissement-des-transitions-tpe","","A_REVERIFIER","75","16"
"ae_2612","Aide à l'investissement en faveur du recyclage et du réemploi des déchets","AIDE","REGIONAL","Nouvelle-Aquitaine","Région Nouvelle-Aquitaine","SUBVENTION","PME | ETI | GE","","","","","60","60","","non","https://les-aides.nouvelle-aquitaine.fr/transition-energetique-et-ecologique/investissement-en-faveur-du-recyclage-et-du-reemploi-des-dechets","","A_REVERIFIER","69","16"
"ae_11013","Aide à l'investissement en méthanisation","AIDE","REGIONAL","Provence-Alpes-Côte d’Azur","Région Sud Provence-Alpes-Côte d'Azur","SUBVENTION","PME | ETI | GE","","","","","","","","non","https://www.maregionsud.fr/vos-aides/detail/aides-a-linvestissement-en-methanisation","","A_REVERIFIER","69","16"
"ae_8696","Aide à l'investissement et à l'emploi","AIDE","REGIONAL","Bretagne | Hauts-de-France | Bourgogne-Franche-Comté | Guadeloupe | La Réunion | Martinique | Mayotte | Normandie","Fougères Agglomération | CC Somme Sud-Ouest | Région Bourgogne-Franche-Comté | Union européenne | Ministère des Outre-Mer | CC de la région de Levroux | Région Centre-Val de Loire | Bpifrance  | Région Normandie | Région Hauts-de-France | Région Bretagne | CGSS Réunion","SUBVENTION | AVANCE_REMBOURSABLE","PME | ETI | GE","","","","","50","70","2026-11-30","non","https://data.aides-entreprises.fr/stock","https://medias-wordpress-offload.storage.googleapis.com/cc2so.fr/2023/12/04185201/Plaquette_AidesAuxEntreprises_2024_Web.pdf | https://aides.hautsdefrance.fr/sub/vue-api/aide/download-file-reglement?idDispositif=1098&csrfToken=undefined | https://www.cgss.re/sites/default/files/documents/conditions_generales_subvention_prevention_regionale_boulangerie_-_patisserie_janvier_2026.pdf | https://www.cgss.re/sites/default/files/documents/cg_subvention_prevention_regionale_prevention_des_risques_lies_aux_uv_solaires_et_a_la_chaleur_janvier_2026.pdf","A_REVERIFIER","81","19"
"ae_8003","Aide à l'investissement matériel","AIDE","REGIONAL","Bourgogne-Franche-Comté","Région Bourgogne-Franche-Comté","AVANCE_REMBOURSABLE","PME","","","","","20","30","","non","https://www.bourgognefranchecomte.fr/node/267","","A_REVERIFIER","69","16"
"ae_11773","Aide à l’investissement pour la création, l’équipement et la réhabilitation des salles de cinéma","AIDE","REGIONAL","Provence-Alpes-Côte d’Azur","Région Sud Provence-Alpes-Côte d'Azur","SUBVENTION","PME | ETI | GE","","","","","20","30","","non","https://www.maregionsud.fr/vos-aides/detail/soutien-a-linvestissement-pour-la-creation-lequipement-et-la-rehabilitation-des-salles-de-cinema","","A_REVERIFIER","75","16"
"ae_11095","Aide à l'investissement reprise d'entreprise TPE","AIDE","REGIONAL","Nouvelle-Aquitaine","Région Nouvelle-Aquitaine","SUBVENTION","PME","","","","","35","35","","non","https://les-aides.nouvelle-aquitaine.fr/amenagement-du-territoire/aide-linvestissement-reprise-dentreprise-tpe","","A_REVERIFIER","75","16"
"ae_12090","Aide à l'itinérance cyclable","AIDE","REGIONAL","Nouvelle-Aquitaine","Région Nouvelle-Aquitaine","SUBVENTION","PME","","","","","","","","non","https://les-aides.nouvelle-aquitaine.fr/economie-et-emploi/itinerance-cyclable","","A_REVERIFIER","69","16"
"ae_9446","Aide à la création","AIDE","REGIONAL","Bourgogne-Franche-Comté","Région Bourgogne-Franche-Comté","AVANCE_REMBOURSABLE","PME","","","","","20","20","","non","https://www.bourgognefranchecomte.fr/node/268","","A_REVERIFIER","69","16"
"ae_7218","Aide à la création d'emplois dans les entreprises culturelles","AIDE","REGIONAL","La Réunion","Région Réunion","SUBVENTION","PME | ETI | GE","","","","","40","50","","non","https://www.regionreunion.com/IMG/pdf/emplois_18.pdf","https://www.regionreunion.com/IMG/pdf/emplois_18.pdf","A_REVERIFIER","75","16"
"ae_8302","Aide à la création de nouvelles activités en économie circulaire","AIDE","REGIONAL","Nouvelle-Aquitaine","Région Nouvelle-Aquitaine","SUBVENTION","PME | ETI | GE","","","","","60","60","","non","https://les-aides.nouvelle-aquitaine.fr/transition-energetique-et-ecologique/creation-de-nouvelles-activites-en-economie-circulaire","","A_REVERIFIER","69","16"
"ae_12563","Aide à la création de ressources numériques pour l'apprentissage de la langue bretonne","AIDE","REGIONAL","Bretagne","Région Bretagne","SUBVENTION","PME | ETI | GE","","","","","75","75","2028-12-31","non","https://www.bretagne.bzh/aides/fiches/langue-bretonne-arload-creation-de-ressources-numeriques/","","A_REVERIFIER","75","19"
"ae_11779","Aide à la création et à la production d'oeuvres audiovisuelles de fiction","AIDE","REGIONAL","Provence-Alpes-Côte d’Azur","Région Sud Provence-Alpes-Côte d'Azur","SUBVENTION","PME","","","","","","","","non","https://www.maregionsud.fr/vos-aides/detail/soutien-a-la-creation-et-a-la-production-doeuvres-audiovisuelles-de-fiction","","A_REVERIFIER","75","16"
"ae_11772","Aide à la création et à la production d’œuvres d’animation","AIDE","REGIONAL","Provence-Alpes-Côte d’Azur","Région Sud Provence-Alpes-Côte d'Azur","SUBVENTION","PME","","","","","","","","non","https://www.maregionsud.fr/vos-aides/detail/soutien-a-la-creation-et-a-la-production-doeuvres-danimation","","A_REVERIFIER","75","16"
"ae_11776","Aide à la création et à la production d’œuvres de web-création","AIDE","REGIONAL","Provence-Alpes-Côte d’Azur","Région Sud Provence-Alpes-Côte d'Azur","SUBVENTION","PME","","","","","50","50","","non","https://www.maregionsud.fr/vos-aides/detail/soutien-a-la-creation-et-a-la-production-doeuvres-de-web-creation","","A_REVERIFIER","75","16"
"ae_11771","Aide à la création et à la production d'oeuvres documentaires","AIDE","REGIONAL","Provence-Alpes-Côte d’Azur","Région Sud Provence-Alpes-Côte d'Azur","SUBVENTION","PME","","","","","","","","non","https://www.maregionsud.fr/vos-aides/detail/soutien-a-la-creation-et-a-la-production-doeuvres-documentaires","","A_REVERIFIER","75","16"
"ae_11770","Aide à la création et à la production d’œuvres immersives","AIDE","REGIONAL","Provence-Alpes-Côte d’Azur","Région Sud Provence-Alpes-Côte d'Azur","SUBVENTION","PME","","","","","","","","non","https://www.maregionsud.fr/vos-aides/detail/soutien-a-la-creation-et-a-la-production-doeuvres-immersives","","A_REVERIFIER","75","16"
"ae_11778","Aide à la création et à la production de long métrage de fiction","AIDE","REGIONAL","Provence-Alpes-Côte d’Azur","Région Sud Provence-Alpes-Côte d'Azur","SUBVENTION","PME","","","","","","","","non","https://www.maregionsud.fr/vos-aides/detail/soutien-a-la-creation-et-a-la-production-de-long-metrage-de-fiction","","A_REVERIFIER","75","16"
"ae_10449","Aide à la création et au développement du livre audio","AIDE","NATIONAL","Toutes les Régions","Centre National du Livre (CNL)","SUBVENTION","PME | ETI | GE","","","","","60","60","2027-08-27","non","https://centrenationaldulivre.fr/aides-financement/aide-a-la-creation-et-au-developpement-du-livre-audio-dispositif-experimental","","A_REVERIFIER","81","19"
"ae_12028","Aide à la création ou à la reprise d’activité de disquaires indépendants","AIDE","NATIONAL","Toutes les Régions","Centre national de la musique (CNM)","SUBVENTION","PME","","","","","50","50","","non","https://cnm.fr/aides-financieres/disquaires/aide-a-la-creation-ou-a-la-reprise-dactivite-de-disquaires-independants/","","A_REVERIFIER","75","16"
"ae_12547","Aide à la création ou au développement d'une activité dans le secteur du tourisme gourmand","AIDE","REGIONAL","Auvergne-Rhône-Alpes","Région Auvergne-Rhône-Alpes","SUBVENTION","PME | ETI | GE","","","","","","","","non","https://www.auvergnerhonealpes.fr/aides/creer-ou-developper-une-activite-dans-le-secteur-du-tourisme-gourmand","","A_REVERIFIER","69","16"
"ae_11286","Aide à la création, à la diversification et à la modernisation des sites de visites et des activités de loisirs","AIDE","REGIONAL","Nouvelle-Aquitaine","Région Nouvelle-Aquitaine","SUBVENTION","PME","","","","","20","20","","non","https://les-aides.nouvelle-aquitaine.fr/economie-et-emploi/creation-diversification-et-modernisation-des-sites-de-visites-et-des-activites-de-loisirs","","A_REVERIFIER","75","16"
"ae_9542","Aide à la création, à la rénovation ou à la modernisation des hébergements touristiques","AIDE","REGIONAL","Auvergne-Rhône-Alpes","Région Auvergne-Rhône-Alpes","SUBVENTION","PME | ETI | GE","","","","","30","30","","non","https://www.auvergnerhonealpes.fr/aides/creer-renover-ou-moderniser-mon-hebergement-touristique","","A_REVERIFIER","69","16"
"ae_12304","Aide à la digitalisation des processus","AIDE","REGIONAL","Grand Est","Région Grand Est","SUBVENTION","PME | ETI | GE","","","","","50","100","","non","https://www.grandest.fr/vos-aides-regionales/industrie-digitalisation-processus/","","A_REVERIFIER","69","16"
"ae_7973","Aide à la distribution de films en salle","AIDE","NATIONAL","Toutes les Régions","Centre National du Cinéma (CNC)","SUBVENTION","PME | ETI | GE","","","","","20","50","","non","https://www.cnc.fr/professionnels/aides-et-financements/cinema/Distribution/contribution-du-cnc-a-la-distribution-de-films-en-salles_190678","","A_REVERIFIER","75","16"
"ae_6769","Aide à la distribution de la presse : presse française à l'étranger","AIDE","NATIONAL","Toutes les Régions","Ministère de la Culture ","SUBVENTION","PME","","","","","","","","non","https://www.culture.gouv.fr/Demarches-en-ligne/Par-type-de-demarche/Subvention/Aide-a-la-distribution-de-la-presse-Deuxieme-section","","A_REVERIFIER","75","16"
"ae_6768","Aide à la distribution de la presse : presse quotidienne d'information politique et générale en France","AIDE","NATIONAL","Toutes les Régions","Ministère de la Culture ","SUBVENTION","PME","","","","","","","","non","https://www.culture.gouv.fr/Demarches-en-ligne/Par-type-de-demarche/Subvention/Aide-a-la-distribution-de-la-presse-Premiere-section","","A_REVERIFIER","75","16"
"ae_12647","Aide à la distribution de la presse nationale au numéro","AIDE","NATIONAL","Toutes les Régions","Ministère de la Culture ","SUBVENTION","PME | ETI | GE","","","","","12.5","40","","non","https://www.legifrance.gouv.fr/jorf/id/JORFTEXT000054101032","","A_REVERIFIER","75","16"
"ae_11083","Aide à la faisabilité d'ouverture de l'entreprise au public","AIDE","REGIONAL","Auvergne-Rhône-Alpes","Région Auvergne-Rhône-Alpes","SUBVENTION","PME","","","2000","2000","50","50","","non","https://www.auvergnerhonealpes.fr/aides/etudier-la-faisabilite-douverture-de-mon-entreprise-au-public","","A_REVERIFIER","69","16"
"ae_9540","Aide à la faisabilité du projet d'hébergement touristique","AIDE","REGIONAL","Auvergne-Rhône-Alpes","Région Auvergne-Rhône-Alpes","SUBVENTION","PME | ETI | GE","","","","","50","50","","non","https://www.auvergnerhonealpes.fr/aides/etudier-la-faisabilite-de-mon-projet-dhebergement-touristique","","A_REVERIFIER","69","16"
"ae_8579","Aide à la fiction longue cinématographique et audiovisuelle","AIDE","REGIONAL","Bourgogne-Franche-Comté","Région Bourgogne-Franche-Comté","SUBVENTION","PME | ETI | GE","","","","","","","","non","https://www.bourgognefranchecomte.fr/node/635","","A_REVERIFIER","75","16"
"ae_12781","Aide à la lutte contre les pollutions - Déchets plastiques en milieux aquatiques","AIDE","REGIONAL","Provence-Alpes-Côte d’Azur","Région Sud Provence-Alpes-Côte d'Azur","SUBVENTION","PME | ETI | GE","","","","","30","30","","non","https://www.maregionsud.fr/vos-aides/detail/la-lutte-contre-les-pollutions-les-dechets-plastiques-en-milieux-aquatiques","","A_REVERIFIER","75","16"
"ae_10932","Aide à la méthanisation","AIDE","REGIONAL","Bourgogne-Franche-Comté","Région Bourgogne-Franche-Comté","SUBVENTION","PME | ETI | GE","","","","","","","","non","https://www.bourgognefranchecomte.fr/node/2813","","A_REVERIFIER","69","16"
"ae_12298","Aide à la mise en oeuvre de la DATA et de l'IA","AIDE","REGIONAL","Grand Est","Région Grand Est","SUBVENTION","PME | ETI | GE","","","","","50","100","","non","https://www.grandest.fr/vos-aides-regionales/module-numerique-data-ia/","","A_REVERIFIER","69","16"
"ae_2486","Aide à la mise en place d'un contrat de prévention des risques professionnels","AIDE","NATIONAL","Toutes les Régions","Cnam (Caisse nationale de l'assurance maladie)","SUBVENTION | AVANCE_REMBOURSABLE","PME","","","","","","","","non","https://www.ameli.fr/entreprise/sante-travail/aides-financieres-tpe/pme/contrat-prevention","","A_REVERIFIER","69","16"
"ae_12161","Aide à la mobilité des éditeurs","AIDE","REGIONAL","Provence-Alpes-Côte d’Azur","Région Sud Provence-Alpes-Côte d'Azur","SUBVENTION","PME | ETI | GE","","","","","80","80","","non","https://www.maregionsud.fr/vos-aides/detail/soutien-a-la-mobilite-des-editeurs-de-provence-alpes-cote-dazur","","A_REVERIFIER","69","16"
"ae_10977","Aide à la modernisation de salles de cinéma","AIDE","REGIONAL","Normandie","Région Normandie","SUBVENTION","PME","","","","","10","30","","non","https://www.normandie.fr/modernisation-de-salles-de-cinema","","A_REVERIFIER","69","16"
"ae_6384","Aide à la modernisation des diffuseurs de presse","AIDE","NATIONAL","Toutes les Régions","Ministère de la Culture ","SUBVENTION","PME | ETI | GE","","","","","60","90","","non","https://www.culture.gouv.fr/Thematiques/presse-ecrite/liste-des-aides-a-la-presse-et-des-appels-a-projets/L-aide-a-la-modernisation-des-diffuseurs","","A_REVERIFIER","69","16"
"ae_12140","Aide à la modernisation des officines dans les zones rurales","AIDE","REGIONAL","Auvergne-Rhône-Alpes","Région Auvergne-Rhône-Alpes","SUBVENTION","PME","","","","","50","50","","non","https://www.auvergnerhonealpes.fr/aides/moderniser-mon-officine-dans-les-zones-rurales-dauvergne-rhone-alpes","","A_REVERIFIER","69","16"
"ae_12514","Aide à la modernisation et à la création d’installations terminales embranchées (ITE)","AIDE","REGIONAL","Grand Est","Région Grand Est","SUBVENTION","PME | ETI | GE","","","","","50","50","","non","https://www.grandest.fr/vos-aides-regionales/modernisation-creation-installations-terminales-embranchees/","","A_REVERIFIER","69","16"
"ae_12167","Aide à la modernisation et à la montée en gamme des hébergements touristiques","AIDE","REGIONAL","Guadeloupe","Région Guadeloupe","SUBVENTION","PME","","","","","5","35","","non","https://aides.regionguadeloupe.fr/Aide-regionale-a-la-montee-en-gamme-des-hebergements-touristiques","","A_REVERIFIER","75","16"
"ae_5936","Aide à la numérisation rétrospective de revues","AIDE","NATIONAL","Toutes les Régions","Centre National du Livre (CNL)","SUBVENTION","PME","","","","","","","2026-10-29","non","https://centrenationaldulivre.fr/aides-financement/subvention-pour-la-numerisation-retrospective-de-revues","","A_REVERIFIER","81","19"
"ae_7963","Aide à la participation aux salons parisiens, à des showrooms et des plateformes digitales pour les Jeunes Entreprises de Création (JEC)","AIDE","NATIONAL","Toutes les Régions","DEFI - Comité de développement et de promotion de l'habillement","SUBVENTION","PME","","","","","10","75","","non","https://www.defimode.org/national/promotion-de-la-creation/salons-parisiens/","","A_REVERIFIER","69","16"
"ae_6453","Aide à la participation des maisons d'édition de Bretagne à des événements hors région","AIDE","REGIONAL","Bretagne","Région Bretagne","SUBVENTION","PME","","","","","50","50","","non","https://www.bretagne.bzh/aides/fiches/participation-editeurs-bretagne-evenements-hors-region/","","A_REVERIFIER","75","16"
"ae_12349","Aide à la première installation des artisans et commerçants en milieu rural","AIDE","REGIONAL","Grand Est","Région Grand Est","SUBVENTION","PME","","","","","30","30","","non","https://www.grandest.fr/vos-aides-regionales/aide-premiere-installation-rural/","","A_REVERIFIER","69","16"
"ae_6487","Aide à la préparation et à la publication de projets éditoriaux d'envergure","AIDE","REGIONAL","La Réunion","Région Réunion","SUBVENTION","PME","","","20000","20000","0","0","","non","http://www.regionreunion.com/IMG/pdf/editeurs__envergure_18.pdf","http://www.regionreunion.com/IMG/pdf/editeurs__envergure_18.pdf","A_REVERIFIER","81","16"
"ae_6351","Aide à la préparation pour les films d'animation de long métrage cinéma (passerelle)","AIDE","NATIONAL","Toutes les Régions","Centre National du Cinéma (CNC)","SUBVENTION","PME | ETI | GE","","","","","40","40","","non","https://www.cnc.fr/professionnels/aides-et-financements/cinema/aide-a-la-preparation-pour-les-films-danimation-de-long-metrage-cinema-passerelle_191712","","A_REVERIFIER","75","16"
"ae_6353","Aide à la préparation pour les oeuvres cinématographiques de long métrage","AIDE","NATIONAL","Toutes les Régions","Centre National du Cinéma (CNC)","SUBVENTION","PME | ETI | GE","","","","","","","","non","https://www.cnc.fr/professionnels/aides-et-financements/cinema/production/investissement-pour-la-preparation-pour-les-oeuvres-cinematographiques-de-long-metrage_191004","","A_REVERIFIER","75","16"
"ae_12538","Aide à la prévention des déchets et à la tarification incitative","AIDE","REGIONAL","Provence-Alpes-Côte d’Azur","Région Sud Provence-Alpes-Côte d'Azur","SUBVENTION","PME | ETI | GE","","","150000","300000","50","50","","non","https://www.maregionsud.fr/vos-aides/detail/soutien-prevention-dechets-et-tarification-incitative","","A_REVERIFIER","69","16"
"ae_7923","Aide à la production audiovisuelle et nouveaux médias - Documentaires","AIDE","REGIONAL","Grand Est","Région Grand Est","SUBVENTION","PME | ETI | GE","","","","","50","60","","non","https://www.grandest.fr/vos-aides-regionales/aide-a-production-audiovisuelle-nouveaux-medias-documentaire/","","A_REVERIFIER","75","16"
"ae_7922","Aide à la production audiovisuelle et nouveaux médias - Fiction (prise de vue réelle)","AIDE","REGIONAL","Grand Est | Toutes les Régions","Région Grand Est","SUBVENTION","PME | ETI | GE","","","","","","","","non","https://www.grandest.fr/vos-aides-regionales/aide-a-production-audiovisuelle-nouveaux-medias-fiction-prise-de-vue-reelle/","","A_REVERIFIER","75","16"
"ae_8578","Aide à la production cinématographique de courts métrages","AIDE","REGIONAL","Bourgogne-Franche-Comté","Région Bourgogne-Franche-Comté","SUBVENTION","PME","","","","","","","","non","https://www.bourgognefranchecomte.fr/node/278","","A_REVERIFIER","69","16"
"ae_11777","Aide à la production de court métrage de fiction","AIDE","REGIONAL","Provence-Alpes-Côte d’Azur","Région Sud Provence-Alpes-Côte d'Azur","SUBVENTION","PME","","","","","","","","non","https://www.maregionsud.fr/vos-aides/detail/soutien-a-la-production-de-court-metrage-de-fiction","","A_REVERIFIER","75","16"
"ae_7916","Aide à la production de courts métrages cinéma – Documentaire et fiction prise de vue réelle","AIDE","REGIONAL","Grand Est","Région Grand Est","SUBVENTION","PME | ETI | GE","","","","","80","80","","non","https://www.grandest.fr/vos-aides-regionales/aide-a-production-de-courts-metrages-cinema-documentaire-fiction-prise-de-vue-reelle/","","A_REVERIFIER","75","16"
"ae_8411","Aide à la production de jeux vidéos","AIDE","REGIONAL","Nouvelle-Aquitaine","Région Nouvelle-Aquitaine","SUBVENTION","PME","","","","","50","50","","non","https://les-aides.nouvelle-aquitaine.fr/economie-et-emploi/production-de-jeux-video-0","","A_REVERIFIER","69","16"
"ae_8450","Aide à la production de longs métrages cinéma - Documentaire et fiction prise de vue réelle","AIDE","REGIONAL","Grand Est","Région Grand Est","SUBVENTION","PME","","","","","50","60","","non","https://www.grandest.fr/vos-aides-regionales/aide-a-production-de-longs-metrages-cinema-documentaire-fiction-prise-de-vue-reelle","","A_REVERIFIER","75","16"
"ae_12031","Aide à la production de musique en images","AIDE","NATIONAL","Toutes les Régions","Centre national de la musique (CNM)","SUBVENTION","PME | ETI | GE","","","","","30","30","","non","https://cnm.fr/aides-financieres/aide-a-la-production-de-musique-en-images/","","A_REVERIFIER","75","16"
"ae_7924","Aide à la production de projets d'animation","AIDE","REGIONAL","Grand Est","Région Grand Est","SUBVENTION","PME | ETI | GE","","","","","","","","non","https://www.grandest.fr/vos-aides-regionales/soutien-a-la-production-de-projets-danimation/","","A_REVERIFIER","75","16"
"ae_12034","Aide à la production et à la diffusion de spectacle vivant","AIDE","NATIONAL","Toutes les Régions","Centre national de la musique (CNM)","SUBVENTION","PME | ETI | GE","","","","","50","50","","non","https://cnm.fr/aides-financieres/aide-a-la-production-et-a-la-diffusion-de-spectacle-vivant/","","A_REVERIFIER","75","16"
"ae_12033","Aide à la production phonographique","AIDE","NATIONAL","Toutes les Régions","Centre national de la musique (CNM)","SUBVENTION","PME | ETI | GE","","","","","40","40","","non","https://cnm.fr/aides-financieres/aide-a-la-production-phonographique/","","A_REVERIFIER","75","16"
"ae_12088","Aide à la promotion de la culture et des savoir-faire alpins","AIDE","REGIONAL","Provence-Alpes-Côte d’Azur","Région Sud Provence-Alpes-Côte d'Azur","SUBVENTION","PME","","","","","40","40","","non","https://www.maregionsud.fr/vos-aides/detail/promotion-de-la-culture-et-des-savoir-faire-alpins","","A_REVERIFIER","75","16"
"ae_6488","Aide à la publication d'ouvrages et de revues","AIDE","REGIONAL","La Réunion","Région Réunion","SUBVENTION","PME","","","5000","15000","50","50","","non","https://www.regionreunion.com/IMG/pdf/editeurs__classique_18.pdf","https://www.regionreunion.com/IMG/pdf/editeurs__classique_18.pdf","A_REVERIFIER","81","16"
"ae_8788","Aide à la réalisation de projets locaux en matière d’économie circulaire et de déchets","AIDE","REGIONAL","Occitanie","Région Occitanie","SUBVENTION","PME | ETI | GE","","","","","30","40","","non","https://www.laregion.fr/Aides-regionales-a-la-realisation-de-projets-locaux-en-matiere-d","","A_REVERIFIER","69","16"
"ae_12309","Aide à la réalisation des travaux en domaine privé pour le raccordement à un réseau en fibre optique","AIDE","NATIONAL","Toutes les Régions","Ministère de l’Economie, des Finances et de la Souveraineté Industrielle, Energétique et Numérique","SUBVENTION","PME","","","","","","","2027-01-31","non","https://www.asp.gouv.fr/aides/fibre-optique-aide-au-raccordement","","A_REVERIFIER","75","19"
"ae_612","Aide à la réalisation du contrat pour la mixité des emplois et l'égalité professionnelle","AIDE","NATIONAL","Toutes les Régions","Ministère du Travail et des Solidarités","SUBVENTION","PME | ETI | GE","","","","","30","50","","non","http://circulaire.legifrance.gouv.fr/pdf/2012/02/cir_34661.pdf","","A_REVERIFIER","69","16"
"ae_12301","Aide à la réalité virtuelle augmentée","AIDE","REGIONAL","Grand Est","Région Grand Est","SUBVENTION","PME | ETI | GE","","","","","50","100","","non","https://www.grandest.fr/vos-aides-regionales/module-industrie-5-0-realite-virtuelle/","","A_REVERIFIER","69","16"
"ae_10776","Aide à la recherche de financements européens","AIDE","REGIONAL","Auvergne-Rhône-Alpes","Région Auvergne-Rhône-Alpes","SUBVENTION","PME | ETI | GE","","","1000","300000","70","70","","non","https://www.auvergnerhonealpes.fr/aides/region-industrie-chercher-des-financements-europeens","","A_REVERIFIER","75","16"
"ae_11098","Aide à la Recherche et Développement des TPE","AIDE","REGIONAL","Nouvelle-Aquitaine","Région Nouvelle-Aquitaine","SUBVENTION","PME","","","","","50","50","","non","https://les-aides.nouvelle-aquitaine.fr/amenagement-du-territoire/aide-la-recherche-et-developpement-des-tpe","","A_REVERIFIER","75","16"
"ae_7621","Aide à la réécriture de scénarios","AIDE","NATIONAL","Toutes les Régions","Centre National du Cinéma (CNC)","SUBVENTION","PME | ETI | GE","","","","","","","2026-11-19","non","https://www.cnc.fr/professionnels/aides-et-financements/cinema/scenario/soutien-au-scenario-aide-a-la-reecriture_191508","","A_REVERIFIER","81","19"
"ae_11675","Aide à la réhabilitation des commerces","AIDE","REGIONAL","Hauts-de-France","Région Hauts-de-France","SUBVENTION","PME","","","","","40","80","","non","https://aides.hautsdefrance.fr/sub/tiers/aides/details/?sigle=REHA","","A_REVERIFIER","69","16"
"ae_9173","Aide à la rénovation des points de ventes fixes, artisanaux, commerciaux ou de services","AIDE","REGIONAL","Hauts-de-France","Région Hauts-de-France","SUBVENTION","PME","","","300000","300000","40","80","","non","https://guide-aides.hautsdefrance.fr/spip.php?page=dispositif&id_dispositif=768","","A_REVERIFIER","75","16"
"ae_8025","Aide à la reprise d'hôtels","AIDE","REGIONAL","Bourgogne-Franche-Comté","Région Bourgogne-Franche-Comté","AVANCE_REMBOURSABLE","PME","","","","","","","","non","https://www.bourgognefranchecomte.fr/node/3855","","A_REVERIFIER","69","16"
"ae_12011","Aide à la restructuration économique","AIDE","NATIONAL","Toutes les Régions","Centre national de la musique (CNM)","SUBVENTION","PME | ETI | GE","","","","","25","25","","non","https://cnm.fr/aides-financieres/aide-a-la-restructuration-economique/","","A_REVERIFIER","69","16"
"ae_5881","Aide à la sécurisation des débits de tabac","AIDE","NATIONAL","Toutes les Régions","Ministère de l’Economie, des Finances et de la Souveraineté Industrielle, Energétique et Numérique","SUBVENTION","PME","","","","","","","","non","https://www.douane.gouv.fr/fiche/aide-la-securite-des-debits-de-tabac","","A_REVERIFIER","75","16"
"ae_12297","Aide à la stratégie RSE","AIDE","REGIONAL","Grand Est","Région Grand Est","SUBVENTION","PME","","","","","50","100","","non","https://www.grandest.fr/vos-aides-regionales/strategie-entreprise-rse/","","A_REVERIFIER","69","16"
"ae_5818","Aide à la traduction d'ouvrages étrangers en français","AIDE","NATIONAL","Toutes les Régions","Centre National du Livre (CNL)","SUBVENTION","PME","","","","","","","2026-10-29","non","https://centrenationaldulivre.fr/aides-financement/subvention-aux-editeurs-pour-la-traduction-d-ouvrages-en-langue-francaise","","A_REVERIFIER","81","19"
"ae_6444","Aide à la traduction d'ouvrages français en langues étrangères","AIDE","NATIONAL","Toutes les Régions","Centre National du Livre (CNL)","SUBVENTION","PME","","","","","","","2026-10-29","non","https://centrenationaldulivre.fr/aides-financement/subvention-aux-editeurs-pour-la-traduction-d-ouvrages-francais-en-langues","","A_REVERIFIER","81","19"
"ae_12342","Aide à la traduction de ressources numériques en langue bretonne","AIDE","REGIONAL","Bretagne","Région Bretagne","SUBVENTION","PME | ETI | GE","","","","","50","80","2028-12-31","non","https://www.bretagne.bzh/aides/fiches/langue-bretonne-stlenn-traduction-de-ressources-numeriques/","","A_REVERIFIER","75","19"
"ae_7710","Aide à la traduction littéraire en langue bretonne","AIDE","REGIONAL","Bretagne","Région Bretagne","SUBVENTION","PME","","","","","90","90","","non","https://www.bretagne.bzh/aides/fiches/traduction-litteraire-breton/","","A_REVERIFIER","75","16"
"ae_11167","Aide à la transformation des débits de tabac ordinaires","AIDE","NATIONAL","Toutes les Régions","Ministère de l’Economie, des Finances et de la Souveraineté Industrielle, Energétique et Numérique","SUBVENTION","PME","","","","","","","2027-12-31","non","https://www.legifrance.gouv.fr/jorf/id/JORFTEXT000047745560","","A_REVERIFIER","75","19"
"ae_7344","Aide à la transformation et à la commercialisation des produits halieutiques","AIDE","REGIONAL","Guadeloupe","Région Guadeloupe","SUBVENTION","PME","","","","","75","75","","non","https://aides.regionguadeloupe.fr/Transformation-et-commercialisation-des-produits-halieutiques","","A_REVERIFIER","69","16"
"ae_12753","Aide à la trésorerie pour les entreprises de transport public fluvial de marchandises ou de personnes ou mixte par pirogue en Guyane","AIDE","REGIONAL","Guyane","Ministère de l’Economie, des Finances et de la Souveraineté Industrielle, Energétique et Numérique | Ministère des Outre-Mer","SUBVENTION","PME","","","","","","","","non","https://www.legifrance.gouv.fr/jorf/id/JORFTEXT000054424002","","A_REVERIFIER","69","16"
"ae_12305","Aide à une démarche de biodiversité","AIDE","REGIONAL","Grand Est","Région Grand Est","SUBVENTION","PME | ETI | GE","","","","","50","100","","non","https://www.grandest.fr/vos-aides-regionales/modules-transformants-biodiversite/","","A_REVERIFIER","75","16"
"ae_412","Aide après réalisation pour le cinéma","AIDE","REGIONAL","Île-de-France","Région Ile-de-France","SUBVENTION","PME","","","","","","","","non","https://www.iledefrance.fr/aides-et-appels-a-projets/aide-apres-realisation-cinema","","A_REVERIFIER","75","16"
"ae_7730","Aide au codéveloppement et à la coproduction d’œuvres cinématographiques et audiovisuelles franco-italiennes","AAP / AMI","NATIONAL","Toutes les Régions","Centre National du Cinéma (CNC)","SUBVENTION","PME | ETI | GE","","","50000","200000","40","80","2026-12-03","non","https://www.cnc.fr/professionnels/aides-et-financements/multi-sectoriel/aide-au-codeveloppement-et-a-la-coproduction-doeuvres-cinematographiques-et-audiovisuelles-francoitaliennes_1380304","https://www.cnc.fr/documents/36995/176210/Formulaire+de+demande+d%E2%80%99aide+au+cod%C3%A9veloppement+franco-italien.xlsx/24f79725-358e-6ff6-960a-ce57301bde1d?t=1581408531318 | https://www.cnc.fr/documents/36995/176210/Formulaire+de+demande+d%E2%80%99aide+%C3%A0+la+coproduction+d%E2%80%99%C5%93uvres+cin%C3%A9matographiques+franco-italiennes+%E2%80%93+FICTION+-.xlsx/d76d6840-87ca-77a0-7759-4938dc316d91?t=1658222302929 | https://www.cnc.fr/documents/36995/176210/Formulaire+de+demande+d%E2%80%99aide+%C3%A0+la+coproduction+d%E2%80%99%C5%93uvres+cin%C3%A9matographiques+franco-italiennes+%E2%80%93+DOCUMENTAIRE+-.xlsx/26828696-8e79-c29c-c5d2-6f035ffde96b?t=1658222394258 | https://www.cnc.fr/documents/36995/176210/Formulaire+de+demande+d%E2%80%99aide+%C3%A0+la+coproduction+d%E2%80%99%C5%93uvres+cin%C3%A9matographiques+franco-italiennes+%E2%80%93+ANIMATION+-.xlsx/8fcfe66b-9af3-db8d-201d-74e118ad918e?t=1658222421248 | https://www.cnc.fr/documents/36995/176210/Formulaire+de+demande+de+d%C3%A9rogation+clause+type.docx/1beae90d-68cc-b55c-32a5-93bb299b1729?t=1643879072046 | https://www.cnc.fr/documents/36995/176210/Formulaire+de+candidature+%C3%A0+l%27aide+franco-italienne.xlsx/24f79725-358e-6ff6-960a-ce57301bde1d","A_REVERIFIER","81","22"
"ae_8661","Aide au conseil à l'économie circulaire","AIDE","REGIONAL","Nouvelle-Aquitaine","Région Nouvelle-Aquitaine","SUBVENTION","PME | ETI | GE","","","","","70","70","","non","https://les-aides.nouvelle-aquitaine.fr/transition-energetique-et-ecologique/conseil-leconomie-circulaire","","A_REVERIFIER","69","16"
"ae_7680","Aide au conseil en ressources humaines","AIDE","NATIONAL","Toutes les Régions","Ministère du Travail et des Solidarités","SUBVENTION","PME","","","","","","","","non","https://travail-emploi.gouv.fr/emploi/accompagnement-des-tpe-pme/tpe-pme/gerer-mes-ressources-humaines/article/la-prestation-de-conseil-en-ressources-humaines-pour-les-tpe-pme","https://www.legifrance.gouv.fr/download/pdf/circ?id=45368","A_REVERIFIER","69","16"
"ae_12738","Aide au déploiement d'engins de chantier électriques","AIDE","NATIONAL","Toutes les Régions","ADEME","SUBVENTION","PME | ETI | GE","","","300000","300000","20","20","2026-12-31","non","https://agirpourlatransition.ademe.fr/entreprises/aides-financieres/catalogue/2026/engins-de-chantier-electriques-2026-programme-cee-e-trans","","A_REVERIFIER","81","19"
"tee_dg_137","Aide au déploiement de flottes hydrogène","AIDE","NATIONAL","Toutes les Régions","Transition écologique des entreprises — catalogue ouvert","SUBVENTION","","","","","","","","","non","https://mission-transition-ecologique.beta.gouv.fr/aides-entreprise/deploiement-flottes-hydrogene?utm_campaign=openData","","A_REVERIFIER","38","3"
"ae_12285","Aide au déploiement de flottes hydrogènes","AIDE","REGIONAL","Bourgogne-Franche-Comté","Région Bourgogne-Franche-Comté","SUBVENTION","PME | ETI | GE","","","","","40","50","2026-12-31","non","https://www.bourgognefranchecomte.fr/node/3833","","A_REVERIFIER","75","19"
"ae_9632","Aide au développement d’œuvres cinématographiques de longue durée","AIDE","NATIONAL","Toutes les Régions","Centre National du Cinéma (CNC)","SUBVENTION | AVANCE_REMBOURSABLE","PME | ETI | GE","","","","","","","2026-10-09","non","https://www.cnc.fr/professionnels/aides-et-financements/cinema/ecriture-et-developpement/aide-au-developpement-doeuvres-cinematographiques-de-longue-duree_191036","","A_REVERIFIER","75","19"
"ae_5368","Aide au développement de l'offre de produits touristiques","AIDE","REGIONAL","Guadeloupe","Région Guadeloupe","SUBVENTION","PME","","","","","5","35","","non","https://aides.regionguadeloupe.fr/Dispositif-Regional-de-developpement-de-produits-touristiques","","A_REVERIFIER","75","16"
"ae_11192","Aide au développement de projets d'animation","AIDE","REGIONAL","Grand Est","Région Grand Est","SUBVENTION","PME | ETI | GE","","","","","","","","non","https://www.grandest.fr/vos-aides-regionales/soutien-au-developpement-de-projet-danimation/","","A_REVERIFIER","75","16"
"ae_11618","Aide au développement de prototypes fonctionnels","AIDE","REGIONAL","Auvergne-Rhône-Alpes","Région Auvergne-Rhône-Alpes","SUBVENTION","PME | ETI | GE","","","","","","","","non","https://www.auvergnerhonealpes.fr/aides/financer-le-developpement-de-prototypes-fonctionnels-avec-les-partenariats-dinnovation","","A_REVERIFIER","75","16"
"ae_9334","Aide au développement deeptech (AAD)","AIDE","NATIONAL","Toutes les Régions","Bpifrance ","SUBVENTION | AVANCE_REMBOURSABLE","PME | ETI | GE","","","","","45","45","","non","https://www.bpifrance.fr/Toutes-nos-solutions/Aides-concours-et-labels/Aides-a-l-innovation-projets-individuels/Aide-au-developpement-deeptech","","A_REVERIFIER","63","16"
"ae_11963","Aide au développement des activités oenotouristiques","AIDE","REGIONAL","Bourgogne-Franche-Comté","Région Bourgogne-Franche-Comté","SUBVENTION","PME","","","","","20","20","","non","https://www.bourgognefranchecomte.fr/node/3865","","A_REVERIFIER","75","16"
"ae_11965","Aide au développement des activités touristiques","AIDE","REGIONAL","Bourgogne-Franche-Comté","Région Bourgogne-Franche-Comté","SUBVENTION","PME","","","","","20","50","","non","https://www.bourgognefranchecomte.fr/node/3993","","A_REVERIFIER","75","16"
"ae_8035","Aide au développement des grandes entreprises","AIDE","REGIONAL","Hauts-de-France","Région Hauts-de-France","SUBVENTION","ETI | GE","","","","","","","","non","https://guide-aides.hautsdefrance.fr/spip.php?page=dispositif&id_dispositif=682","","A_REVERIFIER","75","16"
"ae_12535","Aide au développement des installations géothermiques","AIDE","REGIONAL","Occitanie","Région Occitanie","SUBVENTION","PME | ETI | GE","","","","","30","30","2026-12-31","non","https://www.laregion.fr/Aide-regionale-au-developpement-des-installations-geothermiques","","A_REVERIFIER","75","19"
"ae_11964","Aide au développement des itinéraires touristiques fluviaux, vélo, pédestres et équestres","AIDE","REGIONAL","Bourgogne-Franche-Comté","Région Bourgogne-Franche-Comté","SUBVENTION","PME","","","","","","","","non","https://www.bourgognefranchecomte.fr/node/3869","","A_REVERIFIER","75","16"
"ae_10842","Aide au développement des œuvres cinématographiques et audiovisuelles ou à destination des nouveaux médias","AIDE","NATIONAL","Toutes les Régions","Région Grand Est","SUBVENTION","PME | ETI | GE","","","","","","","","non","https://www.grandest.fr/vos-aides-regionales/aide-developpement-oeuvres-cinematographiques-audiovisuelles-a-destination-nouveaux-medias/","","A_REVERIFIER","75","16"
"ae_11879","Aide au développement des PME ayant un projet structurant fortement créateur d'emplois","AIDE","REGIONAL","Hauts-de-France","Région Hauts-de-France","SUBVENTION","PME","","","","","","","","non","https://guide-aides.hautsdefrance.fr/dispositif1006","","A_REVERIFIER","75","16"
"ae_11878","Aide au développement des PME réalisant un saut technologique","AIDE","REGIONAL","Hauts-de-France","Région Hauts-de-France","SUBVENTION","PME","","","","","20","20","","non","https://guide-aides.hautsdefrance.fr/dispositif1005","","A_REVERIFIER","69","16"
"ae_8034","Aide au développement des TPE artisanales, commerciales et de services","AIDE","REGIONAL","Hauts-de-France","Région Hauts-de-France","SUBVENTION","PME","","","","","20","20","","non","https://guide-aides.hautsdefrance.fr/spip.php?page=dispositif&id_dispositif=681","","A_REVERIFIER","75","16"
"ae_12012","Aide au développement économique","AIDE","NATIONAL","Toutes les Régions","Centre national de la musique (CNM)","SUBVENTION","PME | ETI | GE","","","","","50","50","","non","https://cnm.fr/aides-financieres/aide-au-developpement-economique/","","A_REVERIFIER","69","16"
"ae_12008","Aide au développement éditorial","AIDE","NATIONAL","Toutes les Régions","Centre national de la musique (CNM)","SUBVENTION","PME | ETI | GE","","","","","45","45","","non","https://cnm.fr/aides-financieres/editeurs/developpement-editorial/","","A_REVERIFIER","75","16"
"ae_10648","Aide au développement et à la diversification de l'offre des stations de montagne","AIDE","REGIONAL","Grand Est","Région Grand Est","SUBVENTION","PME | ETI | GE","","","","","20","20","","non","https://www.grandest.fr/vos-aides-regionales/developper-et-diversifier-loffre-des-stations-de-montagne/","","A_REVERIFIER","75","16"
"ae_12581","Aide au développement et à la valorisation de l'image digitale pour les métiers d'art","AIDE","REGIONAL","Pays de la Loire","CMA Pays de la Loire  | Région Pays de la Loire","SUBVENTION","PME","","","","","50","50","","non","https://www.paysdelaloire-metiersdart.com/actualites/aide-financiere-au-developpement-et-a-la-valorisation-de-son-image-digitale-2","","A_REVERIFIER","69","16"
"ae_12134","Aide au développement par l'innovation sociale","AIDE","REGIONAL","Hauts-de-France","Région Hauts-de-France","SUBVENTION","PME","","","","","","","","non","https://guide-aides.hautsdefrance.fr/dispositif1018","","A_REVERIFIER","75","16"
"ae_8280","Aide au diagnostic Data Intelligence Artificielle","AIDE","NATIONAL","Toutes les Régions","Bpifrance ","SUBVENTION","PME | ETI | GE","","","","","25","25","","non","https://www.bpifrance.fr/catalogue-offres/diagnostic-data-intelligence-artificielle","","A_REVERIFIER","69","16"
"ae_10020","Aide au documentaire cinématographique audiovisuel","AIDE","REGIONAL","Bourgogne-Franche-Comté","Région Bourgogne-Franche-Comté","SUBVENTION","PME | ETI | GE","","","300000","300000","","","","non","https://www.bourgognefranchecomte.fr/node/636","","A_REVERIFIER","69","16"
"ae_11378","Aide au financement de la reprise d’entreprises à la barre du tribunal","AIDE","REGIONAL","Bourgogne-Franche-Comté","Région Bourgogne-Franche-Comté","AVANCE_REMBOURSABLE","PME","","","","","","","","non","https://www.bourgognefranchecomte.fr/node/283","","A_REVERIFIER","63","16"
"tee_dg_111","Aide au financement en Occitanie","AIDE","NATIONAL","Toutes les Régions","Transition écologique des entreprises — catalogue ouvert","SUBVENTION","","","","","","","","","non","https://mission-transition-ecologique.beta.gouv.fr/aides-entreprise/aide-financement-occitanie?utm_campaign=openData","","A_REVERIFIER","38","3"
"ae_6771","Aide au pluralisme de la presse périodique régionale et locale (PPR)","AIDE","NATIONAL","Toutes les Régions","Ministère de la Culture ","SUBVENTION","PME","","","","","","","","non","https://www.culture.gouv.fr/catalogue-des-demarches-et-subventions/subvention/aide-au-pluralisme-de-la-presse-periodique-regionale-et-locale-ppr","","A_REVERIFIER","75","16"
"ae_10033","Aide au poste pour les entreprises adaptées hors expérimentation","AIDE","NATIONAL","Toutes les Régions","Ministère du Travail et des Solidarités","SUBVENTION","PME","","","3902","19626","","","","non","https://travail-emploi.gouv.fr/les-entreprises-adaptees-ea","","A_REVERIFIER","69","16"
"ae_6452","Aide au programme éditorial","AIDE","REGIONAL","Bretagne","Région Bretagne","SUBVENTION","PME","","","","","20","40","","non","https://www.bretagne.bzh/aides/fiches/programme-editorial/","","A_REVERIFIER","75","16"
"ae_11775","Aide au programme éditorial","AIDE","REGIONAL","Provence-Alpes-Côte d’Azur","Région Sud Provence-Alpes-Côte d'Azur","SUBVENTION","PME","","","","","","","","non","https://www.maregionsud.fr/vos-aides/detail/soutien-au-programme-editorial","","A_REVERIFIER","75","16"
"ae_6454","Aide au projet éditorial exceptionnel","AIDE","REGIONAL","Bretagne","Région Bretagne","SUBVENTION","PME","","","","","50","50","","non","https://www.bretagne.bzh/aides/fiches/livre-projet-editorial-exceptionnel/","","A_REVERIFIER","75","16"
"ae_12308","Aide au prototypage de jeux vidéo","AIDE","REGIONAL","Grand Est","Région Grand Est","SUBVENTION","PME | ETI | GE","","","","","50","50","","non","https://www.grandest.fr/vos-aides-regionales/prototypage-jeux-video/","","A_REVERIFIER","69","16"
"ae_12523","Aide au prototypage de vidéo","AIDE","REGIONAL","Occitanie","Région Occitanie","SUBVENTION","PME | ETI | GE","","","","","","","","non","https://www.laregion.fr/Dispositif-d-aide-au-prototypage-de-jeu-video","","A_REVERIFIER","75","16"
"ae_11774","Aide au prototypage et à la production de jeu vidéo","AIDE","REGIONAL","Provence-Alpes-Côte d’Azur","Région Sud Provence-Alpes-Côte d'Azur","SUBVENTION","PME","","","","","","","","non","https://www.maregionsud.fr/vos-aides/detail/soutien-au-prototypage-et-a-la-production-de-jeu-video","","A_REVERIFIER","75","16"
"ae_3276","Aide au recrutement de cadres et au recrutement d’assistant(e) export","AIDE","REGIONAL","Bourgogne-Franche-Comté","Région Bourgogne-Franche-Comté","AVANCE_REMBOURSABLE","PME","","","","","","","","non","https://www.bourgognefranchecomte.fr/node/297","","A_REVERIFIER","69","16"
"ae_12106","Aide au recyclage et valorisation des matières et des ressources","AIDE","REGIONAL","Normandie","Région Normandie","SUBVENTION","PME","","","","","","","","non","https://www.normandie.fr/recyclage-et-valorisation-des-matieres-et-des-ressources","","A_REVERIFIER","75","16"
"ae_11381","Aide au tourisme de savoir-faire en Auvergne-Rhône-Alpes","AIDE","REGIONAL","Auvergne-Rhône-Alpes","Région Auvergne-Rhône-Alpes","SUBVENTION","PME","","","","","","","","non","https://www.auvergnerhonealpes.fr/aides/developper-le-tourisme-de-savoir-faire-en-auvergne-rhone-alpes","","A_REVERIFIER","69","16"
"ae_12782","Aide au tri et à la valorisation des biodéchets pour un retour au sol de la matière organique","AIDE","REGIONAL","Provence-Alpes-Côte d’Azur","Région Sud Provence-Alpes-Côte d'Azur","SUBVENTION","PME | ETI | GE","","","","","50","50","","non","https://www.maregionsud.fr/vos-aides/detail/trier-et-valoriser-les-biodechets-pour-un-retour-au-sol-de-la-matiere-organique","","A_REVERIFIER","69","16"
"ae_10651","Aide automatique ou allocation directe aux effets visuels numériques","AIDE","NATIONAL","Toutes les Régions","Centre National du Cinéma (CNC)","SUBVENTION","PME","","","","","20","20","","non","https://www.cnc.fr/professionnels/aides-et-financements/multi-sectoriel/production/aide-automatique-ou-allocation-directe-aux-effets-visuels-numeriques-anciennement-cvsa_1664125","","A_REVERIFIER","75","16"
"ae_8662","Aide aux actions collectives dans l'économie circulaire","AIDE","REGIONAL","Nouvelle-Aquitaine","Région Nouvelle-Aquitaine","SUBVENTION","PME | ETI | GE","","","","","50","80","","non","https://les-aides.nouvelle-aquitaine.fr/transition-energetique-et-ecologique/actions-collectives-dans-leconomie-circulaire","","A_REVERIFIER","69","16"
"ae_12067","Aide aux campings de tourisme indépendants - Communes hors littoral","AIDE","REGIONAL","Nouvelle-Aquitaine","Région Nouvelle-Aquitaine","SUBVENTION","PME","","","","","25","25","","non","https://les-aides.nouvelle-aquitaine.fr/amenagement-du-territoire/campings-de-tourisme-independants","","A_REVERIFIER","75","16"
"tee_dg_159","Aide aux campings indépendants de Bourgogne-Franche-Comté","AIDE","NATIONAL","Toutes les Régions","Transition écologique des entreprises — catalogue ouvert","SUBVENTION","","","","","","","","","non","https://mission-transition-ecologique.beta.gouv.fr/aides-entreprise/camping-independant-bfc?utm_campaign=openData","","A_REVERIFIER","38","3"
"tee_dg_155","Aide aux campings indépendants de Nouvelle-Aquitaine","AIDE","NATIONAL","Toutes les Régions","Transition écologique des entreprises — catalogue ouvert","SUBVENTION","","","","","","","","","non","https://mission-transition-ecologique.beta.gouv.fr/aides-entreprise/camping-independant-na?utm_campaign=openData","","A_REVERIFIER","38","3"
"ae_8479","Aide aux cinémas du monde","AAP / AMI","NATIONAL","Toutes les Régions","Centre National du Cinéma (CNC)","SUBVENTION","PME | ETI | GE","","","","","","","2026-11-23","non","https://www.cnc.fr/professionnels/aides-et-financements/multi-sectoriel/production/aide-aux-cinemas-du-monde_190862#Prochaines-Commissions","","A_REVERIFIER","81","19"
"ae_11100","Aide aux commerces/TPE & services du quotidien","AIDE","REGIONAL","Nouvelle-Aquitaine","Région Nouvelle-Aquitaine","SUBVENTION","PME","","","","","50","50","","non","https://les-aides.nouvelle-aquitaine.fr/amenagement-du-territoire/aide-aux-commercestpe-services-du-quotidien","","A_REVERIFIER","75","16"
"ae_11101","Aide aux derniers commerces multi-services et TPE","AIDE","REGIONAL","Nouvelle-Aquitaine","Région Nouvelle-Aquitaine","SUBVENTION","PME","","","","","50","50","","non","https://les-aides.nouvelle-aquitaine.fr/amenagement-du-territoire/aide-aux-derniers-commerces-multi-services-et-tpe","","A_REVERIFIER","75","16"
"ae_12030","Aide aux disquaires indépendants","AIDE","NATIONAL","Toutes les Régions","Centre national de la musique (CNM)","SUBVENTION","PME","","","","","50","70","","non","https://cnm.fr/aides-financieres/disquaires/aide-a-la-modernisation-et-au-developpement-des-disquaires-independants/","","A_REVERIFIER","69","16"
"ae_10881","Aide aux entreprises exposées à un risque significatif de fuite de carbone","AIDE","NATIONAL","Toutes les Régions","Ministère de l’Economie, des Finances et de la Souveraineté Industrielle, Energétique et Numérique","SUBVENTION","PME | ETI | GE","","","","","1.5","75","","non","https://www.legifrance.gouv.fr/jorf/id/JORFTEXT000051661873","https://www.legifrance.gouv.fr/jorf/id/JORFTEXT000053555337","A_REVERIFIER","81","16"
"ae_12658","Aide aux entreprises supportant une charge élevée de redevance sur la consommation d'eau potable au regard de leur valeur ajoutée","AIDE","NATIONAL","Toutes les Régions","Ministère de la Transition écologique, de la biodiversité et des négociations internationales sur le climat et la nature","SUBVENTION","PME | ETI | GE","","","300000","300000","","","2027-03-01","non","https://www.legifrance.gouv.fr/jorf/id/JORFTEXT000054125187","","A_REVERIFIER","75","19"
"ae_11781","Aide aux études de faisabilité méthanisation","AIDE","REGIONAL","Grand Est","ADEME | Région Grand Est","SUBVENTION","PME | ETI | GE","","","","","50","70","","non","https://www.climaxion.fr/docutheque/soutien-aux-etudes-faisabilite-methanisation","","A_REVERIFIER","69","16"
"ae_11012","Aide aux études de faisabilité pour des projets de méthanisation","AIDE","REGIONAL","Provence-Alpes-Côte d’Azur","Région Sud Provence-Alpes-Côte d'Azur","SUBVENTION","PME | ETI | GE","","","","","50","70","","non","https://www.maregionsud.fr/vos-aides/detail/etude-de-faisabilite-pour-des-projets-de-methanisation","","A_REVERIFIER","69","16"
"ae_11015","Aide aux études de faisabilité pour des projets de récupération de chaleur fatale","AIDE","REGIONAL","Provence-Alpes-Côte d’Azur","Région Sud Provence-Alpes-Côte d'Azur","SUBVENTION","PME | ETI | GE","","","","","50","70","","non","https://www.maregionsud.fr/vos-aides/detail/etude-de-faisabilite-pour-des-projets-de-recuperation-de-chaleur-fatale","","A_REVERIFIER","69","16"
"ae_10630","Aide aux études en faveur de la mise en œuvre des thématiques stratégiques régionales coordonnées","AIDE","REGIONAL","Bretagne","Région Bretagne","SUBVENTION","PME | ETI | GE","","","","","50","50","","non","https://www.bretagne.bzh/aides/fiches/tourisme-etudes-en-faveur-de-la-mise-en-oeuvre-des-thematiques-strategiques-regionales-coordonnees/","","A_REVERIFIER","75","16"
"ae_12041","Aide aux études et travaux pour des projets de Bois Energie","AIDE","REGIONAL","Provence-Alpes-Côte d’Azur","Région Sud Provence-Alpes-Côte d'Azur","SUBVENTION","PME | ETI | GE","","","","","25","70","","non","https://www.maregionsud.fr/vos-aides/detail/etudes-et-travaux-pour-des-projets-de-bois-energie","","A_REVERIFIER","69","16"
"ae_11703","Aide aux études multi-acteurs pour la décarbonation de la mobilité lourde ou intensive","AIDE","REGIONAL","Nouvelle-Aquitaine","Région Nouvelle-Aquitaine","SUBVENTION","PME | ETI | GE","","","","","20","50","2026-12-31","non","https://les-aides.nouvelle-aquitaine.fr/amenagement-du-territoire/etudes-multi-acteurs-pour-la-decarbonation-de-la-mobilite-lourde-ou-intensive","","A_REVERIFIER","75","19"
"ae_12284","Aide aux études pour une installation hydroélectrique","AIDE","REGIONAL","Auvergne-Rhône-Alpes | Bourgogne-Franche-Comté | La Réunion | Nouvelle-Aquitaine | Provence-Alpes-Côte d’Azur","ADEME","SUBVENTION","PME | ETI | GE","","","","","70","70","2026-12-31","non","https://agirpourlatransition.ademe.fr/entreprises/aides-financieres/catalogue/2026/etudes-pour-une-installation-hydroelectrique","","A_REVERIFIER","75","19"
"ae_8062","Aide aux événements territoriaux à vocation économique des filières régionales","AIDE","REGIONAL","Nouvelle-Aquitaine","Région Nouvelle-Aquitaine","SUBVENTION","PME | ETI | GE","","","","","","","2030-12-30","non","https://les-aides.nouvelle-aquitaine.fr/economie-et-emploi/soutien-aux-manifestations-locales-et-regionales-hors-filieres-agricoles","","A_REVERIFIER","75","19"
"ae_12449","Aide aux évènements touristiques","AIDE","REGIONAL","Grand Est","Région Grand Est","SUBVENTION","PME | ETI | GE","","","","","15","80","","non","https://www.grandest.fr/vos-aides-regionales/accompagner-les-evenements/","","A_REVERIFIER","75","16"
"ae_11384","Aide aux événements touristiques d'envergure régionale","AIDE","REGIONAL","Normandie","Région Normandie","SUBVENTION","PME | ETI | GE","","","","","20","20","","non","https://www.normandie.fr/evenements-touristiques-denvergure-regionale","","A_REVERIFIER","69","16"
"ae_12036","Aide aux festivals","AIDE","NATIONAL","Toutes les Régions","Centre national de la musique (CNM) | Centre National du Cinéma (CNC)","SUBVENTION","PME | ETI | GE","","","","","","","","non","https://cnm.fr/aides-financieres/spectacle-vivant/aide-aux-festivals/","","A_REVERIFIER","75","16"
"ae_12068","Aide aux gîtes d'étape dans les massifs","AIDE","REGIONAL","Nouvelle-Aquitaine","Région Nouvelle-Aquitaine","SUBVENTION","PME","","","","","25","25","","non","https://les-aides.nouvelle-aquitaine.fr/economie-et-emploi/massifs-gites-detape","","A_REVERIFIER","75","16"
"ae_10584","Aide aux groupements d'employeurs pour l'insertion et la qualification de leurs salariés en insertion","AIDE","NATIONAL","Toutes les Régions","Ministère du Travail et des Solidarités","SUBVENTION","PME","","","","","","","","non","https://www.legifrance.gouv.fr/jorf/id/JORFTEXT000045398420","","A_REVERIFIER","69","16"
"ae_10905","Aide aux investissements d’écoconception pour améliorer la performance environnementale","AIDE","REGIONAL","Bourgogne-Franche-Comté | Bretagne | Centre-Val de Loire | Grand Est | Guadeloupe | Guyane | Hauts-de-France | La Réunion | Martinique | Mayotte | Normandie | Nouvelle-Aquitaine | Occitanie | Pays de la Loire | Île-de-France","ADEME","SUBVENTION","PME | ETI | GE","","","300000","300000","60","60","2026-12-31","non","https://agirpourlatransition.ademe.fr/collectivites/aides-financieres/catalogue/2026/investissements-decoconception-pour-ameliorer-la-performance-environnementale","","A_REVERIFIER","81","19"
"ae_8373","Aide aux investissements dans les lieux de visite touristique","AIDE","REGIONAL","Normandie","Région Normandie","SUBVENTION","PME | ETI | GE","","","","","25","25","","non","https://www.normandie.fr/investissements-dans-les-lieux-de-visite-touristiques","","A_REVERIFIER","75","16"
"ae_7217","Aide aux investissements des entreprises culturelles et cafés culture","AIDE","REGIONAL","La Réunion","Région Réunion","SUBVENTION","PME","","","","","","","","non","https://www.regionreunion.com/IMG/pdf/inv_18.pdf","https://www.regionreunion.com/IMG/pdf/inv_18.pdf","A_REVERIFIER","81","16"
"ae_10956","Aide aux investissements des entreprises visant à économiser l'énergie","AIDE","REGIONAL","Centre-Val de Loire","Région Centre-Val de Loire","SUBVENTION","PME","","","","","50","50","","non","https://www.centre-valdeloire.fr/le-guide-des-aides-de-la-region-centre-val-de-loire/une-aide-pour-depasser-la-crise-energetique","","A_REVERIFIER","69","16"
"ae_1801","Aide aux investissements en faveur des salles de cinéma","AIDE","REGIONAL","Grand Est","Région Grand Est","SUBVENTION","PME","","","","","20","20","","non","https://www.grandest.fr/vos-aides-regionales/aide-investissement-faveur-salles-de-cinema/","","A_REVERIFIER","75","16"
"ae_12524","Aide aux investissements matériels des entreprises de la première transformation du bois","AIDE","REGIONAL","Bourgogne-Franche-Comté","Région Bourgogne-Franche-Comté","AVANCE_REMBOURSABLE","PME","","","300000","300000","20","30","2026-12-31","non","https://www.bourgognefranchecomte.fr/node/3598","","A_REVERIFIER","75","19"
"ae_8057","Aide aux investissements productifs dans l'agroalimentaire","AIDE","REGIONAL","Nouvelle-Aquitaine","Région Nouvelle-Aquitaine","SUBVENTION","PME | ETI | GE","","","","","","","","non","https://les-aides.nouvelle-aquitaine.fr/economie-et-emploi/aide-aux-investissements-productifs-dans-lagroalimentaire","","A_REVERIFIER","75","16"
"ae_11695","Aide aux librairies indépendantes","AIDE","REGIONAL","Bretagne","Région Bretagne","SUBVENTION","PME","","","","","60","60","2028-12-31","non","https://www.bretagne.bzh/aides/fiches/librairies-independantes-bretagne/","","A_REVERIFIER","81","19"
"ae_8903","Aide aux librairies indépendantes","AIDE","REGIONAL","Bourgogne-Franche-Comté","Région Bourgogne-Franche-Comté","SUBVENTION","PME","","","","","","","","non","https://www.bourgognefranchecomte.fr/node/303","","A_REVERIFIER","75","16"
"ae_5817","Aide aux maisons d'édition pour la publication d’ouvrages","AIDE","NATIONAL","Toutes les Régions","Centre National du Livre (CNL)","SUBVENTION","PME","","","","","","","2026-10-29","non","https://centrenationaldulivre.fr/aides-financement/subvention-aux-editeurs-pour-la-publication-d-ouvrages","","A_REVERIFIER","81","19"
"ae_11943","Aide aux meublés de tourisme","AIDE","REGIONAL","Grand Est","Région Grand Est","SUBVENTION","PME","","","","","20","80","","non","https://www.grandest.fr/vos-aides-regionales/meubles-de-tourisme/","","A_REVERIFIER","75","16"
"ae_11617","Aide aux pactes de recherche Auvergne-Rhône-Alpes","AIDE","REGIONAL","Auvergne-Rhône-Alpes","Région Auvergne-Rhône-Alpes","SUBVENTION","PME | ETI | GE","","","","","40","100","","non","https://www.auvergnerhonealpes.fr/aides/financer-les-laboratoires-en-commun-avec-des-entreprises-pactes-de-recherche-auvergne-rhone","","A_REVERIFIER","69","16"
"ae_11962","Aide aux petits campings","AIDE","REGIONAL","Bourgogne-Franche-Comté","Région Bourgogne-Franche-Comté","SUBVENTION","PME","","","","","40","40","","non","https://www.bourgognefranchecomte.fr/node/3854","","A_REVERIFIER","75","16"
"franceagrimer_aHR0cHM6Ly93d3cuZnJhbmNlYWdy","Aide aux plus démunis","AIDE","NATIONAL","Toutes les Régions","FranceAgriMer","SUBVENTION","GE | PME","100000","","","","","","2027-03-01","non","https://www.franceagrimer.fr/aides/par-programme/aide-aux-plus-demunis","https://www.franceagrimer.fr/aides/appel-projets-structuration-de-filieres-aap-pam-2026 | https://www.franceagrimer.fr/sites/default/files/2026-06/GUIDE%20de%20demande%20d%27AGREMENT_2026.pdf | https://www.franceagrimer.fr/sites/default/files/2026-06/PLFE%20-%20Diaporama%20du%20Webinaire%20agr%C3%A9%C3%A9s%2016%20et%2018%20juin%202026.pdf | https://www.franceagrimer.fr/sites/default/files/2026-06/Diaporama%20du%20webinaire%20sur%20la%20demande%20de%20paiement%2006_2026.pdf | https://www.franceagrimer.fr/sites/default/files/rdd/documents/FAM%20d%C3%A9cision%20LFE%20Consolid%C3%A9e%2023%2024_2.pdf | https://www.franceagrimer.fr/sites/default/files/2025-07/D%C3%A9cision%20INTV-MCQ-2025-27_DC_PLFE_0.pdf | https://www.franceagrimer.fr/sites/default/files/2026-05/D%C3%A9cision%20FAM%20du%2015%20mai%202026%20INTV-MCQ-2026-030.pdf | https://www.franceagrimer.fr/sites/default/files/2026-05/Courrier%20DGAL%20-%20Evaluation%20PLFE.pdf | https://www.franceagrimer.fr/sites/default/files/2026-06/FAQ%202025%20-%202026.pdf | https://www.franceagrimer.fr/sites/default/files/2026-06/FAQ%202026%20-%202027.pdf | https://www.franceagrimer.fr/sites/default/files/2026-09/PLFE%20-%20documents%20et%20liens%20utiles.pdf | https://www.franceagrimer.fr/sites/default/files/2026-03/PLFE_liste_contacts_DRAAF_0.pdf | https://jira.franceagrimer.fr/servicedesk/customer/portal/12/create/132 | https://www.franceagrimer.fr/aides/france-2030-guichet-suite-la-1ere-releve-de-lami-optimisation-de-la-ressource-en-eau | https://www.franceagrimer.fr/sites/default/files/2026-06/INTV-SIIF-2026-33_AAPr%C3%A9no2026-_PUBLI.pdf | https://www.franceagrimer.fr/sites/default/files/2025-07/Protocole%20contr%C3%B4le%20sanitaire%20fili%C3%A8re%20Framboise.pdf | https://www.franceagrimer.fr/sites/default/files/2025-07/Protocole%20contr%C3%B4le%20sanitaire%20fili%C3%A8re%20myrtilles.pdf | https://www.franceagrimer.fr/sites/default/files/2025-07/20250613_Protocole_specifique_chataigne_vF.pdf | https://www.franceagrimer.fr/sites/default/files/2026-06/CTIFL%20-%20Liste%20Cultivars%20certifi%C3%A9s_A-en%20cours_B-p%C3%A9pini%C3%A9ristes%20agr%C3%A9%C3%A9s_C-r%C3%A9cemment%20certifi%C3%A9s%202026%20-%20version%2025%20juin%202026.pdf | https://www.franceagrimer.fr/sites/default/files/2026-07/D%C3%A9cision%20INTV-GERCRI-2026-52%20Engrais.pdf | https://www.franceagrimer.fr/sites/default/files/2026-08/Annexe%201_attestation%20comptable%20Engrais%202026_v1.docx | https://www.franceagrimer.fr/sites/default/files/2026-07/Annexe%202%20Liste%20des%20engrais%20%C3%A9ligibles.pdf | https://www.franceagrimer.fr/sites/default/files/2026-08/Annexe%203_attestation%20fournisseur%20type%20Engrais.pdf | https://www.franceagrimer.fr/sites/default/files/2026-08/Annexe%203_attestation%20fournisseur%20type%20Engrais.docx | https://www.franceagrimer.fr/sites/default/files/2026-07/Liste%20Engrais%20azot%C3%A9s%20min%C3%A9raux%20simples%20compl%C3%A9t%C3%A9e_0.xls | https://www.franceagrimer.fr/sites/default/files/2026-07/aide%20conversion%20%C3%A0%20la%20tonne.xlsx | https://www.franceagrimer.fr/sites/default/files/2026-09/FAQ_Engrais_2026%20V6_2.xlsx | https://www.franceagrimer.fr/sites/default/files/2026-08/Guide%20utilisateur%20Aide%20ENGRAIS%20AZOTES%20SIMPLE%20V3.pdf | https://www.franceagrimer.fr/sites/default/files/2026-07/INTV-SIIF%202026-32_Obtention%20varietale_pour_publication.pdf | https://www.franceagrimer.fr/sites/default/files/2026-05/Annexe%201%20-technique-projet_OV.docx | https://www.franceagrimer.fr/sites/default/files/2026-07/Annexe%2013-Fiches%20projet_ObtentionSemences_2%20VF_2.xlsx | https://www.franceagrimer.fr/sites/default/files/2026-05/Annexe%202_%20AAP%20OV_Budget%20pr%C3%A9vi%20par%20partenaire.pdf | https://www.franceagrimer.fr/sites/default/files/2026-07/Annexe%2014_Volet%20financier%20actionsV5.xlsx | https://www.franceagrimer.fr/sites/default/files/2026-05/Annexe%207%20-%20Mod%C3%A8le-lettre-engagement_OV.docx | https://www.franceagrimer.fr/sites/default/files/2026-05/Annexe%208-Modele-de-convention_Partenariat.docx | https://www.franceagrimer.fr/sites/default/files/2026-05/Annexe%209%20-Modele-scenario-contrefactuel_OV.docx | https://www.franceagrimer.fr/sites/default/files/2026-05/Annexe%2010-Grille_%C3%A9valuation_experts.pdf | https://www.franceagrimer.fr/sites/default/files/2026-05/Annexe%2011-Grille_%C3%A9valuation_comit%C3%A9-selection.pdf | https://www.franceagrimer.fr/sites/default/files/2026-05/26%2004%2007%20Annexe%2012-GrilleTRL_OV_0.pdf | https://www.franceagrimer.fr/sites/default/files/2026-05/AAP%202026%20-%20DEPENSES%20ELIGIBLES-2.pdf | https://www.franceagrimer.fr/sites/default/files/2026-05/AAP%202026%20-%20ETAPES%20DU%20DEPOT-2.pdf | https://www.franceagrimer.fr/sites/default/files/2026-05/26%2004%2014%20FAQ%20OV_LF.xlsx","A_REVERIFIER","69","28"
"ae_8165","Aide aux projets collaboratifs de recherche et de développement et d’innovation","AIDE","REGIONAL","Grand Est","Région Grand Est","SUBVENTION | AVANCE_REMBOURSABLE","STARTUP | PME | ETI | GE","","","","","25","50","","non","https://www.grandest.fr/vos-aides-regionales/aide-aux-projets-collaboratifs-de-recherche-et-de-developpement-et-dinnovation/","https://www.grandest.fr/wp-content/uploads/2017/10/aide-aux-projets-collaboratifs-de-recherche-developpement-innovation-ge.pdf","A_REVERIFIER","69","16"
"ae_7168","Aide aux projets collaboratifs entre les entreprises du territoire et les centres de transfert de technologies et de méthodologies et/ou laboratoires publics","AIDE","REGIONAL","Nouvelle-Aquitaine","Région Nouvelle-Aquitaine","SUBVENTION","PME | ETI | GE","","","","","","","","non","https://les-aides.nouvelle-aquitaine.fr/economie-et-emploi/projets-collaboratifs-entre-les-entreprises-du-territoire-et-les-centres-de-transfert-de","","A_REVERIFIER","69","16"
"ae_11304","Aide aux projets collectifs dans le domaine du livre","AIDE","REGIONAL","Grand Est","Région Grand Est","SUBVENTION","PME | ETI | GE","","","","","70","70","","non","https://www.grandest.fr/vos-aides-regionales/projets-collectifs-livre/","","A_REVERIFIER","69","16"
"ae_11326","Aide aux projets d’hébergements touristiques","AIDE","REGIONAL","Centre-Val de Loire","Région Centre-Val de Loire","SUBVENTION","PME","","","","","20","50","","non","https://www.centre-valdeloire.fr/le-guide-des-aides-de-la-region-centre-val-de-loire/projets-dhebergements-touristiques","","A_REVERIFIER","75","16"
"ae_12014","Aide aux projets de développement international jazz - actions ponctuelles","AIDE","NATIONAL","Toutes les Régions","Centre national de la musique (CNM)","SUBVENTION","PME | ETI | GE","","","","","50","50","","non","https://cnm.fr/aides-financieres/aide-aux-projets-de-developpement-international-jazz-1/","","A_REVERIFIER","75","16"
"ae_12016","Aide aux projets de développement international jazz - projets ambitieux","AIDE","NATIONAL","Toutes les Régions","Centre national de la musique (CNM)","SUBVENTION","PME | ETI | GE","","","","","50","50","","non","https://cnm.fr/aides-financieres/aide-aux-projets-de-developpement-international-jazz-2/","","A_REVERIFIER","75","16"
"ae_11325","Aide aux projets de développement touristique (hors hébergement)","AIDE","REGIONAL","Centre-Val de Loire","Région Centre-Val de Loire","SUBVENTION","PME","","","","","30","80","","non","https://www.centre-valdeloire.fr/le-guide-des-aides-de-la-region-centre-val-de-loire/projets-de-developpement-touristique-hors","","A_REVERIFIER","69","16"
"ae_12062","Aide aux projets de E santé des professionnels de santé","AIDE","REGIONAL","Grand Est","Région Grand Est","SUBVENTION","PME","","","","","","","","non","https://www.grandest.fr/vos-aides-regionales/soutien-aux-projets-de-e-sante-pour-les-patients-et-les-professionnels-de-sante/","","A_REVERIFIER","69","16"
"ae_8151","Aide aux projets de recherche et de développement et d’innovation des grandes entreprises","AIDE","REGIONAL","Grand Est","Région Grand Est","SUBVENTION","ETI | GE","","","","","50","50","","non","https://www.grandest.fr/vos-aides-regionales/aide-aux-projets-de-recherche-de-developpement-dinnovation-grandes-entreprises/","","A_REVERIFIER","69","16"
"ae_9412","Aide aux projets des groupements de la chaine du livre","AIDE","REGIONAL","Île-de-France","Région Ile-de-France","SUBVENTION","PME","","","","","50","50","","non","https://www.iledefrance.fr/aides-et-appels-a-projets/aide-aux-projets-des-groupements-aide-aux-projets-des-professionnels-de-la-chaine-du-livre","","A_REVERIFIER","69","16"
"ae_12017","Aide aux projets développement international musiques actuelles - actions ponctuelles","AIDE","NATIONAL","Toutes les Régions","Centre national de la musique (CNM)","SUBVENTION","PME | ETI | GE","","","","","50","50","","non","https://cnm.fr/aides-financieres/developpement-international/aide-aux-projets-developpement-international-musiques-actuelles-1/","","A_REVERIFIER","75","16"
"ae_12025","Aide aux projets développement international musiques actuelles - projets ambitieux","AIDE","NATIONAL","Toutes les Régions","Centre national de la musique (CNM)","SUBVENTION","PME | ETI | GE","","","","","50","50","","non","https://cnm.fr/aides-financieres/developpement-international/aide-aux-projets-developpement-international-musiques-actuelles-2/","","A_REVERIFIER","75","16"
"ae_12026","Aide aux projets développement international musiques classiques - projets ambitieux","AIDE","NATIONAL","Toutes les Régions","Centre national de la musique (CNM)","SUBVENTION","PME | ETI | GE","","","","","50","50","","non","https://cnm.fr/aides-financieres/aide-aux-projets-developpement-international-musiques-classiques-2/","","A_REVERIFIER","75","16"
"ae_12009","Aide aux projets en faveur de l’égalité et de l’inclusion","AIDE","NATIONAL","Toutes les Régions","Centre national de la musique (CNM)","SUBVENTION","PME | ETI | GE","","","","","50","50","","non","https://cnm.fr/aides-financieres/aides-transversales/aide-aux-projets-en-faveur-de-legalite-femmes-hommes/","","A_REVERIFIER","69","16"
"ae_12010","Aide aux projets en faveur de la transition écologique","AIDE","NATIONAL","Toutes les Régions","Centre national de la musique (CNM)","SUBVENTION","PME | ETI | GE","","","","","40","40","","non","https://cnm.fr/aides-financieres/aide-aux-projets-en-faveur-de-la-transition-ecologique/","","A_REVERIFIER","69","16"
"ae_416","Aide aux projets exceptionnels des professionnels de la chaîne du livre","AIDE","REGIONAL","Île-de-France","Région Ile-de-France","SUBVENTION","PME","","","","","50","50","","non","https://www.iledefrance.fr/aide-aux-projets-editoriaux-exceptionnels-aide-aux-projets-des-professionnels-du-livre","","A_REVERIFIER","75","16"
"ae_9410","Aide aux projets innovants de la chaîne du livre","AIDE","REGIONAL","Île-de-France","Région Ile-de-France","SUBVENTION","PME","","","","","50","50","","non","https://www.iledefrance.fr/aide-aux-projets-innovants-aide-aux-projets-des-professionnels-de-la-chaine-du-livre","","A_REVERIFIER","69","16"
"ae_11014","Aide aux projets innovants de production de gaz renouvelables (études & travaux)","AIDE","REGIONAL","Provence-Alpes-Côte d’Azur","Région Sud Provence-Alpes-Côte d'Azur","SUBVENTION","PME | ETI | GE","","","","","","","","non","https://www.maregionsud.fr/vos-aides/detail/projets-innovants-de-production-de-gaz-renouvelables-etudes-travaux","","A_REVERIFIER","69","16"
"ae_10971","Aide aux projets solaires thermiques collectifs pour production d'eau chaude sanitaire, chauffage","AIDE","REGIONAL","Provence-Alpes-Côte d’Azur","Région Sud Provence-Alpes-Côte d'Azur","SUBVENTION","PME | ETI | GE","","","","","50","50","","non","https://www.maregionsud.fr/vos-aides/detail/projets-solaires-thermiques-collectifs-nouveaux-projets","","A_REVERIFIER","69","16"
"ae_12035","Aide aux promoteurs-diffuseurs de spectacles vivants","AIDE","NATIONAL","Toutes les Régions","Centre national de la musique (CNM)","SUBVENTION","PME | ETI | GE","","","","","10","50","","non","https://cnm.fr/aides-financieres/promoteurs-diffuseurs-soutien-au-travail-de-diffusion-sur-un-territoire/","","A_REVERIFIER","75","16"
"ae_12184","Aide aux quotidiens régionaux, départementaux et locaux d'information politique et générale à faibles ressources de petites annonces","AIDE","NATIONAL","Toutes les Régions","Ministère de la Culture ","SUBVENTION","PME","","","","","","","","non","https://www.culture.gouv.fr/fr/catalogue-des-demarches-et-subventions/subvention/aide-aux-quotidiens-regionaux-departementaux-et-locaux-d-information-politique-et-generale-a-faibles-ressources-de-petites-annonces-qfrpa","","A_REVERIFIER","69","16"
"ae_8982","Aide aux salles de cinéma de Normandie dotées des trois labels art & essai","AIDE","REGIONAL","Normandie","Région Normandie","SUBVENTION","PME","","","","","","","","non","https://www.normandie.fr/aide-aux-salles-de-cinema-dotees-des-trois-labels-art-essai","","A_REVERIFIER","75","16"
"ae_8154","Aide aux salons et prospection internationale","AIDE","REGIONAL","Grand Est","Région Grand Est","SUBVENTION","PME | ETI | GE","","","","","50","50","","non","https://www.grandest.fr/vos-aides-regionales/aide-aux-salons-prospection-internationale/","","A_REVERIFIER","69","16"
"ae_8268","Aide aux services numériques","AAP / AMI","NATIONAL","Toutes les Régions","Centre National du Livre (CNL)","SUBVENTION","PME","","","","","50","50","2027-04-30","non","https://centrenationaldulivre.fr/aides-financement/aide-aux-services-numeriques","","A_REVERIFIER","81","19"
"ae_12070","Aide aux sites de visites et activités de loisirs","AIDE","REGIONAL","Nouvelle-Aquitaine","Région Nouvelle-Aquitaine","SUBVENTION","PME","","","","","20","20","","non","https://les-aides.nouvelle-aquitaine.fr/economie-et-emploi/sites-de-visites-et-activites-de-loisirs","","A_REVERIFIER","75","16"
"ae_12162","Aide aux sites touristiques exemplaires","AIDE","REGIONAL","Provence-Alpes-Côte d’Azur","Région Sud Provence-Alpes-Côte d'Azur","SUBVENTION","PME | ETI | GE","","","","","40","100","","non","https://www.maregionsud.fr/vos-aides/detail/sites-touristiques-exemplaires","","A_REVERIFIER","69","16"
"ae_11011","Aide aux travaux de géothermie/thalassothermie","AIDE","REGIONAL","Provence-Alpes-Côte d’Azur","Région Sud Provence-Alpes-Côte d'Azur","SUBVENTION","PME | ETI | GE","","","","","45","45","","non","https://www.maregionsud.fr/vos-aides/detail/travaux-de-geothermie-thalassothermie","","A_REVERIFIER","69","16"
"ae_11016","Aide aux travaux de récupération de chaleur fatale","AIDE","REGIONAL","Provence-Alpes-Côte d’Azur","Région Sud Provence-Alpes-Côte d'Azur","SUBVENTION","PME | ETI | GE","","","","","45","45","","non","https://www.maregionsud.fr/vos-aides/detail/travaux-de-recuperation-de-chaleur-fatale","","A_REVERIFIER","69","16"
"tee_dg_136","Aide aux travaux de rénovation énergétique","AIDE","NATIONAL","Toutes les Régions","Transition écologique des entreprises — catalogue ouvert","SUBVENTION","","","","","","","","","non","https://mission-transition-ecologique.beta.gouv.fr/aides-entreprise/perf-crise-energetique-aura?utm_campaign=openData","","A_REVERIFIER","38","3"
"ae_11018","Aide aux travaux de réseaux de chaleur et de froid","AIDE","REGIONAL","Provence-Alpes-Côte d’Azur","Région Sud Provence-Alpes-Côte d'Azur","SUBVENTION","PME | ETI | GE","","","","","30","45","","non","https://www.maregionsud.fr/vos-aides/detail/travaux-de-reseaux-de-chaleur-et-de-froid","","A_REVERIFIER","69","16"
"ae_6383","Aide avant réalisation à la production de courts métrages","AIDE","NATIONAL","Toutes les Régions","Centre National du Cinéma (CNC)","SUBVENTION","PME | ETI | GE","","","","","80","80","2026-12-11","non","https://www.cnc.fr/professionnels/aides-et-financements/court-metrage/production/aide-avant-realisation-a-la-production-de-films-de-court-metrage_191116","","A_REVERIFIER","81","19"
"ae_8801","Aide départementale à la création d’entreprise (PREFACE)","AIDE","REGIONAL","La Réunion","Département 974 - Réunion","SUBVENTION","PME","","","","","","","","non","https://www.departement974.fr/aide/aide-aide-departementale-creation-dentreprise-preface","","A_REVERIFIER","75","16"
"ae_9671","Aide exceptionnelle aux employeurs d'apprentis","AIDE","NATIONAL","Toutes les Régions","Ministère du Travail et des Solidarités","SUBVENTION","PME | ETI | GE","","","","","","","","non","https://www.legifrance.gouv.fr/jorf/id/JORFTEXT000053634597","","A_REVERIFIER","75","16"
"ae_7620","Aide financière automatique à la diffusion en Vidéo à la Demande (VàD)","AIDE","NATIONAL","Toutes les Régions","Centre National du Cinéma (CNC)","SUBVENTION","PME | ETI | GE","","","","","10","25","","non","https://www.cnc.fr/professionnels/aides-et-financements/video-et-vad/aide-financiere-automatique-a-la-diffusion-en-video-a-la-demande-vad_191728","","A_REVERIFIER","69","16"
"ae_10041","Aide pour la réalisation d’unités de production de biogaz","AIDE","REGIONAL","Occitanie","Région Occitanie","SUBVENTION","PME | ETI | GE","","","","","","","","non","https://www.laregion.fr/Aide-regionale-pour-la-realisation-d-unites-de-production-de-biogaz","","A_REVERIFIER","69","16"
"ae_12591","Aide pour les entreprises intégrant la démarche CEC (Convention des Entreprises pour le Climat)","AIDE","REGIONAL","Bourgogne-Franche-Comté","Région Bourgogne-Franche-Comté","SUBVENTION","PME","","","","","80","80","","non","https://www.bourgognefranchecomte.fr/node/4443","","A_REVERIFIER","75","16"
"ae_8791","Aide régionale à l'investissement en faveur des industries agro-alimentaires (ARIAA- FEADER)","AIDE","REGIONAL","Pays de la Loire","Région Pays de la Loire | Union Européenne-FEADER","SUBVENTION","PME | ETI | GE","","","","","","","","non","https://www.paysdelaloire.fr/les-aides/aide-linvestissement-en-faveur-des-industries-agro-alimentaires-ariaa-feader","","A_REVERIFIER","75","16"
"ae_7658","Aide Régionale à l’Investissement et à la Création d’Entreprises (ARICE)","AIDE","REGIONAL","Guadeloupe","Région Guadeloupe","SUBVENTION","PME","","","25000","100000","30","30","2026-10-31","non","https://aides.regionguadeloupe.fr/arice","","A_REVERIFIER","69","31"
"ae_10675","Aide régionale à la R&D et à l’innovation (ARRDI)","AIDE","REGIONAL","Guadeloupe","Région Guadeloupe","SUBVENTION","PME | STARTUP","","","","","45","45","","non","https://aides.regionguadeloupe.fr/Aide-regionale-a-la-R-D-et-a-l-innovation-ARRDI","","A_REVERIFIER","69","16"
"ae_8649","Aide régionale au démarrage et au développement d’activités - ARDDA","AIDE","REGIONAL","Guadeloupe","Région Guadeloupe","SUBVENTION","PME | ETI | GE","","","10000","25000","","","2026-10-31","non","https://aides.regionguadeloupe.fr/ardda","https://aides.regionguadeloupe.fr/IMG/doc/ardda_elements_financiers_et_comptables_2_4_.doc | https://aides.regionguadeloupe.fr/IMG/docx/ardda_minimis_je_ardda_ok_1.docx | https://aides.regionguadeloupe.fr/IMG/doc/ardda_attestations_sur_l_honneur_2_1_.doc","A_REVERIFIER","88","38"
"tee_dg_162","Aide régionale au développement de produits touristiques","AIDE","NATIONAL","Toutes les Régions","Transition écologique des entreprises — catalogue ouvert","SUBVENTION","","","","","","","","","non","https://mission-transition-ecologique.beta.gouv.fr/aides-entreprise/aide-tourisme-guadeloupe?utm_campaign=openData","","A_REVERIFIER","38","3"
"ae_11228","Aide régionale au développement des chaufferies biomasse","AIDE","REGIONAL","Occitanie","Région Occitanie","SUBVENTION","PME | ETI | GE","","","","","30","30","","non","https://www.laregion.fr/Aide-regionale-au-developpement-des-chaufferies-biomasse","","A_REVERIFIER","69","16"
"ae_8668","Aide régionale au développement des installations solaires thermiques","AIDE","REGIONAL","Occitanie","Région Occitanie","SUBVENTION","PME | ETI | GE","","","","","30","30","","non","https://www.laregion.fr/Aide-regionale-au-developpement-des-installations-solaires","","A_REVERIFIER","69","16"
"ae_418","Aide régionale aux librairies indépendantes","AIDE","REGIONAL","Île-de-France","Région Ile-de-France","SUBVENTION","PME","","","","","50","50","","non","https://www.iledefrance.fr/aide-la-librairie-independante","","A_REVERIFIER","75","16"
"ae_10007","Aide régionale aux structures de l'économie sociale et solidaire (ARSESS)","AIDE","REGIONAL","Guadeloupe","Région Guadeloupe","SUBVENTION","PME","","","","","5","70","","non","https://aides.regionguadeloupe.fr/Aide-Regionale-aux-structures-de-l-economie-sociale-et-solidaire-ARSESS","","A_REVERIFIER","69","16"
"ae_6356","Aide sélective à la distribution - Aide au film de répertoire (2ème collège)","AIDE","NATIONAL","Toutes les Régions","Centre National du Cinéma (CNC)","SUBVENTION","PME | ETI | GE","","","","","","","2026-10-13","non","https://www.cnc.fr/professionnels/aides-et-financements/cinema/aide-selective-a-la-distribution--2e-college-films-de-repertoire_191132","","A_REVERIFIER","81","19"
"ae_6854","Aide sélective à la distribution de films pour le jeune public (3ème collège)","AIDE","NATIONAL","Toutes les Régions","Centre National du Cinéma (CNC)","SUBVENTION","PME | ETI | GE","","","","","50","50","2026-10-16","non","https://www.cnc.fr/professionnels/aides-et-financements/cinema/aide-selective-a-la-distribution--3e-college-films-pour-le-jeune-public_191172","","A_REVERIFIER","81","19"
"ae_9635","Aide sélective à la production d’œuvres audiovisuelles de courte durée","AIDE","NATIONAL","Toutes les Régions","Centre National du Cinéma (CNC)","SUBVENTION","PME | ETI | GE","","","","","80","80","2026-10-12","non","https://www.cnc.fr/professionnels/aides-et-financements/court-metrage/production/aide-selective-pour-la-production-doeuvres-audiovisuelles-de-courte-duree_1595416","","A_REVERIFIER","81","19"
"ae_11099","Aide TPE/PME : Prestation Tremplin Innovation","AIDE","REGIONAL","Nouvelle-Aquitaine","Région Nouvelle-Aquitaine","SUBVENTION","PME","","","","","50","70","","non","https://les-aides.nouvelle-aquitaine.fr/amenagement-du-territoire/aide-tpe-pme-prestation-tremplin-innovation","","A_REVERIFIER","75","16"
"tee_dg_139","Aide travaux hébergements touristiques","AIDE","NATIONAL","Toutes les Régions","Transition écologique des entreprises — catalogue ouvert","SUBVENTION","","","","","","","","","non","https://mission-transition-ecologique.beta.gouv.fr/aides-entreprise/aide-travaux-tourisme-aura?utm_campaign=openData","","A_REVERIFIER","38","3"
"ae_12590","Aide triennale à la stratégie de promotion des maisons d’édition","AIDE","NATIONAL","Toutes les Régions","Centre National du Livre (CNL)","SUBVENTION","PME","","","","","","","2026-10-30","non","https://centrenationaldulivre.fr/aides-financement/aide-triennale-a-la-strategie-de-promotion-des-maisons-d-edition","","A_REVERIFIER","81","19"
"ae_8868","Aide unique aux employeurs d'apprentis","AIDE","NATIONAL","Toutes les Régions","Ministère du Travail et des Solidarités","SUBVENTION","PME","","","","","","","","non","https://travail-emploi.gouv.fr/laide-aux-employeurs-qui-recrutent-en-apprentissage","","A_REVERIFIER","69","16"
"ae_12619","Aides à l’élaboration et au développement de séries documentaires","AIDE","NATIONAL","Toutes les Régions","Centre National du Cinéma (CNC)","SUBVENTION","PME | ETI | GE","","","","","","","2026-10-04","non","https://www.cnc.fr/professionnels/aides-et-financements/audiovisuel/ecriture-et-developpement/aides-a-lelaboration-et-au-developpement-de-series-documentaires_2147339","","A_REVERIFIER","75","19"
"ae_11017","Aides aux études de faisabilité pour des réseaux de chaleur et de froid","AIDE","REGIONAL","Provence-Alpes-Côte d’Azur","Région Sud Provence-Alpes-Côte d'Azur","SUBVENTION","PME | ETI | GE","","","","","50","70","","non","https://www.maregionsud.fr/vos-aides/detail/etude-de-faisabilite-pour-des-reseaux-de-chaleur-et-de-froid","","A_REVERIFIER","69","16"
"ae_11010","Aides aux études de faisabilité pour les projets de géothermie/thalassothermie","AIDE","REGIONAL","Provence-Alpes-Côte d’Azur","Région Sud Provence-Alpes-Côte d'Azur","SUBVENTION","PME | ETI | GE","","","","","50","70","","non","https://www.maregionsud.fr/vos-aides/detail/etude-de-faisabilite-pour-des-projets-de-geothermie/thalassothermie","","A_REVERIFIER","69","16"
"ae_8452","Aides aux librairies indépendantes","AIDE","REGIONAL","Grand Est","Région Grand Est","SUBVENTION","PME","","","","","70","70","","non","https://www.grandest.fr/vos-aides-regionales/aide-a-la-librairie-independante/","","A_REVERIFIER","75","16"
"ae_12618","Aides aux moyens techniques - Collège ""Diffusion""","AIDE","NATIONAL","Toutes les Régions","Centre National du Cinéma (CNC)","SUBVENTION","PME | ETI | GE","","","","","","","2027-09-16","non","https://www.cnc.fr/professionnels/aides-et-financements/multi-sectoriel/aides-aux-moyens-techniques--college--diffusion_1939026","","A_REVERIFIER","75","19"
"ae_12189","Aides aux moyens techniques - Collège ""production numérique""","AIDE","NATIONAL","Toutes les Régions","Centre National du Cinéma (CNC)","SUBVENTION","PME | ETI | GE","","","","","","","2027-09-21","non","https://www.cnc.fr/professionnels/aides-et-financements/multi-sectoriel/aides-aux-moyens-techniques--college--production-numerique_1938411","","A_REVERIFIER","75","19"
"ae_12617","Aides aux moyens techniques - Collège ""Tournage""","AIDE","NATIONAL","Toutes les Régions","Centre National du Cinéma (CNC)","SUBVENTION","PME | ETI | GE","","","","","","","2027-09-14","non","https://www.cnc.fr/professionnels/aides-et-financements/multi-sectoriel/aides-aux-moyens-techniques--college--tournage_1938252","","A_REVERIFIER","75","19"
"ae_12741","Aides aux projets immobiliers des entreprises de l’ESS","AIDE","REGIONAL","Bourgogne-Franche-Comté","Région Bourgogne-Franche-Comté","SUBVENTION","PME","","","","","","","","non","https://www.bourgognefranchecomte.fr/node/1936","","A_REVERIFIER","75","16"
"hdf_hdfid_aap_aHR0cHM6Ly9lbnRyZXByaXNlcy5o","Aides et Dispositifs - Hauts-de-France Entreprises","AIDE","REGIONAL","Hauts-de-France","Hauts-de-France Innovation Développement","PRET_TAUX_ZERO","STARTUP | PME | ETI | GE","","","600000","600000","","","","non","https://entreprises.hautsdefrance.fr/aides-et-dispositifs","","A_REVERIFIER","50","9"
"ae_7219","Aides immatérielles et compétences des entreprises culturelles - Recours au conseil extérieur","AIDE","REGIONAL","La Réunion","Région Réunion","SUBVENTION","PME","","","","","50","70","","non","https://www.regionreunion.com/IMG/pdf/conseils_18.pdf","https://www.regionreunion.com/IMG/pdf/conseils_18.pdf","A_REVERIFIER","81","16"
"ae_10203","Alimentation, bioéconomie, ressources naturelles, agriculture et environnement","AAP / AMI","NATIONAL","Toutes les Régions","Union Européenne - Horizon Europe","SUBVENTION","PME | ETI | GE","","","","","","","2027-09-23","non","https://www.horizon-europe.gouv.fr/cluster-6-bio-environnement","https://www.horizon-europe.gouv.fr/faq-cluster-6-bio-environnement-28196","A_REVERIFIER","75","19"
"ae_902","Allocation de chômage partiel","AIDE","NATIONAL","Toutes les Régions","Ministère du Travail et des Solidarités","SUBVENTION","PME","","","","","40","40","","non","https://travail-emploi.gouv.fr/emploi-et-insertion/accompagnement-des-mutations-economiques/activite-partielle-chomage-partiel/faq-chomage-partiel-activite-partielle","","A_REVERIFIER","63","16"
"ae_9320","Allocation directe aux courts métrages","AIDE","NATIONAL","Toutes les Régions","Centre National du Cinéma (CNC)","SUBVENTION","PME | ETI | GE","","","","","5","5","","non","https://www.cnc.fr/professionnels/aides-et-financements/multi-sectoriel/allocation-directe-aux-courts-metrages_563151","","A_REVERIFIER","69","16"
"ae_7588","Allocations directes à la programmation en salles de films de court métrage","AIDE","NATIONAL","Toutes les Régions","Centre National du Cinéma (CNC)","SUBVENTION","PME | ETI | GE","","","","","","","","non","https://www.cnc.fr/professionnels/aides-et-financements/court-metrage/production/allocations-directes-a-la-programmation-en-salles-de-films-de-court-metrage_1107639","","A_REVERIFIER","69","16"
"ae_10038","Ambition Région : ""Être accompagné dans mon projet Industrie du futur""","AAP / AMI","REGIONAL","Auvergne-Rhône-Alpes","Région Auvergne-Rhône-Alpes","SUBVENTION","PME | ETI | GE","","","","","50","50","","non","https://www.auvergnerhonealpes.fr/aides/region-industrie-etre-accompagne-dans-mon-projet-industrie-du-futur","","A_REVERIFIER","69","16"
"ae_12544","Amélioration de la qualité de l’air dans les territoires en PPA ou dans ceux concernés par des dépassements actuels ou prévisionnels 2030","AIDE","REGIONAL","Auvergne-Rhône-Alpes | Martinique | Provence-Alpes-Côte d’Azur | Île-de-France","ADEME","SUBVENTION","PME | ETI | GE","","","","","","","2026-12-31","non","https://agirpourlatransition.ademe.fr/entreprises/aides-financieres/catalogue/2026/amelioration-de-la-qualite-de-lair-dans-les-territoires-en-ppa-ou-dans-ceux-concernes-par-des-depassements-actuels-ou-previsionnels-2030","","A_REVERIFIER","75","19"
"idf_ods_96","AMI accompagnement à la modernisation et transition écologique des PME et ETI industrielles","AAP / AMI","REGIONAL","Île-de-France","Région Île-de-France","SUBVENTION","PME | ETI","","","","","","","","non","https://www.iledefrance.fr/aides-et-appels-a-projets/616","","A_REVERIFIER","50","3"
"idf_ods_74","AMI Fonds de capital investissement ciblant les structures de la Femtech","AAP / AMI","REGIONAL","Île-de-France","Région Île-de-France","SUBVENTION","STARTUP | PME","","","","","","","","non","https://www.iledefrance.fr/aides-et-appels-a-projets/812","","A_REVERIFIER","50","3"
"pdl_ods_93","AMI Industrie du Futur","AAP / AMI","REGIONAL","Pays de la Loire","Région Pays de la Loire","SUBVENTION","PME","","","","","","","","non","ftp://ftpdata.paysdelaloire.fr/Documents_aides/Subvention,Pret_Dossier-de-candidature-AMI-IDF-2026-v2_e6325e7c_PAPIER_INDIVIDUEL.doc","","A_REVERIFIER","50","3"
"idf_ods_224","AMI pour la sélection d'un fonds ciblant les structures de l'ESS et à impact en phase d'amorçage","AAP / AMI","REGIONAL","Île-de-France","Région Île-de-France","SUBVENTION","PME","","","","","","","","non","https://www.iledefrance.fr/aides-et-appels-a-projets/627","","A_REVERIFIER","50","3"
"idf_ods_300","AMI Questions d'Intérêt Majeur (QIM)","AAP / AMI","REGIONAL","Île-de-France","Région Île-de-France","SUBVENTION","","","","","","","","","non","https://www.iledefrance.fr/aides-et-appels-a-projets/313","","A_REVERIFIER","44","3"
"idf_ods_292","AMI solutions digitales à destination des collectivités pour le développement des commerces","AAP / AMI","REGIONAL","Île-de-France","Région Île-de-France","SUBVENTION","","","","","","","","","non","https://www.iledefrance.fr/aides-et-appels-a-projets/358","","A_REVERIFIER","44","3"
"ae_8100","Amorçage Start-up","AIDE","REGIONAL","Nouvelle-Aquitaine","Région Nouvelle-Aquitaine","SUBVENTION | AVANCE_REMBOURSABLE","STARTUP | PME","","","","","","","","non","https://les-aides.nouvelle-aquitaine.fr/economie-et-emploi/amorcage-start","","A_REVERIFIER","56","16"
"ae_6861","Animation - Compte automatique - Aide à la préparation","AIDE","NATIONAL","Toutes les Régions","Centre National du Cinéma (CNC)","SUBVENTION","PME | ETI | GE","","","","","40","50","","non","https://www.cnc.fr/professionnels/aides-et-financements/audiovisuel/ecriture-et-developpement/animation--compte-automatique-aide-a-la-preparation_191188","","A_REVERIFIER","69","16"
"ae_12620","Animation : aide au développement et au pilote","AIDE","NATIONAL","Toutes les Régions","Centre National du Cinéma (CNC)","SUBVENTION","PME | ETI | GE","","","","","","","2026-10-13","non","https://www.cnc.fr/professionnels/aides-et-financements/audiovisuel/ecriture-et-developpement/animation--fonds-daide-a-linnovation-audiovisuelle-aide-au-developpement_191228","","A_REVERIFIER","81","19"
"ae_5969","Animation : aide sélective à la préparation","AIDE","NATIONAL","Toutes les Régions","Centre National du Cinéma (CNC)","SUBVENTION","PME","","","","","40","50","2026-10-26","non","https://www.cnc.fr/professionnels/aides-et-financements/audiovisuel/aide-a-l-innovation/animation--aide-selective-a-la-preparation_191204","","A_REVERIFIER","75","19"
"ae_6373","Animation : aide sélective à la production","AIDE","NATIONAL","Toutes les Régions","Centre National du Cinéma (CNC)","SUBVENTION","PME | ETI | GE","","","","","40","50","2026-10-26","non","https://www.cnc.fr/professionnels/aides-et-financements/audiovisuel/production/animation-aide-selective-a-la-production_191244","","A_REVERIFIER","81","19"
"ae_6860","Animation : compte automatique - Aide à la production","AIDE","NATIONAL","Toutes les Régions","Centre National du Cinéma (CNC)","SUBVENTION","PME | ETI | GE","","","","","","","","non","https://www.cnc.fr/professionnels/aides-et-financements/audiovisuel/production/animation--compte-automatique_191212","","A_REVERIFIER","69","16"
"idf_ods_27","APPEL A MANIFESTATION D’INTERET - Activité économique de surf sur l'île de loisirs de Vaires-Torcy","AAP / AMI","REGIONAL","Île-de-France","Région Île-de-France","SUBVENTION","","","","","","","","","non","https://www.iledefrance.fr/aides-et-appels-a-projets/279","","A_REVERIFIER","44","3"
"idf_ods_0","Appel à manifestation d'intérêt - Valorisation du site de La Boissière-École","AAP / AMI","REGIONAL","Île-de-France","Région Île-de-France","SUBVENTION","","","","","","","","","non","https://www.iledefrance.fr/aides-et-appels-a-projets/614","","A_REVERIFIER","44","3"
"ae_8101","Appel à Manifestation d'Intérêt ""Tiers-lieux""","AAP / AMI","REGIONAL","Nouvelle-Aquitaine","Région Nouvelle-Aquitaine","SUBVENTION","PME","","","","","50","50","2028-09-01","non","https://les-aides.nouvelle-aquitaine.fr/amenagement-du-territoire/soutien-la-creation-et-au-developpement-des-tiers-lieux","","A_REVERIFIER","81","19"
"ae_12087","Appel à Manifestation d'Intérêt ""Tourisme de savoir-faire""","AAP / AMI","REGIONAL","Pays de la Loire","Ministère de l’Economie, des Finances et de la Souveraineté Industrielle, Energétique et Numérique | Région Pays de la Loire","SUBVENTION","PME","","","","","","","","non","https://www.paysdelaloire.fr/les-aides/ami-tourisme-de-savoir-faire","","A_REVERIFIER","75","16"
"ae_8233","Appel à Manifestation d'Intérêt (AMI) ""Industrie du Futur""","AIDE","REGIONAL","Pays de la Loire","Région Pays de la Loire","SUBVENTION","PME | ETI | GE","","","","","2.03","80","","non","https://www.paysdelaloire.fr/les-aides/ami-industrie-du-futur","","A_REVERIFIER","75","16"
"ae_12607","Appel à Manifestations d’Intérêt ""Promouvoir des solutions de mobilité à forts co-bénéfices qualité de l’air et santé""","AAP / AMI","REGIONAL","Occitanie","ADEME","SUBVENTION","PME | ETI | GE","","","","","50","80","2026-12-31","non","https://agirpourlatransition.ademe.fr/entreprises/aides-financieres/catalogue/aap/promouvoir-des-solutions-de-mobilite-forts-co-benefices-sur-la-qualite-de-lair-et-la-sante-en-occitanie-pre-depot","","A_REVERIFIER","81","19"
"ae_10029","Appel à projets : ""Accélérateur à Projets Economie Circulaire Bourgogne-Franche-Comté""","AAP / AMI","REGIONAL","Bourgogne-Franche-Comté","ADEME | Région Bourgogne-Franche-Comté","SUBVENTION","PME | ETI | GE","","","","","","","2026-12-31","non","https://www.bourgognefranchecomte.fr/node/1050","https://www.bourgognefranchecomte.fr/node/1050","A_REVERIFIER","81","19"
"ae_10995","Appel à projets : ""Agir pour l’insertion professionnelle des personnes en situation de handicap""","AAP / AMI","REGIONAL","Auvergne-Rhône-Alpes","Région Auvergne-Rhône-Alpes","SUBVENTION","PME | ETI | GE","","","","","","","","non","https://www.auvergnerhonealpes.fr/aides/developper-les-competences-lorientation-et-lacces-lemploi-des-personnes-en-situation-de","","A_REVERIFIER","69","16"
"ae_10073","Appel à projets : ""Energies renouvelables : Technologies et vecteurs énergétiques innovants""","AAP / AMI","REGIONAL","Nouvelle-Aquitaine","Région Nouvelle-Aquitaine","SUBVENTION","PME | ETI | GE","","","","","65","70","2026-10-30","non","https://les-aides.nouvelle-aquitaine.fr/transition-energetique-et-ecologique/energies-renouvelables-technologies-et-vecteurs-energetiques-innovants?recherche=vecteurs","https://les-aides.nouvelle-aquitaine.fr/transition-energetique-et-ecologique/energies-renouvelables-technologies-et-vecteurs-energetiques-innovants?recherche=vecteurs","A_REVERIFIER","88","19"
"ae_10994","Appel à projets : ""Innover pour compenser le handicap et améliorer les conditions de vie des personnes handicapées au quotidien""","AAP / AMI","REGIONAL","Auvergne-Rhône-Alpes","Région Auvergne-Rhône-Alpes","SUBVENTION","PME | ETI | GE","","","","","50","50","","non","https://www.auvergnerhonealpes.fr/aides/innover-pour-compenser-le-handicap","","A_REVERIFIER","75","16"
"idf_ods_273","Appel à projets "" Île-de-France BTP circulaire""","AAP / AMI","REGIONAL","Île-de-France","Région Île-de-France","SUBVENTION","","","","","","","","","non","https://www.iledefrance.fr/aides-et-appels-a-projets/804","","A_REVERIFIER","44","3"
"ae_8123","Appel à projets ""Compétitivité énergétique""","AAP / AMI","REGIONAL","Nouvelle-Aquitaine","Région Nouvelle-Aquitaine","SUBVENTION","PME | ETI | GE","","","","","","","2026-12-31","non","https://les-aides.nouvelle-aquitaine.fr/transition-energetique-et-ecologique/competitivite-energetique-des-entreprises-2021-2022","","A_REVERIFIER","81","19"
"ae_11088","Appel à projets ""Handicap et Tourisme""","AIDE","REGIONAL","Pays de la Loire","Région Pays de la Loire","SUBVENTION","PME | ETI | GE","","","","","60","60","2027-12-31","non","https://www.paysdelaloire.fr/les-aides/aap-handicap-et-tourisme","","A_REVERIFIER","75","19"
"ae_8295","Appel à projets ""Innovation et expérimentations territoriales""","AAP / AMI","REGIONAL","Auvergne-Rhône-Alpes","Région Auvergne-Rhône-Alpes","SUBVENTION","PME | ETI | GE","","","","","20","30","","non","https://www.auvergnerhonealpes.fr/aides/financer-des-projets-innovants-etou-experimentaux-autour-de-lenergie","https://www.auvergnerhonealpes.fr/aides/financer-des-projets-innovants-etou-experimentaux-autour-de-lenergie","A_REVERIFIER","75","16"
"ae_12177","Appel à projets ""Innovation et transitions pour le tourisme culturel""","AAP / AMI","REGIONAL","Pays de la Loire","Région Pays de la Loire","SUBVENTION","PME | ETI | GE","","","","","30","40","2027-12-31","non","https://www.paysdelaloire.fr/les-aides/innovation-et-transitions-pour-le-tourisme-culturel","","A_REVERIFIER","81","19"
"ae_11993","Appel à projets ""Innovations et pratiques sobres en eau en entreprise agroalimentaire""","AAP / AMI","REGIONAL","Pays de la Loire","Région Pays de la Loire","SUBVENTION","PME | ETI | GE","","","","","","","2027-12-31","non","https://www.paysdelaloire.fr/les-aides/innovations-et-pratiques-sobres-en-eau-en-entreprise-agroalimentaire","https://www.paysdelaloire.fr/les-aides/innovations-et-pratiques-sobres-en-eau-en-entreprise-agroalimentaire","A_REVERIFIER","81","19"
"ae_12627","Appel à projets ""Montagne pour tous""","AAP / AMI","REGIONAL","Provence-Alpes-Côte d’Azur","Région Sud Provence-Alpes-Côte d'Azur","SUBVENTION","PME | ETI | GE","","","","","40","80","2026-12-31","non","https://www.maregionsud.fr/vos-aides/detail/montagne-pour-tous","","A_REVERIFIER","75","19"
"ae_10954","Appel à projets ""ORMAT (Objectif Recyclage MATières)""","AAP / AMI","NATIONAL","Toutes les Régions","ADEME","SUBVENTION","PME | ETI | GE","","","","","60","80","2026-12-31","non","https://agirpourlatransition.ademe.fr/entreprises/aides-financieres/catalogue/2026/fonds-economie-circulaire-ormat-2026-objectif-recyclage-matieres","","A_REVERIFIER","75","19"
"ae_11114","Appel à projets ""Services de mobilités douces en entreprise""","AAP / AMI","REGIONAL","La Réunion | Mayotte","ADEME","SUBVENTION","PME | ETI | GE","","","","","50","50","2026-10-15","non","https://agirpourlatransition.ademe.fr/entreprises/aides-financieres/catalogue/aap/services-de-mobilite-douce-en-entreprises-pour-la-reunion-et-mayotte","https://agirpourlatransition.ademe.fr/entreprises/aides-financieres/catalogue/aap/services-de-mobilite-douce-en-entreprises-pour-la-reunion-et-mayotte","A_REVERIFIER","88","19"
"ae_12561","Appel à projets ""Systèmes performants de production de froid en Outre-mer et Corse""","AAP / AMI","REGIONAL","Corse | Guadeloupe | Guyane | La Réunion | Martinique | Mayotte","ADEME","SUBVENTION","PME | ETI | GE","","","","","50","70","2026-10-15","non","https://agirpourlatransition.ademe.fr/entreprises/aides-financieres/catalogue/aap/systemes-performants-de-production-de-froid-en-outre-mer-et-corse","https://agirpourlatransition.ademe.fr/entreprises/aides-financieres/catalogue/aap/systemes-performants-de-production-de-froid-en-outre-mer-et-corse","A_REVERIFIER","81","19"
"pdl_ods_11","Appel à projets « Biodiversité en Pays de la Loire 2026 » - Groupe Régional des Fondations en faveur de la Biodiversité","AAP / AMI","REGIONAL","Pays de la Loire","Région Pays de la Loire","SUBVENTION","","","","","","","","","non","ftp://ftpdata.paysdelaloire.fr/Documents_aides/Subvention_V2Formulaire-AAP_5ec780be_PAPIER_INDIVIDUEL.docx","","A_REVERIFIER","44","3"
"idf_ods_82","Appel à projets « Île-de-France zéro plastique »","AAP / AMI","REGIONAL","Île-de-France","Région Île-de-France","SUBVENTION","","","","","","","","","non","https://www.iledefrance.fr/aides-et-appels-a-projets/697","","A_REVERIFIER","44","3"
"idf_ods_246","Appel à projets collaboratifs - Innovation de Rupture et Résilience Industrielle (IRRI)","AAP / AMI","REGIONAL","Île-de-France","Région Île-de-France","SUBVENTION","STARTUP | PME | ETI","","","","","","","","non","https://www.iledefrance.fr/aides-et-appels-a-projets/851","","A_REVERIFIER","50","3"
"ae_12791","Appel à Projets du Cluster Eureka CELTIC-NEXT","AAP / AMI","NATIONAL","Toutes les Régions","Bpifrance ","SUBVENTION","PME | ETI | GE","","","","","50","50","2026-10-26","non","https://www.bpifrance.fr/nos-appels-a-projets-concours/appel-a-projets-du-cluster-eureka-celtic-next","https://www.bpifrance.fr/nos-appels-a-projets-concours/appel-a-projets-du-cluster-eureka-celtic-next","A_REVERIFIER","88","19"
"ae_12790","Appel à Projets du Cluster Eureka ITEA","AAP / AMI","NATIONAL","Toutes les Régions","Bpifrance ","SUBVENTION","PME | ETI | GE","","","","","50","50","2026-11-02","non","https://www.bpifrance.fr/nos-appels-a-projets-concours/appel-a-projets-du-cluster-eureka-itea","https://www.bpifrance.fr/nos-appels-a-projets-concours/appel-a-projets-du-cluster-eureka-itea","A_REVERIFIER","88","19"
"idf_ods_13","Appel à projets École-Entreprise : partenariats associatifs","AAP / AMI","REGIONAL","Île-de-France","Région Île-de-France","SUBVENTION","","","","","","","","","non","https://www.iledefrance.fr/aides-et-appels-a-projets/808","","A_REVERIFIER","44","3"
"ae_12757","Appel à projets FASEP ""Solutions innovantes pour le développement et la modernisation des systèmes de santé""","AAP / AMI","NATIONAL","Toutes les Régions","Ministère de l’Economie, des Finances et de la Souveraineté Industrielle, Energétique et Numérique","SUBVENTION","STARTUP | PME | ETI | GE","","","","","","","2026-09-30","non","https://www.tresor.economie.gouv.fr/Articles/2026/06/25/appel-a-projets-fasep-2026-solutions-innovantes-pour-le-developpement-et-la-modernisation-des-systemes-de-sante","https://www.tresor.economie.gouv.fr/Articles/2026/06/25/appel-a-projets-fasep-2026-solutions-innovantes-pour-le-developpement-et-la-modernisation-des-systemes-de-sante","A_REVERIFIER","88","19"
"ae_11222","Appel à projets FEDER : ""Développer les équipements culturels, touristiques et de loisir pour tous en zone urbaine""","AAP / AMI","REGIONAL","Occitanie","Région Occitanie | Union Européenne-FEDER","SUBVENTION","PME","","","","","60","60","2027-12-31","non","https://www.europe-en-occitanie.eu/Developper-les-equipements-culturels-touristiques-et-de-loisir-pour-tous-en-zone-44875","https://www.europe-en-occitanie.eu/Developper-les-equipements-culturels-touristiques-et-de-loisir-pour-tous-en-zone-44875","A_REVERIFIER","81","19"
"ae_10202","Appel à projets Horizon Europe - 2ème pilier : Problématiques mondiales et compétitivité industrielle européenne - cluster climat, énergie et mobilité","AAP / AMI","NATIONAL","Toutes les Régions","Union Européenne - Horizon Europe","SUBVENTION","PME | ETI | GE","","","","","","","2027-12-01","non","https://www.horizon-europe.gouv.fr/climat-energie-et-mobilite-27668","","A_REVERIFIER","75","19"
"ae_10199","Appel à projets Horizon Europe - 2ème pilier : Problématiques mondiales et compétitivité industrielle européenne - cluster culture, créativité et société inclusive","AAP / AMI","NATIONAL","Toutes les Régions","Union Européenne - Horizon Europe","SUBVENTION","PME | ETI | GE","","","","","","","2027-09-29","non","https://www.horizon-europe.gouv.fr/cluster-2-shs","","A_REVERIFIER","75","19"
"ae_10201","Appel à projets Horizon Europe - 2ème pilier : Problématiques mondiales et compétitivité industrielle européenne - cluster numérique, industrie et espace","AAP / AMI","NATIONAL","Toutes les Régions","Union Européenne - Horizon Europe","SUBVENTION","PME | ETI | GE","","","","","","","","non","https://www.horizon-europe.gouv.fr/numerique-industrie-et-espace-24683","","A_REVERIFIER","69","16"
"ae_10198","Appel à projets Horizon Europe - 2ème pilier : Problématiques mondiales et compétitivité industrielle européenne - Cluster santé","AAP / AMI","NATIONAL","Toutes les Régions","Union Européenne - Horizon Europe","SUBVENTION","PME | ETI | GE","","","","","","","","non","https://www.horizon-europe.gouv.fr/cluster-1-sante","","A_REVERIFIER","69","16"
"ae_10200","Appel à projets Horizon Europe - 2ème pilier : Problématiques mondiales et compétitivité industrielle européenne - cluster sécurité","AAP / AMI","NATIONAL","Toutes les Régions","Union Européenne - Horizon Europe","SUBVENTION","PME | ETI | GE","","","","","","","2027-11-04","non","https://www.horizon-europe.gouv.fr/publication-du-wp-du-cluster-3-25043","","A_REVERIFIER","75","19"
"ae_10715","Appel à projets Industrie zéro fossile – volet 3 – DECARB FLASH","AAP / AMI","NATIONAL","Toutes les Régions","ADEME","SUBVENTION","PME | ETI | GE","","","","","","","2027-02-15","non","https://agir.ademe.fr/aides-financieres/aap/decarb-flash-2025-2027","https://agir.ademe.fr/aides-financieres/aap/decarb-flash-2025-2027","A_REVERIFIER","88","19"
"idf_ods_171","Appel à projets Ingénierie et Formations professionnelles (IFP Île-de-France)","AAP / AMI","REGIONAL","Île-de-France","Région Île-de-France","SUBVENTION","","","","","","","","","non","https://www.iledefrance.fr/aides-et-appels-a-projets/305","","A_REVERIFIER","44","3"
"ae_12174","Appel à projets Tourisme ""Identité et transitions"" - Projets de développement touristique des 10 Destinations touristiques","AAP / AMI","REGIONAL","Bretagne","Région Bretagne","SUBVENTION","PME | ETI | GE","","","","","50","80","2026-12-31","non","https://www.bretagne.bzh/aides/fiches/tourisme-identite-et-transitions-projets-de-developpement-touristique-des-10-destinations-touristiques-2/","","A_REVERIFIER","75","19"
"bpifrance_aHR0cHM6Ly93d3cuYnBpZnJhbmNl","Appels à projets et concours | Bpifrance","AAP / AMI","NATIONAL","Toutes les Régions","Bpifrance","SUBVENTION | AVANCE_REMBOURSABLE","STARTUP | PME | ETI | GE","100000","250000","","","","","2026-12-01","non","https://www.bpifrance.fr/nos-appels-a-projets-concours#main-content","https://www.bpifrance.fr/download/media-file/896552 | https://www.bpifrance.fr/download/media-file/896553 | https://www.bpifrance.fr/faq-pour-les-porteurs-de-projets-france-2030 | mailto:aap-france2030@bpifrance.fr | https://eurekanetwork.org/programmes/network-projects/ | https://www.bpifrance.fr/download/media-file/296306 | https://www.bpifrance.fr/download/media-file/356756 | https://eurekanetwork.org/programmes/network-projects/ | https://www.bpifrance.fr/download/media-file/1940204 | https://taleez.com/apply/expert-diag-amorcage-rh-draft-paris-bpifrance-diagnostics | https://www.bpifrance.fr/nos-appels-a-projets-concours/appel-a-projets-coram-2025-2026 | https://www.bpifrance.fr/nos-appels-a-projets-concours/appel-a-projets-standardisation-des-reseaux-du-futur | https://www.bpifrance.fr/nos-appels-a-projets-concours/fonds-industries-agroalimentaires-i2a | https://www.bpifrance.fr/download/media-file/84272 | https://www.bpifrance.fr/download/media-file/78864 | https://www.bpifrance.fr/download/media-file/84927 | https://www.bpifrance.fr/download/media-file/879985 | https://www.bpifrance.fr/download/media-file/879986 | https://www.bpifrance.fr/download/media-file/1099289 | https://www.bpifrance.fr/download/media-file/1891589 | mailto:aap-decarb.maritime@bpifrance.fr | https://www.bpifrance.fr/download/media-file/113870 | https://www.bpifrance.fr/download/media-file/984685 | https://www.bpifrance.fr/download/media-file/84367 | https://www.bpifrance.fr/download/media-file/120241 | https://www.bpifrance.fr/download/media-file/335433 | mailto:france2030culturecdc@caissedesdepots.fr | https://www.bpifrance.fr/download/media-file/1975231 | https://www.bpifrance.fr/download/media-file/1975232 | https://www.bpifrance.fr/download/media-file/1952742 | https://www.bpifrance.fr/download/media-file/2115516 | https://www.bpifrance.fr/download/media-file/2030440 | https://www.bpifrance.fr/download/media-file/2030441 | https://forms.cloud.microsoft/pages/responsepage.aspx?id=kGhXpVBDX0GsQcTEUL735A9p3Z2CcXpNk4Nuqbe4ShhUQkRPRk9XTVIxSUNKME5YRTk3OU8wVlMwNC4u&route=shorturl | https://www.bpifrance.fr/download/media-file/1986865 | https://www.bpifrance.fr/download/media-file/1986866 | https://www.bpifrance.fr/download/media-file/84123 | https://www.bpifrance.fr/download/media-file/98023 | https://www.bpifrance.fr/download/media-file/308379 | https://www.bpifrance.fr/download/media-file/308380","A_REVERIFIER","75","56"
"ae_10461","Appui à l’identification et à la qualification de fournisseurs","AIDE","REGIONAL","Nouvelle-Aquitaine","Région Nouvelle-Aquitaine","SUBVENTION","STARTUP | PME","","","","","25","45","2026-12-31","non","https://les-aides.nouvelle-aquitaine.fr/economie-et-emploi/appui-lidentification-et-la-qualification-de-fournisseurs?Profil=Entreprise&","","A_REVERIFIER","75","19"
"ae_8380","ARME - Anticipation Redressement Mutations Economiques - Aide à la trésorerie et à l'investissement","AIDE","REGIONAL","Normandie","Région Normandie","SUBVENTION","PME | ETI | GE","","","","","","","","non","https://www.normandie.fr/dispositif-arme-anticipation-redressement-mutations-economiques-aide-tresorerie-et-investissement","","A_REVERIFIER","75","16"
"ae_1145","Assurance Prospection","AIDE","NATIONAL","Toutes les Régions","Bpifrance ","AVANCE_REMBOURSABLE","PME | ETI | GE","","","","","3","65","","non","https://www.bpifrance.fr/Toutes-nos-solutions/Garanties-et-assurances/Assurance-prospection-a-l-international/Assurance-prospection","","A_REVERIFIER","63","16"
"ae_11042","Atouts Numériques","AIDE","REGIONAL","Auvergne-Rhône-Alpes","Région Auvergne-Rhône-Alpes | Union Européenne-FEDER","SUBVENTION","PME","","","","","100","100","","non","https://www.ene.fr/agir/atouts-numeriques/","","A_REVERIFIER","69","16"
"ae_12474","Autoconsommation Collective multi acteurs d’électricité renouvelable","AIDE","REGIONAL","Nouvelle-Aquitaine","Région Nouvelle-Aquitaine | Union européenne","SUBVENTION","PME | ETI | GE","","","","","","","2026-12-31","non","https://les-aides.nouvelle-aquitaine.fr/amenagement-du-territoire/autoconsommation-collective-multi-acteurs-delectricite-renouvelable","","A_REVERIFIER","75","19"
"ae_358","Avance + CIR","AIDE","NATIONAL","Toutes les Régions","Bpifrance ","SUBVENTION","PME | ETI | GE","","","","","80","80","","non","https://www.bpifrance.fr/catalogue-offres/avance-cir","","A_REVERIFIER","75","16"
"ae_11347","Avance Innovation","AIDE","NATIONAL","Toutes les Régions","Bpifrance ","AVANCE_REMBOURSABLE","PME | ETI | GE","","","","","70","70","","non","https://www.bpifrance.fr/catalogue-offres/avance-innovation","","A_REVERIFIER","63","16"
"ae_11377","Avance remboursable - Consolidation financière de l’entreprise","AIDE","REGIONAL","Bourgogne-Franche-Comté","Région Bourgogne-Franche-Comté","AVANCE_REMBOURSABLE","PME","","","","","","","","non","https://www.bourgognefranchecomte.fr/node/290","","A_REVERIFIER","56","16"
"ae_7443","Avance remboursable pour la croissance des TPE artisanales,commerciales et de service","AIDE","REGIONAL","Bourgogne-Franche-Comté","Région Bourgogne-Franche-Comté","AVANCE_REMBOURSABLE","PME","","","","","35","35","","non","https://www.bourgognefranchecomte.fr/node/336","","A_REVERIFIER","69","16"
"ae_9158","Booster Exportation - Compte Individuel Export (CIE)","AIDE","REGIONAL","Hauts-de-France","Région Hauts-de-France","SUBVENTION","PME","","","","","50","50","","non","https://www.teamfrance-export.fr/hautsdefrance/solutions/le-compte-individuel-export---cie1","","A_REVERIFIER","69","16"
"ae_9160","Booster Exportation - Missions de prospection et pavillons collectifs sur salon","AIDE","REGIONAL","Hauts-de-France","Région Hauts-de-France","SUBVENTION","PME | ETI | GE","","","","","50","50","","non","https://www.teamfrance-export.fr/hautsdefrance/solutions/12","","A_REVERIFIER","69","16"
"ae_9159","Booster Exportation - Programme Artisanal Régional International (PARI)","AIDE","REGIONAL","Hauts-de-France","Région Hauts-de-France","SUBVENTION","PME","","","5000","5000","50","100","","non","https://www.teamfrance-export.fr/hautsdefrance/solutions/programme-artisanal-regional-international---pari1","","A_REVERIFIER","69","16"
"ae_12104","Booster IA – Soutien à l’émergence de preuves de concept IA","AIDE","REGIONAL","Normandie","Région Normandie","SUBVENTION","PME","","","","","50","50","","non","https://www.normandie.fr/booster-ia-soutien-lemergence-de-preuves-de-concept-ia","","A_REVERIFIER","75","16"
"ae_11043","Booster TPE Artisans-Commerçants","AIDE","REGIONAL","Hauts-de-France","Région Hauts-de-France | Union Européenne-FEDER","SUBVENTION","PME","","","","","","","","non","https://guide-aides.hautsdefrance.fr/dispositif690","","A_REVERIFIER","69","16"
"tee_dg_180","Booster Transformation Rev3","AIDE","NATIONAL","Toutes les Régions","Transition écologique des entreprises — catalogue ouvert","SUBVENTION","","","","","","","","","non","https://mission-transition-ecologique.beta.gouv.fr/aides-entreprise/booster-transformation-rev-3?utm_campaign=openData","","A_REVERIFIER","38","3"
"ae_7027","Bourse French Tech","AIDE","NATIONAL","Toutes les Régions","Bpifrance ","SUBVENTION","PME","","","","","70","70","","non","https://www.bpifrance.fr/catalogue-offres/bourse-french-tech","","A_REVERIFIER","69","16"
"ae_9006","Bourse French Tech Emergence","AIDE","NATIONAL","Toutes les Régions","Bpifrance ","SUBVENTION","PME","","","","","70","70","","non","https://www.bpifrance.fr/Toutes-nos-solutions/Aides-concours-et-labels/Aides-a-l-innovation-projets-individuels/Bourse-French-Tech-Emergence","","A_REVERIFIER","69","16"
"ae_11085","CAP Économie de Proximité - Fonds partenarial","AIDE","REGIONAL","Centre-Val de Loire","Région Centre-Val de Loire","SUBVENTION","PME","","","","","30","50","","non","https://www.centre-valdeloire.fr/le-guide-des-aides-de-la-region-centre-val-de-loire/cap-economie-de-proximite-et-fonds-partenarial","","A_REVERIFIER","69","16"
"ae_11726","CAP PME-PMI","AIDE","REGIONAL","Centre-Val de Loire","Région Centre-Val de Loire","SUBVENTION | AVANCE_REMBOURSABLE","PME","","","","","30","30","","non","https://www.centre-valdeloire.fr/le-guide-des-aides-de-la-region-centre-val-de-loire/cap-pme-pmi","","A_REVERIFIER","69","16"
"ae_11681","CAP TE - Transition Écologique","AIDE","REGIONAL","Centre-Val de Loire","Région Centre-Val de Loire","SUBVENTION","PME","","","","","30","50","","non","https://www.centre-valdeloire.fr/le-guide-des-aides-de-la-region-centre-val-de-loire/cap-te-transition-ecologique","","A_REVERIFIER","69","16"
"ae_7355","CAP'CREATION ESS","AIDE","REGIONAL","Bretagne","Financeurs privés | Région Bretagne","SUBVENTION","PME","","","","","","","","non","https://www.ess-bretagne.org/cap-creation-ess","","A_REVERIFIER","69","16"
"ae_11086","CAP'TN - Transformation Numérique","AIDE","REGIONAL","Centre-Val de Loire","Région Centre-Val de Loire","SUBVENTION","PME","","","","","30","50","","non","https://www.centre-valdeloire.fr/le-guide-des-aides-de-la-region-centre-val-de-loire/cap-tn-transformation-numerique","","A_REVERIFIER","75","16"
"tee_dg_135","CEDRE Ambition","AIDE","NATIONAL","Toutes les Régions","Transition écologique des entreprises — catalogue ouvert","SUBVENTION","","","","","","","","","non","https://mission-transition-ecologique.beta.gouv.fr/aides-entreprise/cedre-ambition?utm_campaign=openData","","A_REVERIFIER","38","3"
"tee_dg_121","CEDRE Investissement","AIDE","NATIONAL","Toutes les Régions","Transition écologique des entreprises — catalogue ouvert","SUBVENTION","","","","","","","","","non","https://mission-transition-ecologique.beta.gouv.fr/aides-entreprise/cedre-investissement?utm_campaign=openData","","A_REVERIFIER","38","3"
"ae_10936","CEDRE Investissements","AIDE","REGIONAL","Provence-Alpes-Côte d’Azur","Région Sud Provence-Alpes-Côte d'Azur","SUBVENTION","PME","","","300000","300000","70","70","","non","https://www.maregionsud.fr/vos-aides/detail/cedre-investissement","","A_REVERIFIER","75","16"
"tee_dg_120","CEDRE Premier Pas","AIDE","NATIONAL","Toutes les Régions","Transition écologique des entreprises — catalogue ouvert","SUBVENTION","","","","","","","","","non","https://mission-transition-ecologique.beta.gouv.fr/aides-entreprise/cedre-premier-pas?utm_campaign=openData","","A_REVERIFIER","38","3"
"ae_10935","CEDRE Premiers pas","AIDE","REGIONAL","Provence-Alpes-Côte d’Azur","Région Sud Provence-Alpes-Côte d'Azur","SUBVENTION","PME","","","","","80","80","","non","https://www.maregionsud.fr/vos-aides/detail/cedre-premiers-pas","","A_REVERIFIER","75","16"
"ae_10674","Chèque innovation","AIDE","REGIONAL","Guadeloupe","Région Guadeloupe","SUBVENTION","PME","","","","","75","75","","non","https://aides.regionguadeloupe.fr/Cheque-innovation","","A_REVERIFIER","69","16"
"ae_11337","Chèque prévention","AIDE","REGIONAL","Île-de-France","Région Ile-de-France","SUBVENTION","PME","","","","","","","","non","https://www.iledefrance.fr/aides-et-appels-a-projets/cheque-prevention","","A_REVERIFIER","69","16"
"ae_9026","Chèque TIC","AIDE","REGIONAL","Guadeloupe","Région Guadeloupe | Union Européenne-FEDER","SUBVENTION","PME","","","","","80","80","","non","https://aides.regionguadeloupe.fr/Aide-cheque-TIC","","A_REVERIFIER","75","16"
"ae_7629","CIFRE (Conventions Industrielles de Formation par la REcherche)","AIDE","NATIONAL","Toutes les Régions","Ministère de l'Enseignement Supérieur, de la Recherche et de l'Espace","SUBVENTION","PME | ETI | GE","","","","","","","","non","https://www.anrt.asso.fr/fr/le-dispositif-cifre-7844","","A_REVERIFIER","69","16"
"ae_9912","Commerce et Artisanat - Aide aux activités non sédentaires","AIDE","REGIONAL","Auvergne-Rhône-Alpes","Région Auvergne-Rhône-Alpes","SUBVENTION","PME","","","","","25","25","","non","https://www.auvergnerhonealpes.fr/aides/financer-linvestissement-de-mon-commerce-non-sedentaire","","A_REVERIFIER","69","16"
"ae_8073","Concours Résolutions","AAP / AMI","REGIONAL","Pays de la Loire","Région Pays de la Loire","SUBVENTION","PME | ETI | GE","","","","","","","","non","https://resolutions-paysdelaloire.fr/","","A_REVERIFIER","75","16"
"ae_880","Congé de conversion des salariés licenciés pour motif économique","AIDE","NATIONAL","Toutes les Régions","Ministère du Travail et des Solidarités","SUBVENTION","PME | ETI | GE","","","","","65","65","","non","https://www.service-public.fr/particuliers/vosdroits/F884","","A_REVERIFIER","75","16"
"ae_11746","Conseil Performance Entreprise - Commercial & Marketing","AIDE","REGIONAL","Auvergne-Rhône-Alpes","Région Auvergne-Rhône-Alpes","SUBVENTION","PME | ETI | GE","","","","","70","70","","non","https://www.ene.fr/agir-2/cpe-commercial-marketing/","","A_REVERIFIER","69","16"
"ae_12060","Contrat Chaleur Renouvelable Bretagne","AIDE","REGIONAL","Bretagne","ADEME | Région Bretagne","SUBVENTION","PME | ETI | GE","","","","","","","","non","https://www.bretagne.bzh/aides/fiches/contrat-chaleur-renouvelable-bretagne/","","A_REVERIFIER","69","16"
"ae_11229","Contrat Entreprise d’Avenir","AIDE","REGIONAL","Occitanie","Région Occitanie","SUBVENTION | AVANCE_REMBOURSABLE","PME | ETI | GE","","","","","","","","non","https://www.laregion.fr/Contrat-Entreprise-d-Avenir","","A_REVERIFIER","69","16"
"ae_10927","Décarbonation des industries - Aide à l’investissement","AIDE","REGIONAL","Bourgogne-Franche-Comté","Région Bourgogne-Franche-Comté","SUBVENTION","PME | ETI | GE","","","","","","","","non","https://www.bourgognefranchecomte.fr/node/3332","","A_REVERIFIER","69","16"
"ae_4678","Décarbonation des industries - Aide au conseil","AIDE","REGIONAL","Bourgogne-Franche-Comté","Région Bourgogne-Franche-Comté","SUBVENTION","PME","","","","","50","50","","non","https://www.bourgognefranchecomte.fr/node/3564","","A_REVERIFIER","69","16"
"ae_11284","Découverte économique : aide aux parcours de visite en entreprise","AIDE","REGIONAL","Nouvelle-Aquitaine","Région Nouvelle-Aquitaine","SUBVENTION","PME","","","","","20","20","","non","https://les-aides.nouvelle-aquitaine.fr/economie-et-emploi/decouverte-economique-parcours-de-visite-en-entreprise","","A_REVERIFIER","75","16"
"ae_12694","Désolé, cette offre n'est plus disponible.","AIDE","REGIONAL","Bretagne","Bpifrance ","SUBVENTION","PME","","","","","","","2026-09-22","non","https://www.bpifrance.fr/catalogue-offres/accelerateur-croissance-bretagne","","A_REVERIFIER","69","19"
"ae_12554","Diag 360","AIDE","NATIONAL","Toutes les Régions","Bpifrance ","SUBVENTION","PME","","","","","23","49","","non","https://www.bpifrance.fr/catalogue-offres/diag-360","","A_REVERIFIER","69","16"
"ae_12330","Diag Adaptation","AIDE","NATIONAL","Toutes les Régions","ADEME | Transition écologique des entreprises — catalogue ouvert","SUBVENTION","PME | ETI | GE","","","","","","","","non","https://www.bpifrance.fr/catalogue-offres/diag-adaptation","","A_REVERIFIER","69","16"
"ae_12160","Diag Biodiversité","AIDE","NATIONAL","Toutes les Régions","Bpifrance ","SUBVENTION","PME","","","","","40","40","","non","https://diag.bpifrance.fr/diag-biodiversite","","A_REVERIFIER","69","16"
"ae_12331","Diag Business International","AIDE","NATIONAL","Toutes les Régions","Bpifrance ","SUBVENTION","PME | ETI | GE","","","","","47.7","47.7","","non","https://www.bpifrance.fr/catalogue-offres/diag-business-international","","A_REVERIFIER","69","16"
"ae_12332","Diag Data IA","AIDE","NATIONAL","Toutes les Régions","Bpifrance ","SUBVENTION","PME | ETI | GE","","","","","40","40","","non","https://www.bpifrance.fr/catalogue-offres/diag-data-ia","","A_REVERIFIER","69","16"
"ae_10667","Diag Décarbon’Action","AIDE","NATIONAL","Toutes les Régions","ADEME | Bpifrance  | Transition écologique des entreprises — catalogue ouvert","SUBVENTION","PME | ETI | GE","","","","","","","","non","https://diag.bpifrance.fr/diag-decarbon-action","","A_REVERIFIER","69","16"
"ae_10320","Diag Eco-Flux","AIDE","NATIONAL","Toutes les Régions","ADEME | Transition écologique des entreprises — catalogue ouvert","SUBVENTION","PME","","","","","","","","non","https://www.bpifrance.fr/catalogue-offres/transition-ecologique-et-energetique/diag-eco-flux","","A_REVERIFIER","69","16"
"ae_10919","Diag Écoconception","AIDE","NATIONAL","Toutes les Régions","ADEME | Transition écologique des entreprises — catalogue ouvert","SUBVENTION","PME","","","","","","","","non","https://diagecoconception.bpifrance.fr/","","A_REVERIFIER","69","16"
"tee_dg_84","Diag Perf'Immo","AIDE","NATIONAL","Toutes les Régions","Transition écologique des entreprises — catalogue ouvert","SUBVENTION","","","","","","","","","non","https://mission-transition-ecologique.beta.gouv.fr/aides-entreprise/diag-perf-immo?utm_campaign=openData","","A_REVERIFIER","38","3"
"ae_10671","Diagnostic Amorçage Industriel","AIDE","NATIONAL","Toutes les Régions","Bpifrance ","SUBVENTION","PME | STARTUP","","","","","80","80","","non","https://www.bpifrance.fr/catalogue-offres/diagnostic-amorcage-industriel","","A_REVERIFIER","75","16"
"ae_11041","Diagnostic cybersécurité","AIDE","REGIONAL","Grand Est","Région Grand Est","SUBVENTION","PME | ETI | GE","","","","","50","50","","non","https://www.grandest.fr/vos-aides-regionales/diagnostic-cybersecurite/","","A_REVERIFIER","75","16"
"ae_7661","Diagnostic Design","AIDE","NATIONAL","Toutes les Régions","Bpifrance ","SUBVENTION","PME","","","","","50","50","","non","https://www.bpifrance.fr/catalogue-offres/diagnostic-design","","A_REVERIFIER","69","16"
"ae_11455","Diagnostic Dispositif Médical","AIDE","NATIONAL","Toutes les Régions","Bpifrance ","SUBVENTION","PME | ETI | GE | STARTUP","","","110000","110000","50","50","","non","https://www.bpifrance.fr/catalogue-offres/diagnostic-dispositif-medical","","A_REVERIFIER","69","16"
"ae_7998","Diagnostic Europe","AIDE","NATIONAL","Toutes les Régions","Bpifrance ","SUBVENTION","PME","","","","","50","50","","non","https://www.bpifrance.fr/Toutes-nos-solutions/Accompagnement/Conseil/Diagnostic-Europe","","A_REVERIFIER","69","16"
"ae_10672","Diagnostic Impact Environnemental","AIDE","NATIONAL","Toutes les Régions","Bpifrance ","SUBVENTION","STARTUP | PME","","","","","50","50","","non","https://www.bpifrance.fr/catalogue-offres/diag-impact-environnemental","","A_REVERIFIER","75","16"
"ae_9659","Diagnostic Partenariat Technologique International","AIDE","NATIONAL","Toutes les Régions","Bpifrance ","SUBVENTION","PME | ETI | GE","","","","","50","50","","non","https://www.bpifrance.fr/Toutes-nos-solutions/Accompagnement/Conseil/Diagnostic-Partenariat-Technologique-International","","A_REVERIFIER","69","16"
"ae_11456","Diagnostic Perf'Immo","AIDE","NATIONAL","Toutes les Régions","ADEME","SUBVENTION","PME","","","","","50","50","","non","https://www.bpifrance.fr/catalogue-offres/diagnostic-perfimmo","","A_REVERIFIER","69","16"
"ae_10673","Diagnostic stratégie propriété intellectuelle","AIDE","NATIONAL","Toutes les Régions","Bpifrance ","SUBVENTION","STARTUP | PME | ETI | GE","","","","","80","80","","non","https://www.bpifrance.fr/catalogue-offres/soutien-a-linnovation/diagnostic-strategie-propriete-intellectuelle","","A_REVERIFIER","75","16"
"ae_12038","Dispositif ""1000 bornes""","AIDE","REGIONAL","Provence-Alpes-Côte d’Azur","Région Sud Provence-Alpes-Côte d'Azur","SUBVENTION","PME","","","300000","300000","50","50","","non","https://www.maregionsud.fr/vos-aides/detail/1-000-bornes","","A_REVERIFIER","75","16"
"ae_11390","Dispositif ""Je recrute mon premier docteur""","AIDE","REGIONAL","Guadeloupe","Région Guadeloupe","SUBVENTION","PME | ETI | GE","","","","","50","50","","non","https://aides.regionguadeloupe.fr/Je-recrute-mon-premier-docteur","","A_REVERIFIER","63","16"
"ae_12000","Dispositif ""Mon assistant IA""","AIDE","REGIONAL","Provence-Alpes-Côte d’Azur","Région Sud Provence-Alpes-Côte d'Azur","SUBVENTION","PME","","","","","100","100","","non","https://www.maregionsud.fr/vos-aides/detail/mon-assistant-ia","","A_REVERIFIER","69","16"
"ae_12071","Dispositif ""Mon projet de rénovation""","AIDE","REGIONAL","Provence-Alpes-Côte d’Azur","Région Sud Provence-Alpes-Côte d'Azur","SUBVENTION","PME","","","","","20","40","","non","https://www.maregionsud.fr/vos-aides/detail/mon-projet-de-renovation","","A_REVERIFIER","75","16"
"ae_12488","Dispositif ""Notre projet coopératif""","AIDE","REGIONAL","Provence-Alpes-Côte d’Azur","Région Sud Provence-Alpes-Côte d'Azur","SUBVENTION","PME","","","50000","50000","","","","non","https://www.maregionsud.fr/vos-aides/detail/notre-projet-cooperatif-1","","A_REVERIFIER","75","16"
"ae_12075","Dispositif ""Paré pour le solaire""","AIDE","REGIONAL","Provence-Alpes-Côte d’Azur","Région Sud Provence-Alpes-Côte d'Azur","SUBVENTION","PME | ETI | GE","","","","","40","50","","non","https://www.maregionsud.fr/vos-aides/detail/plan-solaire-dispositif-pare-pour-le-solaire","","A_REVERIFIER","75","16"
"ae_12048","Dispositif France Expérimentation","AIDE","NATIONAL","Toutes les Régions","Ministère de l’Economie, des Finances et de la Souveraineté Industrielle, Energétique et Numérique","SUBVENTION","PME | ETI | GE","","","","","","","","non","https://www.entreprises.gouv.fr/priorites-et-actions/proximite-et-territoires/simplifier-la-vie-quotidienne-des-entreprises/france","","A_REVERIFIER","75","16"
"ae_11745","Dispositif In 'Cube","AIDE","NATIONAL","Toutes les Régions","Ministère de l’Economie, des Finances et de la Souveraineté Industrielle, Energétique et Numérique","SUBVENTION","PME","","","","","","","","non","https://www.initiative-france.fr/nos-solutions/incube.html","","A_REVERIFIER","69","16"
"ae_10018","Dispositif Transitions collectives","AIDE","NATIONAL","Toutes les Régions","Ministère du Travail et des Solidarités","SUBVENTION","PME | ETI | GE","","","","","40","100","","non","https://travail-emploi.gouv.fr/les-transitions-collectives-transco","","A_REVERIFIER","69","16"
"ae_11624","Document officiel","AIDE","NATIONAL","Toutes les Régions | Hauts-de-France","Ministère de la Transition écologique, de la biodiversité et des négociations internationales sur le climat et la nature | ANR | Europe en France | Office français de la biodiversité | Banque des Territoires | Direction générale des Entreprises | Hauts-de-France","SUBVENTION | PRET_TAUX_ZERO | AVANCE_REMBOURSABLE","PME | ETI | GE | STARTUP","800000","3000000","","","","","2026-11-10","non","https://medias.amf.asso.fr/upload/files/CNT_infographie.pdf","https://medias.amf.asso.fr/upload/files/CNT_infographie.pdf | https://anr.fr/fr/aapg-2027/ | https://anr.fr/fileadmin/documents/2020/ANR_FINANCEMENT_FICHES_LabCom_WEB.pdf | https://anr.fr/fileadmin/documents/2020/ANR_FINANCEMENT_FICHES_Chaires_Indus_WEB.pdf | https://anr.fr/fileadmin/documents/2020/ANR_FINANCEMENT_FICHES_Challenge_WEB.pdf | https://anr.fr/fileadmin/documents/2020/ANR_FINANCEMENT_FICHES_Carnot_WEB.pdf | https://anr.fr/fileadmin/documents/2020/ANR_FINANCEMENT_FICHES_Flash_WEB.pdf | https://anr.fr/fileadmin/documents/2018/ANR-MRSEI-2018.pdf | https://anr.fr/fileadmin/documents/2020/Contacts_poles.pdf | https://anr.fr/fr/rf/ | https://anr.fr/fr/actus/details/news/aapg-2027-lanr-recrute-6-presidentes-et-presidents-de-comites-devaluation-scientifique/ | https://anr.fr/fileadmin/documents/2024/France-2030-ANR-2024-fr.pdf | https://anr.fr/fileadmin/documents/2024/France-2030-ANR-2024-en.pdf | https://anr.fr/fileadmin/documents/2024/Tableau_Conventions_Etat-ANR_25_08_2025.pdf | https://anr.fr/fileadmin/aap/2025/anr_data_france_2030_activites_2024.pdf | https://anr.fr/fileadmin/aap/2026/france2030-aap-pepr-gfm-2026.pdf | https://anr.fr/fr/france-2030/rf-pepr-2024/ | https://anr.fr/fileadmin/aap/2026/France2030-PEPR_GFM-AAP-2026-Trame_Document_Scientifique.docx | https://anr.fr/fileadmin/aap/2026/france2030-aap-pepr-gfm-2026-Annexe-financiere.xlsx | https://anr.fr/fileadmin/aap/2026/france2030-aap-pepr-gfm-2026-Annexe-Publications.docx | https://anr.fr/fileadmin/aap/2026/france2030-aap-pepr-mobidec-2026.pdf | https://france2030.agencerecherche.fr/PEPR-DDM-AAP-2026-lettre | https://anr.fr/fileadmin/aap/2026/france2030-aap-pepr-mobidec-2026-Webinaire-16.07.2026.pdf | https://anr.fr/fileadmin/aap/2026/france2030-aap-pepr-mobidec-2026-FAQ-webinaire-juillet-2026.pdf | https://anr.fr/fileadmin/aap/2026/france2030-aap-pepr-mobidec-2026-Trame-lettre-intention.docx | https://anr.fr/fileadmin/aap/2026/france2030-aap-pepr-propsy-2026.pdf | https://france2030.agencerecherche.fr/PEPR-PROPSY-AAP-2026-dossier | https://anr.fr/fileadmin/aap/2026/france2030-aap-pepr-propsy-2026-webinaire-26082026.pdf | https://anr.fr/fileadmin/aap/2026/france2030-aap-pepr-propsy-2026-FAQ.pdf | https://anr.fr/fileadmin/aap/2026/france2030-aap-pepr-propsy-2026-Trame-Document-Scientifique.docx | https://anr.fr/fileadmin/aap/2026/france2030-aap-pepr-propsy-2026-Trame-Annexe-Publications.docx | https://anr.fr/fileadmin/aap/2026/france2030-aap-pepr-propsy-2026-Annexe-financiere.xlsx | https://anr.fr/fileadmin/aap/2026/france2030-aap-pepr-traccs-2026.pdf | https://france2030.agencerecherche.fr/PEPR-TRACCS-AAP-2026-lettre | https://anr.fr/fileadmin/aap/2026/france2030-aap-pepr-traccs-2026-Trame-Lettre-Intention.docx | https://anr.fr/fileadmin/aap/2025/france2030-ami-Choose-France-for-Science-2025.pdf | https://anr.fr/fileadmin/aap/2025/france2030-ami-Choose-France-for-Science-2025-en.pdf | https://anr.fr/fileadmin/aap/2025/france2030-ami-Choose-France-for-Science-2025-RF.pdf | https://anr.fr/fileadmin/aap/2025/france2030-ami-Choose-France-for-Science-2025-FAQ-20260403.pdf | https://anr.fr/fileadmin/aap/2025/selection/france2030-ami-Choose-France-for-Science-2025-projets-proposes-Juillet2026.pdf | https://anr.fr/fileadmin/aap/2025/france2030-aap-ppr-spe-2025.pdf | https://anr.fr/fileadmin/aap/2025/france2030-aap-ppr-spe-2025-rf.pdf | https://france2030.agencerecherche.fr/PPR-SpE-AAP-2025-lettre | https://anr.fr/fileadmin/aap/2025/france2030-aap-ppr-spe-2025-faq.pdf | https://anr.fr/fileadmin/aap/2025/france2030-aap-ppr-spe-2025-Trame-Pre-proposition.docx | https://anr.fr/fileadmin/aap/2025/france2030-aap-ppr-spe-2025-Trame-Document-scientifique.docx | https://anr.fr/fileadmin/aap/2025/france2030-aap-ppr-spe-2025-Annexe-financiere.xlsx | https://anr.fr/fileadmin/aap/2025/france2030-aap-ppr-spe-2025-Annexe-publications.docx | https://ec.europa.eu/info/funding-tenders/opportunities/docs/2021-2027/common/guidance/list-3rd-country-participation_horizon-euratom_en.pdf | https://anr.fr/fileadmin/aap/2027/aap-ramp-2027-annexe-fr.pdf | https://anr.fr/fileadmin/aap/2027/aap-cetp-2027.pdf | https://anr.fr/fileadmin/aap/2027/aap-cetp-2027-annexe-fr.pdf | javascript:linkTo_UnCryptMailto('jxfiql7xxmd+pzfbkzbXxdbkzbobzebozeb+co'); | https://anr.fr/fileadmin/aap/2027/anr-aapg-2027.pdf | https://anr.fr/fileadmin/aap/2027/anr-aapg-2027-guide-v1.0.pdf | https://anr.fr/fileadmin/aap/2027/anr-aapg-2027-FAQ-Etp1-V1.0.pdf | https://anr.fr/fileadmin/aap/2027/anr-aapg-2027-Trame-pre-proposition-V1.0.docx | https://anr.fr/fileadmin/aap/2027/anr-aapg-2027-Trame-pre-proposal-V1.0.docx | https://aap.agencerecherche.fr/_layouts/15/SIM/Pages/SIMNouveauProjet.aspx?idAAP=2482 | https://anr.fr/fileadmin/aap/2027/anr-aapg-2027-Annexe-budgetaire-obligatoire-partenaires-fr-Lead.docx | https://anr.fr/fileadmin/aap/2027/anr-aapg-2027-cofin-dgos.pdf | https://anr.fr/fileadmin/aap/2027/anr-aapg-2027-prci-DFG.pdf | https://anr.fr/fileadmin/aap/2027/anr-aapg-2027-prci-FWF.pdf | https://anr.fr/fileadmin/aap/2027/anr-aapg-2027-prci-CNPQ.pdf | https://anr.fr/fileadmin/aap/2027/anr-aapg-2027-prci-FACEPE.pdf | https://anr.fr/fileadmin/aap/2027/anr-aapg-2027-prci-FAPESP.pdf | https://anr.fr/fileadmin/aap/2027/anr-aapg-2027-prci-RGC.pdf | https://anr.fr/fileadmin/aap/2027/anr-aapg-2027-prci-FNR.pdf | https://anr.fr/fileadmin/aap/2027/anr-aapg-2027-prci-NRF.pdf | https://anr.fr/fileadmin/aap/2027/anr-aapg-2027-prci-FNS.pdf | https://anr.fr/fileadmin/aap/2027/anr-aapg-2027-prci-NSTC.pdf | javascript:linkTo_UnCryptMailto('jxfiql7xxmd+pzfbkzbXxko+co'); | javascript:linkTo_UnCryptMailto('jxfiql7xxmd+xacfXxko+co'); | javascript:linkTo_UnCryptMailto('jxfiql7zlkqxzq+mxxmXxko+co'); | https://anr.fr/fr/detail/call/aapg-appel-a-projets-generique-2027/ | https://anr.fr/en/call-for-proposals-details/call/aapg-2027-generic-call-for-proposals/ | https://anr.fr/fr/detail/call/aapg-appel-a-projets-generique-2027/# | https://anr.fr/fileadmin/aap/2027/aap-prima-s2-2027.pdf | https://anr.fr/fileadmin/aap/2027/aap-prima-s2-2027-annexe-fr.pdf | https://prima-med.org/wp-content/uploads/2025/04/PRIMA-Work-Programme-2025-adopted-C.pdf | https://prima-med.org/wp-content/uploads/2025/04/S2-Guidelines-for-Applicants-2025-final-updated.pdf | https://anr.fr/fileadmin/aap/2027/aap-meranet-2027-annexe-fr.pdf | https://www.europe-en-france.gouv.fr/fr/fonds-europeens-2021-2027/fonds-asile-migration-integration-fami | https://www.europe-en-france.gouv.fr/fr/articles/france-lance-mise-en-oeuvre-reglement-bridge-eu-renforcer-cooperation-transfrontaliere | https://www.europe-en-france.gouv.fr/fr/appels-a-projet/horizon-europe-defis-eic-pathfinder-2026-2026 | https://www.europe-en-france.gouv.fr/fr/appels-a-projet/socpl-information-consultation-participation-representants-entreprises-2026 | https://www.europe-en-france.gouv.fr/fr/appels-a-projet/eu-bodies-and-agencies-assistance-scientifique-technique-activite-prospective | https://www.europe-en-france.gouv.fr/fr/appels-a-projet/eu-bodies-and-agencies-recherche-analyse-jurisprudence-relative-protection | https://www.europe-en-france.gouv.fr/fr/appels-a-projet/fond-social-europeen-fse-dialogue-structure-personnes-ayant-vecu-laposexperience | https://www.europe-en-france.gouv.fr/fr/appels-a-projet/mie-mie-2-transport-adaptation-rte-t-usage-mixte-civil-militaire-enveloppe | https://www.europe-en-france.gouv.fr/fr/appels-a-projet/mie-mie-2-transport-facilite-infrastructures-dediees-carburants-alternatifs | https://www.europe-en-france.gouv.fr/fr/appels-a-projet/mie-capacites-reparation-cables-sous-marins-2026 | https://www.europe-en-france.gouv.fr/fr/appels-a-projet/horizon-europe-msca-echanges-personnel-2027-2027 | https://www.europe-en-france.gouv.fr/fr/appels-a-projet/horizon-europe-msca-choisir-laposeurope-science-2027-2027 | https://www.europe-en-france.gouv.fr/sites/default/files/fiche_programme_aura.pdf | https://www.europe-en-france.gouv.fr/sites/default/files/fiche_programme_bfc.pdf | https://www.europe-en-france.gouv.fr/sites/default/files/fiche_programme_bretagne.pdf | https://www.europe-en-france.gouv.fr/sites/default/files/fiche_programme_cvdl.pdf | https://www.europe-en-france.gouv.fr/sites/default/files/fiche_programme_region-corse_vf.pdf | https://www.europe-en-france.gouv.fr/sites/default/files/fiche_programme_region_guadeloupe_01_2023_vf.pdf | https://www.europe-en-france.gouv.fr/sites/default/files/fiche_programme_guyane.pdf | https://www.europe-en-france.gouv.fr/sites/default/files/fiche_programme_grandest.pdf | https://www.europe-en-france.gouv.fr/sites/default/files/fiche_programme_hdf.pdf | https://www.europe-en-france.gouv.fr/sites/default/files/fiche_programme_idf.pdf | https://www.europe-en-france.gouv.fr/sites/default/files/fiche_programme_region-martinique_12-2022.pdf | https://www.europe-en-france.gouv.fr/sites/default/files/fiche_programme_region-mayotte_12-2022.pdf | https://www.europe-en-france.gouv.fr/sites/default/files/fiche_programme_normandie.pdf | https://www.europe-en-france.gouv.fr/sites/default/files/fiche_programme_naq.pdf | https://www.europe-en-france.gouv.fr/sites/default/files/fiche_programme_occitanie.pdf | https://www.europe-en-france.gouv.fr/sites/default/files/fiche_programme_pdll.pdf | https://www.europe-en-france.gouv.fr/sites/default/files/fiche_programme_paca.pdf | https://www.europe-en-france.gouv.fr/sites/default/files/fiche_programme_region-reunion_vf2.pdf | https://www.europe-en-france.gouv.fr/sites/default/files/fiche_programme_region-sxm_03_2023.pdf | https://www.europe-en-france.gouv.fr/sites/default/files/2025-03/Fiche_programme_PN_FSE%20indd.pdf | https://www.europe-en-france.gouv.fr/sites/default/files/fiche_programme_pn_ftj_03-2023_vf.pdf | https://www.europe-en-france.gouv.fr/fr/ressources/faq-reglementation-gestion-controle-fonds-europeens-2021-2027 | https://fse.gouv.fr/sites/default/files/2023-03/ProgrammeFSE_A4_0.pdf | https://eic.ec.europa.eu/system/files/2025-11/EIC-Work-Programme-2026.pdf | https://ec.europa.eu/info/funding-tenders/opportunities/docs/2021-2027/socpl/wp-call/2026/call-fiche_socpl-2026-info-repr_en.pdf | https://www.efsa.europa.eu/sites/default/files/documents/fin/Call%20for%20Proposals_HorizonScanningPlantHealth%20(6).pdf | https://www.euaa.europa.eu/sites/default/files/2026-05/cfp_euaa-2026-clw_en.pdf | https://ec.europa.eu/info/funding-tenders/opportunities/docs/2021-2027/common/guidance/list-3rd-country-participation_esf-socpl_en.pdf | https://ec.europa.eu/info/funding-tenders/opportunities/docs/2021-2027/esf/wp-call/2027/call-fiche_esf-2027-pep-engagement_en.pdf | https://ec.europa.eu/info/funding-tenders/opportunities/docs/2021-2027/cef/wp-call/2026/call-fiche_cef-t-2026-milmob_en.pdf | https://aides-territoires.beta.gouv.fr/aides/mie-mie-2-transport-adaptation-du-rte-t-a-un-usage-mixte-civil-militaire-enveloppe-budgetaire-consacree-a-la-mobilite-militaire-2026/ | https://ec.europa.eu/info/funding-tenders/opportunities/docs/2021-2027/cef/guidance/list-3rd-country-participation_cef_en.pdf | https://ec.europa.eu/info/funding-tenders/opportunities/docs/2021-2027/cef/wp-call/2026/call-fiche_cef-t-2026-afifgen_en.pdf | https://ec.europa.eu/info/funding-tenders/opportunities/docs/2021-2027/cef/wp-call/2026/call-fiche_cef-dig-2026-cable-repair-capacities_en.pdf | https://ec.europa.eu/info/funding-tenders/opportunities/docs/2021-2027/horizon/wp-call/2026-2027/wp-2-marie-sklodowska-curie-actions_horizon-2026-2027_en.pdf | https://www.europe-en-france.gouv.fr/fr/aides-d-etat#tab-1 | https://www.europe-en-france.gouv.fr/fr/aides-d-etat#tab-2 | https://eur-lex.europa.eu/legal-content/FR/TXT/?uri=celex%3A32015R1589 | https://www.europe-en-france.gouv.fr/fr/aides-d-etat#accordion-133481 | https://www.europe-en-france.gouv.fr/fr/ressources/reglementation-reglement-general-exemption-categorie-rgec-ndeg-6512014-publie-joue-26 | https://eur-lex.europa.eu/legal-content/FR/TXT/HTML/?uri=CELEX:32022R2472 | https://eur-lex.europa.eu/legal-content/FR/TXT/?uri=celex%3A32022R2473 | https://eur-lex.europa.eu/legal-content/FR/TXT/?uri=CELEX%3A02013R1408-20231025 | https://eur-lex.europa.eu/legal-content/FR/TXT/PDF/?uri=CELEX:32019R0316&from=EN | https://eur-lex.europa.eu/legal-content/FR/TXT/HTML/?uri=OJ:L_202302391&qid=1696602378779 | https://eur-lex.europa.eu/legal-content/FR/TXT/?uri=OJ:L_202403118 | https://eur-lex.europa.eu/legal-content/FR/TXT/PDF/?uri=CELEX:32014R0717&from=EN | https://eur-lex.europa.eu/legal-content/FR/TXT/PDF/?uri=CELEX:32020R2008&from=FR | https://eur-lex.europa.eu/legal-content/FR/TXT/?uri=celex%3A32022R2514 | https://www.europe-en-france.gouv.fr/ressources/presentation-sur-la-reglementation-des-aides-detat | https://www.economie.gouv.fr/files/files/directions_services/daj/publications/Vade-mecum-aides-Etat-2020/Vademecum_aides240920.pdf | https://www.europe-en-france.gouv.fr/fr/ressources/faq-reglementation-gestion-controle-fonds-europeens-2014-2020 | https://www.europe-en-france.gouv.fr/fr/ressources/liste-aides-minimis-annee-2019-recensees-niveau-national | https://eur-lex.europa.eu/legal-content/FR/TXT/PDF/?uri=CELEX:32014R1388&from=FR | https://fse.gouv.fr/les-appels-a-projets/ile-de-francecd78-aap-2026-externe-osh-favoriser-linsertion-et-linclusion | https://fse.gouv.fr/sites/default/files/2025-10/Programme%20FTJ%2020212027.pdf | http://europe-en-france.gouv.fr/sites/default/files/fiche_programme_aura.pdf | http://europe-en-france.gouv.fr/sites/default/files/fiche_programme_bfc.pdf | http://europe-en-france.gouv.fr/sites/default/files/fiche_programme_bretagne.pdf | http://europe-en-france.gouv.fr/sites/default/files/fiche_programme_cvdl.pdf | http://europe-en-france.gouv.fr/sites/default/files/fiche_programme_region-corse_vf.pdf | http://europe-en-france.gouv.fr/sites/default/files/fiche_programme_region_guadeloupe_01_2023_vf.pdf | http://europe-en-france.gouv.fr/sites/default/files/fiche_programme_guyane.pdf | http://europe-en-france.gouv.fr/sites/default/files/fiche_programme_grandest.pdf | http://europe-en-france.gouv.fr/sites/default/files/fiche_programme_hdf.pdf | http://europe-en-france.gouv.fr/sites/default/files/fiche_programme_idf.pdf | http://europe-en-france.gouv.fr/sites/default/files/fiche_programme_region-martinique_12-2022.pdf | http://europe-en-france.gouv.fr/sites/default/files/fiche_programme_region-mayotte_12-2022.pdf | http://europe-en-france.gouv.fr/sites/default/files/fiche_programme_normandie.pdf | http://europe-en-france.gouv.fr/sites/default/files/fiche_programme_naq.pdf | http://europe-en-france.gouv.fr/sites/default/files/fiche_programme_occitanie.pdf | http://europe-en-france.gouv.fr/sites/default/files/fiche_programme_pdll.pdf | http://europe-en-france.gouv.fr/sites/default/files/fiche_programme_paca.pdf | http://europe-en-france.gouv.fr/sites/default/files/fiche_programme_region-reunion_vf2.pdf | http://europe-en-france.gouv.fr/sites/default/files/fiche_programme_region-sxm_03_2023.pdf | http://europe-en-france.gouv.fr/sites/default/files/2025-03/Fiche_programme_PN_FSE%20indd.pdf | http://europe-en-france.gouv.fr/sites/default/files/fiche_programme_pn_ftj_03-2023_vf.pdf | http://europe-en-france.gouv.fr/fr/ressources/faq-reglementation-gestion-controle-fonds-europeens-2021-2027 | https://ofb.gouv.fr/financements/aap-mission-nature | https://demarche.numerique.gouv.fr/commencer/ami-integrer-la-biodiv | https://ofb.gouv.fr/sites/ofb-gouv-fr/files/2026-08/regl-ami-achats-collect-et-biodiv.pdf | https://ofb.gouv.fr/sites/ofb-gouv-fr/files/2025-12/webinaire-administratif-aapn-2025.pdf | https://ofb.gouv.fr/sites/ofb-gouv-fr/files/2025-11/reglement_aap_ecophyto_2025_aacxn2k.pdf | https://ofb.gouv.fr/sites/ofb-gouv-fr/files/2025-11/fiche-projet-aapn_2025.docx | https://www.ecologie.gouv.fr/sites/default/files/documents/28032025_DP_captage.pdf | https://ofb.gouv.fr/sites/ofb-gouv-fr/files/2026-08/laureats-aapn-ecophyto-2025-2026-avec-carte.pdf | https://ofb.gouv.fr/sites/ofb-gouv-fr/files/2026-02/faq_aapn_ecophyto_2025_0.pdf | https://docs.google.com/forms/d/e/1FAIpQLSeVgMPCKRMIvzbSZACLe8o98KVvyiAiqx5VZmzQXJhUrbAQiA/viewform?usp=header | https://www.humanite-biodiversite.fr/page/3880529-faq-concours-2026 | https://formulaires.ofb.fr/inscription-au-webinaire-de-presentation-de-lami-projets-collectifs-dentreprises-en-faveur-de-la | https://ofb.gouv.fr/sites/ofb-gouv-fr/files/2026-04/ofb-25_1005_rglt_ami_projets_collectifs_biodiversite_vf_20260312.pdf | https://ofb.gouv.fr/aap-ecophyto-les-outils-disponibles-pour-les-acteurs-des-jardins-espaces-vegetalises-et | https://ofb.gouv.fr/sites/ofb-gouv-fr/files/Fichiers/Appels%20%C3%A0%20projets/aap-biosurveillance-2023_reglement-administratif.pdf | https://ofb.gouv.fr/sites/ofb-gouv-fr/files/Fichiers/Appels%20%C3%A0%20projets/aap-biosurveillance_sentinelle-act_resume.pdf | https://ofb.gouv.fr/sites/ofb-gouv-fr/files/Fichiers/Appels%20%C3%A0%20projets/aap-biosurveillance_biocaire_resume.pdf | https://ofb.gouv.fr/pollutions-et-contaminants | https://ofb.gouv.fr/sites/ofb-gouv-fr/files/2026-07/ofb_26_0450_regl_aap_20260629_financement_n2000_dfm_med_vf.pdf | https://ofb.gouv.fr/sites/ofb-gouv-fr/files/2026-07/annexe-1-fiche-projet.docx | https://ofb.gouv.fr/sites/ofb-gouv-fr/files/2026-07/fiche-administrative-subvention-bloquee.docx | https://ofb.gouv.fr/sites/ofb-gouv-fr/files/2026-07/fiche-financiere-ofb_v2.2_1beneficiaire_1action-1.xlsx | https://demarche.numerique.gouv.fr/commencer/ami-accompagnement-valorisation-acteurs-inspirants | https://ofb.gouv.fr/sites/ofb-gouv-fr/files/2026-08/reglement_ami_2026_vf.pdf | https://ofb.gouv.fr/sites/ofb-gouv-fr/files/2026-03/ofb_26_0008_aap_mission_nature_2026_reglement_administratif_vf.pdf | https://ofb.gouv.fr/sites/ofb-gouv-fr/files/2026-03/dossier-candidature-aap-mission-nature-2026.zip | mailto:aap.mission.nature@ofb.gouv.fr | https://formulaires.ofb.fr/candidater-aux-trophees-des-abc-2026-1775573416 | https://ofb.gouv.fr/sites/ofb-gouv-fr/files/2026-04/trophees-abc-reglement.pdf | https://ofb.gouv.fr/sites/ofb-gouv-fr/files/2026-06/fiche_de_candidature_trophees_abc_2026.docx | https://abc.naturefrance.fr/sites/default/files/2024-06/Atlas%20de%20biodiversit%C3%A9%20communale%20de%20M%C3%BBrs-%C3%89rign%C3%89_juin2024.pdf | https://abc.naturefrance.fr/sites/default/files/2023-10/2023_RAPPORT_ABC_REMIRE_MONTJOLY_compressed.pdf | https://abc.naturefrance.fr/sites/default/files/2024-06/20240513%20Rapport%20final%20de%20l%27ABC%20Vall%C3%A9e%20de%20l%27H%C3%A9rault%20VF.pdf | https://geo.pays-saint-malo.fr/documents/atlas_biodiv/site_contenu/ressources/recueil_biodiv_avant_aujourdhui.pdf | https://geo.pays-saint-malo.fr/documents/atlas_biodiv/site_contenu/latlas_prend_la_plume_2023_web_temp.pdf | https://geo.pays-saint-malo.fr/documents/atlas_biodiv/site_contenu/plan_local_biodiversite_2023_2027_web_temp.pdf | https://valdaigoual.fr/wp-content/uploads/2022/09/ABC_rapport_final.pdf | https://abc.naturefrance.fr/sites/default/files/2021-08/ABC%20Albi%20Rapport%20final.pdf | https://ofb.gouv.fr/sites/ofb-gouv-fr/files/2025-10/reglement-aap-biodiv-eco-om-atlantique-2021-vf_1103.pdf | https://ofb.gouv.fr/sites/ofb-gouv-fr/files/2025-10/1_liste-pieces-a-fournir.pdf | https://ofb.gouv.fr/sites/ofb-gouv-fr/files/2025-10/2_note_notion-activite-economique.pdf | https://ofb.gouv.fr/sites/ofb-gouv-fr/files/2025-10/attestation-absence-activite-economique.doc | https://ofb.gouv.fr/sites/ofb-gouv-fr/files/2025-10/attestation-minimis.doc | https://ofb.gouv.fr/sites/ofb-gouv-fr/files/2025-10/cerfa_12156-05_associations.pdf | https://ofb.gouv.fr/sites/ofb-gouv-fr/files/2025-10/modele_budget-projet.xls | https://ofb.gouv.fr/sites/ofb-gouv-fr/files/2025-10/reglement-biodiveco2022.pdf | https://ofb.gouv.fr/sites/ofb-gouv-fr/files/2025-10/guide-demarche-faq.pdf | https://ofb.gouv.fr/sites/ofb-gouv-fr/files/2026-05/reglement-administratif-aires-educatives-campagne.pdf | https://docs.google.com/forms/d/e/1FAIpQLSdLMRDsjFVZacBYWluxB_hRwNHwFlsKavNnhXAEvUarg5gKBQ/viewform | https://ofb.gouv.fr/sites/ofb-gouv-fr/files/2025-10/laureats-abc-2023.pdf | https://ofb.gouv.fr/sites/ofb-gouv-fr/files/2025-10/laureats-abc-2022.pdf | https://ofb.gouv.fr/sites/ofb-gouv-fr/files/2025-10/laureats-abc-2021.pdf | https://ofb.gouv.fr/sites/ofb-gouv-fr/files/2025-10/laureats-abc-2020.pdf | https://ofb.gouv.fr/sites/ofb-gouv-fr/files/2026-03/aapn-ecophyto_laureats_2022-2023.pdf | https://ofb.gouv.fr/sites/ofb-gouv-fr/files/2026-03/aapn-ecophyto_laureats_2021-2022-volets1-2.pdf | https://ofb.gouv.fr/sites/ofb-gouv-fr/files/2026-03/aapn-ecophyto_laureats_2020-2021-volet1.pdf | https://ofb.gouv.fr/sites/ofb-gouv-fr/files/2026-03/aapn-ecophyto_laureats_2020-2021-volet2.pdf | mailto:ami.inter-PNMs@ofb.gouv.fr | https://ofb.gouv.fr/sites/ofb-gouv-fr/files/Fichiers/Appels%20%C3%A0%20projets/AMI-PNM-Agoa/ami-pnm-agoa-2021_reglement-administratif.pdf | https://ofb.gouv.fr/sites/ofb-gouv-fr/files/Fichiers/Appels%20%C3%A0%20projets/AMI-PNM-Agoa/ami-pnm-agoa-2021_note-cadrage-scientifique.pdf | https://ofb.gouv.fr/sites/ofb-gouv-fr/files/Fichiers/Appels%20%C3%A0%20projets/AMI-PNM-Agoa/ami-pnm-agoa-2021_mosceco-presentation.pdf | https://ofb.gouv.fr/sites/ofb-gouv-fr/files/Fichiers/Appels%20%C3%A0%20projets/AMI-PNM-Agoa/ami-pnm-agoa-2021_paco-presentation.pdf | https://ofb.gouv.fr/sites/ofb-gouv-fr/files/2026-05/apr-solsbiodiv-reglement_2018.pdf | https://ofb.gouv.fr/sites/ofb-gouv-fr/files/Fichiers/Appels%20%C3%A0%20projets/apr-solsbiodiv-reglement_2024-bd.pdf | https://oai-gem.ofb.fr/exl-php/document-affiche/cli_recherche_api/OUVRE_DOC/3350?fic=doc00087518.pdf | https://oai-gem.ofb.fr/exl-php/document-affiche/cli_recherche_api/OUVRE_DOC/3352?fic=doc00087516.pdf | https://oai-gem.ofb.fr/exl-php/document-affiche/cli_recherche_api/OUVRE_DOC/3353?fic=doc00087515.pdf | https://oai-gem.ofb.fr/exl-php/document-affiche/cli_recherche_api/OUVRE_DOC/3351?fic=doc00087517.pdf | https://oai-gem.ofb.fr/exl-php/document-affiche/cli_recherche_api/OUVRE_DOC/2458?fic=doc00073514.pdf | https://www.banquedesterritoires.fr/sites/default/files/2025-12/2025-12-Plaquette-Mandats.pdf | https://www.banquedesterritoires.fr/produits-services/prets-long-terme/pret-pru-am-pret-renouvellement-urbain-amenagement | https://www.demarches-simplifiees.fr/commencer/aap-france-2030-regionalise-bourgogne-franche-comte | https://www.demarches-simplifiees.fr/commencer/ami-edv | https://mon-compte.banquedesterritoires.fr/#/contact/formulaire/produit/117944 | http://www.facebook.com/share.php?u=https://www.banquedesterritoires.fr/aap-transition-numerique-culture-appropriation-intelligence-artificielle&title=Transition%20num%C3%A9rique%20de%20la%20Culture%20et%20appropriation%20de%20l%E2%80%99intelligence%20artificielle | http://www.linkedin.com/shareArticle?mini=true&url=https://www.banquedesterritoires.fr/aap-transition-numerique-culture-appropriation-intelligence-artificielle&title=Transition%20num%C3%A9rique%20de%20la%20Culture%20et%20appropriation%20de%20l%E2%80%99intelligence%20artificielle&source=https://www.banquedesterritoires.fr/aap-transition-numerique-culture-appropriation-intelligence-artificielle | https://twitter.com/intent/tweet?url=https://www.banquedesterritoires.fr/aap-transition-numerique-culture-appropriation-intelligence-artificielle&text=Transition%20num%C3%A9rique%20de%20la%20Culture%20et%20appropriation%20de%20l%E2%80%99intelligence%20artificielle+https://www.banquedesterritoires.fr/aap-transition-numerique-culture-appropriation-intelligence-artificielle | https://www.banquedesterritoires.fr/social-media-forward?subject=Banque%20des%20Territoires%20Transition%20num%C3%A9rique%20de%20la%20Culture%20et%20appropriation%20de%20l%E2%80%99intelligence%20artificielle&body=Cet%20article%20peut%20vous%20int%C3%A9resser%20%3A%20https://www.banquedesterritoires.fr/aap-transition-numerique-culture-appropriation-intelligence-artificielle&destination=/node/116144 | https://www.banquedesterritoires.fr/sites/default/files/2025-05/France%202030%20-%20CdC%20Culture%20IA%20v5.pdf | https://www.banquedesterritoires.fr/sites/default/files/2025-06/VF_FAQ%20AAP%20Culture%20num%20et%20IA.pdf | https://www.banquedesterritoires.fr/sites/default/files/2025-06/Pr%C3%A9sentation%20AAP%20Culture%20num%C3%A9rique%20VF.pdf | mailto:france2030culturecdc@caissedesdepots.fr | https://www.banquedesterritoires.fr/programme-territoires-de-montagne | https://www.banquedesterritoires.fr/aap-transition-numerique-culture-appropriation-intelligence-artificielle#top | https://www.demarches-simplifiees.fr/commencer/aap-france-2030-regionalise-grand-est | mailto:France2030CVDL@caissedesdepots.fr | https://www.banquedesterritoires.fr/sites/default/files/2022-12/dossier_de_candidature.docx | https://www.banquedesterritoires.fr/sites/default/files/2022-12/r%C3%A9glement_financier.pdf | https://www.banquedesterritoires.fr/sites/default/files/2022-12/AAP_France_2030_r%C3%A9gionalis%C3%A9_projets_de_formations_professionnelles.pdf | https://www.demarches-simplifiees.fr/commencer/aap-france-2030-regionalise-auvergne-rhone-alpes | https://www.demarches-simplifiees.fr/commencer/aap-france-2030-regionalise-bretagne-ifp | https://www.demarches-simplifiees.fr/commencer/aap-france-2030-regionalise-ile-de-france | https://demarche.numerique.gouv.fr/commencer/aap-france-2030-regionalise-martinique-ingenierie | https://www.banquedesterritoires.fr/sites/default/files/2025-05/CAHIER_DES_CHARGES.pdf | https://www.banquedesterritoires.fr/sites/default/files/2025-05/REGLEMENT_FINANCIER.pdf | https://www.banquedesterritoires.fr/sites/default/files/2025-05/DOSSIER_CANDIDATURE.docx | https://www.banquedesterritoires.fr/sites/default/files/2025-05/Annexes_financieres.xlsx | http://www.facebook.com/share.php?u=https://www.banquedesterritoires.fr/ami-metaux-et-minerais-critiques&title=AMI%20M%C3%A9taux%20et%20Minerais%20Critiques | http://www.linkedin.com/shareArticle?mini=true&url=https://www.banquedesterritoires.fr/ami-metaux-et-minerais-critiques&title=AMI%20M%C3%A9taux%20et%20Minerais%20Critiques&source=https://www.banquedesterritoires.fr/ami-metaux-et-minerais-critiques | https://twitter.com/intent/tweet?url=https://www.banquedesterritoires.fr/ami-metaux-et-minerais-critiques&text=AMI%20M%C3%A9taux%20et%20Minerais%20Critiques+https://www.banquedesterritoires.fr/ami-metaux-et-minerais-critiques | https://www.banquedesterritoires.fr/social-media-forward?subject=Banque%20des%20Territoires%20AMI%20M%C3%A9taux%20et%20Minerais%20Critiques&body=Cet%20article%20peut%20vous%20int%C3%A9resser%20%3A%20https://www.banquedesterritoires.fr/ami-metaux-et-minerais-critiques&destination=/node/123663 | https://demarche.numerique.gouv.fr/commencer/ami-mmc | https://www.banquedesterritoires.fr/relocalisation-industrielle | https://www.banquedesterritoires.fr/sites/default/files/2026-07/France2030%20AMI-MMC%20Cahier%20des%20Charges.pdf | https://www.banquedesterritoires.fr/ami-metaux-et-minerais-critiques#top | http://www.facebook.com/share.php?u=https://www.banquedesterritoires.fr/france-2030-grands-defis-volet-global-tech-segment-cote-du-marche&title=AMI%20-%20France%202030%20Grands%20D%C3%A9fis%20volet%20%C2%AB%20Global%20Tech%20%C2%BB%20Segment%20C%C3%B4t%C3%A9%20du%20march%C3%A9 | http://www.linkedin.com/shareArticle?mini=true&url=https://www.banquedesterritoires.fr/france-2030-grands-defis-volet-global-tech-segment-cote-du-marche&title=AMI%20-%20France%202030%20Grands%20D%C3%A9fis%20volet%20%C2%AB%20Global%20Tech%20%C2%BB%20Segment%20C%C3%B4t%C3%A9%20du%20march%C3%A9&source=https://www.banquedesterritoires.fr/france-2030-grands-defis-volet-global-tech-segment-cote-du-marche | https://twitter.com/intent/tweet?url=https://www.banquedesterritoires.fr/france-2030-grands-defis-volet-global-tech-segment-cote-du-marche&text=AMI%20-%20France%202030%20Grands%20D%C3%A9fis%20volet%20%C2%AB%20Global%20Tech%20%C2%BB%20Segment%20C%C3%B4t%C3%A9%20du%20march%C3%A9+https://www.banquedesterritoires.fr/france-2030-grands-defis-volet-global-tech-segment-cote-du-marche | https://www.banquedesterritoires.fr/social-media-forward?subject=Banque%20des%20Territoires%20AMI%20-%20France%202030%20Grands%20D%C3%A9fis%20volet%20%C2%AB%20Global%20Tech%20%C2%BB%20Segment%20C%C3%B4t%C3%A9%20du%20march%C3%A9&body=Cet%20article%20peut%20vous%20int%C3%A9resser%20%3A%20https://www.banquedesterritoires.fr/france-2030-grands-defis-volet-global-tech-segment-cote-du-marche&destination=/node/118579 | http://www.facebook.com/share.php?u=https://www.banquedesterritoires.fr/aap-aides-innovation-bottomup-projets-formation-professionnelle-nouvelle-caledonie&title=Nouvelle-Cal%C3%A9donie%20%7C%20Appel%20%C3%A0%20projets%20Aides%20%C3%A0%20l%E2%80%99innovation%20%E2%80%9CBottom-up%E2%80%9D%20Projets%20de%20formation%20professionnelle%20-%20 | http://www.linkedin.com/shareArticle?mini=true&url=https://www.banquedesterritoires.fr/aap-aides-innovation-bottomup-projets-formation-professionnelle-nouvelle-caledonie&title=Nouvelle-Cal%C3%A9donie%20%7C%20Appel%20%C3%A0%20projets%20Aides%20%C3%A0%20l%E2%80%99innovation%20%E2%80%9CBottom-up%E2%80%9D%20Projets%20de%20formation%20professionnelle%20-%20&source=https://www.banquedesterritoires.fr/aap-aides-innovation-bottomup-projets-formation-professionnelle-nouvelle-caledonie | https://twitter.com/intent/tweet?url=https://www.banquedesterritoires.fr/aap-aides-innovation-bottomup-projets-formation-professionnelle-nouvelle-caledonie&text=Nouvelle-Cal%C3%A9donie%20%7C%20Appel%20%C3%A0%20projets%20Aides%20%C3%A0%20l%E2%80%99innovation%20%E2%80%9CBottom-up%E2%80%9D%20Projets%20de%20formation%20professionnelle%20-%20+https://www.banquedesterritoires.fr/aap-aides-innovation-bottomup-projets-formation-professionnelle-nouvelle-caledonie | https://www.banquedesterritoires.fr/social-media-forward?subject=Banque%20des%20Territoires%20Nouvelle-Cal%C3%A9donie%20%7C%20Appel%20%C3%A0%20projets%20Aides%20%C3%A0%20l%E2%80%99innovation%20%E2%80%9CBottom-up%E2%80%9D%20Projets%20de%20formation%20professionnelle%20-%20&body=Cet%20article%20peut%20vous%20int%C3%A9resser%20%3A%20https://www.banquedesterritoires.fr/aap-aides-innovation-bottomup-projets-formation-professionnelle-nouvelle-caledonie&destination=/node/120413 | https://www.demarches-simplifiees.fr/commencer/aap-france2030-regionalise-nouvelle-caledonie | https://www.banquedesterritoires.fr/sites/default/files/2025-11/AAP%20IFPAI%20NC.pdf | https://www.banquedesterritoires.fr/aap-aides-innovation-bottomup-projets-formation-professionnelle-nouvelle-caledonie#top | https://www.demarches-simplifiees.fr/commencer/appel-a-projets-france2030-regionalise-polynesie | http://www.facebook.com/share.php?u=https://www.banquedesterritoires.fr/ami-offre-innovante-en-sante-delocalisee-et-telemedecine&title=AMI%20%C2%AB%20Offre%20innovante%20en%20sant%C3%A9%20d%C3%A9localis%C3%A9e%20et%20t%C3%A9l%C3%A9m%C3%A9decine%20%C2%BB%20 | http://www.linkedin.com/shareArticle?mini=true&url=https://www.banquedesterritoires.fr/ami-offre-innovante-en-sante-delocalisee-et-telemedecine&title=AMI%20%C2%AB%20Offre%20innovante%20en%20sant%C3%A9%20d%C3%A9localis%C3%A9e%20et%20t%C3%A9l%C3%A9m%C3%A9decine%20%C2%BB%20&source=https://www.banquedesterritoires.fr/ami-offre-innovante-en-sante-delocalisee-et-telemedecine | https://twitter.com/intent/tweet?url=https://www.banquedesterritoires.fr/ami-offre-innovante-en-sante-delocalisee-et-telemedecine&text=AMI%20%C2%AB%20Offre%20innovante%20en%20sant%C3%A9%20d%C3%A9localis%C3%A9e%20et%20t%C3%A9l%C3%A9m%C3%A9decine%20%C2%BB%20+https://www.banquedesterritoires.fr/ami-offre-innovante-en-sante-delocalisee-et-telemedecine | https://www.banquedesterritoires.fr/social-media-forward?subject=Banque%20des%20Territoires%20AMI%20%C2%AB%20Offre%20innovante%20en%20sant%C3%A9%20d%C3%A9localis%C3%A9e%20et%20t%C3%A9l%C3%A9m%C3%A9decine%20%C2%BB%20&body=Cet%20article%20peut%20vous%20int%C3%A9resser%20%3A%20https://www.banquedesterritoires.fr/ami-offre-innovante-en-sante-delocalisee-et-telemedecine&destination=/node/123610 | https://www.banquedesterritoires.fr/sites/default/files/2026-08/Cahier_des_charges_AMI-Offre_innovante_sante_delocalisee_telemedecine-V2_20260730.pdf | https://www.banquedesterritoires.fr/sites/default/files/2026-09/260904%20Webinaire%20informations%20T%C3%A9l%C3%A9consultation%20VF2.pdf | https://www.banquedesterritoires.fr/sites/default/files/2026-09/FAQ_AMI_Sante_delocalisee_et_telemedecine_VF%201.pdf | https://demarche.numerique.gouv.fr/commencer/ami-teleconsultation | https://www.banquedesterritoires.fr/ami-offre-innovante-en-sante-delocalisee-et-telemedecine#top | https://www.bpifrance.fr/nos-appels-a-projets-concours/appel-a-projets-standardisation-des-reseaux-du-futur | mailto:aap-france2030@bpifrance.fr | https://demarche.numerique.gouv.fr/commencer/etincelles-appel-a-manifestation-d-interet-promoti | https://agence-cohesion-territoires.gouv.fr/sites/default/files/2023-02/Cahier%20des%20charges%20-%20accompagnement%20commerces%20en%20milieu%20rural%20VF.pdf | https://corimer.fr/wp-content/uploads/2026/07/2026_AMI_Recensement_projets_CORIMER_vf.pdf | https://www.entreprises.gouv.fr/espace-entreprises/faq/autres/je-cherche-des-informations-sur-la-reglementation-relative-aux | https://www.entreprises.gouv.fr/espace-entreprises/faq/autres/jai-un-litige-avec-une-entreprise-ou-un-commercant | https://www.entreprises.gouv.fr/espace-entreprises/faq/metiers-dart/le-guichet-unique-electronique-des-formalites-dentreprises-ou | https://www.entreprises.gouv.fr/espace-entreprises/faq/mon-entreprise-au-quotidien/ou-effectuer-les-formalites-de-creation-ou | https://www.entreprises.gouv.fr/espace-entreprises/faq/amenagement-commercial | https://www.entreprises.gouv.fr/espace-entreprises/faq/label-entreprise-du-patrimoine-vivant | https://www.entreprises.gouv.fr/espace-entreprises/faq/libre-circulation-des-produits | https://www.entreprises.gouv.fr/espace-entreprises/faq/metiers-dart | https://www.entreprises.gouv.fr/espace-entreprises/faq/metiers-du-guidage | https://www.entreprises.gouv.fr/espace-entreprises/faq/metrologie-legale | https://www.entreprises.gouv.fr/espace-entreprises/faq/meubles-de-tourisme | https://www.entreprises.gouv.fr/espace-entreprises/faq/mon-entreprise-au-quotidien | https://www.entreprises.gouv.fr/espace-entreprises/faq/restauration | https://www.entreprises.gouv.fr/espace-entreprises/faq/semaine-de-lindustrie | https://www.entreprises.gouv.fr/espace-entreprises/faq/semaine-des-metiers-du-tourisme | https://www.entreprises.gouv.fr/espace-entreprises/faq/services | https://www.entreprises.gouv.fr/espace-entreprises/faq/tourisme | https://www.entreprises.gouv.fr/espace-entreprises/faq/autres | https://www.bpifrance.fr/nos-appels-a-projets-concours/appel-a-projets-defi-flagships | https://demarche.numerique.gouv.fr/commencer/candidature-ami-france-tourisme-tech-quatrieme-pro | https://demarche.numerique.gouv.fr/rails/active_storage/blobs/redirect/eyJfcmFpbHMiOnsiZGF0YSI6MjEyNjQyMDc5LCJleHAiOiIyMDI2LTA2LTE5VDExOjA1OjU0LjUxNFoiLCJwdXIiOiJibG9iX2lkIn19--3fcb93dc7c0623e6bcf33f676b2f597a5d202d89/Appel%20%C3%A0%20manifestation%20d'int%C3%A9r%C3%AAt%20-%20France%20Tourisme%20Tech%20-%202026-2027.docx?disposition=attachment | https://demarche.numerique.gouv.fr/commencer/ami-hackathon-gestion-des-flux | https://www.entreprises.gouv.fr/files/files/Espace-entreprises/Aide-financement/2026/CDC_AMI_hackathon_gestion_flux.pdf | https://www.entreprises.gouv.fr/files/files/Espace-entreprises/Aide-financement/2025/20250708-processus-signature-charte-ville-commercante.pdf | https://www.entreprises.gouv.fr/priorites-et-actions/proximite-et-territoires/renforcer-le-dynamisme-du-commerce-sur-le-territoire | https://demarche.numerique.gouv.fr/commencer/selection-d-offreurs-de-solutions-innovantes-pour-l-artisanat | https://www.bpifrance.fr/nos-appels-a-projets-concours/appel-a-projets-aap-projet-important-dinteret-europeen-commun-piiec-sur-lintelligence-artificielle | https://agirpourlatransition.ademe.fr/entreprises/aides-financieres/catalogue/aap/appel-doffres-grands-projets-industriels-de-decarbonation-2026 | https://agirpourlatransition.ademe.fr/sites/default/files/AO%20GPID%202026%20-%20Cahier%20des%20charges.pdf | https://webinaire.bbb-dinum-scalelite.visio.education.fr/video/542360e719c83bbe7a7314bf05876a120c822147-1780926872356/video-0.m4v | https://www.entreprises.gouv.fr/files/files/Espace-entreprises/Aide-financement/2026/Destination_France_a_velo_presentation_webinaire.pdf | https://www.entreprises.gouv.fr/files/files/Espace-entreprises/Aide-financement/2026/ami-destination-france-a-velo.pdf | https://demarche.numerique.gouv.fr/commencer/devenir-partenaires-destinations-france-a-velo | https://agirpourlatransition.ademe.fr/entreprises/aides-financieres/catalogue/aap/aides-linvestissement-pour-la-decarbonation-du-transport-et-des-services-maritimes | https://agirpourlatransition.ademe.fr/sites/default/files/D%C3%A9carbonation%20transport%20services%20maritimes%20-%20Cahier%20des%20charges%20-%202026.pdf | https://www.bpifrance.fr/nos-appels-a-projets-concours/appel-a-projets-des-pionniers-de-lintelligence-artificielle | mailto:Aap-france2030@bpifrance.fr | https://agir.ademe.fr/aides-financieres/aap/decarbonation-de-lindustrie-decarb-ind-25 | https://www.ecologie.gouv.fr/sites/default/files/documents/22.12.2023_DP_CILOG_1.pdf | https://demarche.numerique.gouv.fr/commencer/candidature-ami-innovation-logistique-2026-2eme-pr | https://www.entreprises.gouv.fr/files/files/Espace-entreprises/Aide-financement/2026/cdc-ami-logistique-2e-edition.pdf | https://demarche.numerique.gouv.fr/commencer/ami-developpement-economique-de-la-filiere-francai | https://www.entreprises.gouv.fr/files/files/Espace-entreprises/Aide-financement/2026/cahier-charges-AMI-filiere-art-de-vivre.pdf | https://www.entreprises.gouv.fr/espace-entreprises/s-informer-sur-la-reglementation/le-label-entreprise-du-patrimoine-vivant-epv | https://www.info.gouv.fr/partenaires-de-letat/nos-campagnes-en-cours?thematics%5B%5D=Industrie | https://grist.numerique.gouv.fr/o/docs/forms/3EHEXSWoienDTyD9sC6E1E/13 | https://www.entreprises.gouv.fr/files/files/Espace-entreprises/Aide-financement/2026/20260330-cahier-charges-ami-cnc-commerce-circulaire.pdf | https://www.entreprises.gouv.fr/files/files/Espace-entreprises/Aide-financement/2025/20250219_Cahier_des_charges_rel%C3%A8ve_4_AAP_RCA.pdf | https://www.entreprises.gouv.fr/files/files/Espace-entreprises/Aide-financement/2025/2025-12-09%20-webinaire-AMI-IA.pdf | https://www.entreprises.gouv.fr/files/files/Espace-entreprises/Aide-financement/2025/2025-11-24_AMI%20PIIEC%20IA%20-%20CDC%20pour%20DS.pdf | https://www.demarches-simplifiees.fr/commencer/ami-piiec-ia | mailto:ami-piiec-ia.dge@finances.gouv.fr | https://demarche.numerique.gouv.fr/commencer/candidature-ami-france-legaltech-2026 | https://www.info.gouv.fr/partenaires-de-letat/nos-campagnes-en-cours/appels-a-manifestation-d-interet | https://agir.ademe.fr/aides-financieres/aap/corimer-navires-bas-carbone | mailto:aap.navires@ademe.fr | https://www.entreprises.gouv.fr/files/files/Espace-entreprises/Aide-financement/2025/CORIMER%20Navires%20Bas%20Carbone%20-%20France%202030%20-%20Cahier%20des%20charges%20-%202025.pdf | https://www.demarches-simplifiees.fr/commencer/candidature-ami-france-tourisme-tech-troisieme-pro | https://www.demarches-simplifiees.fr/commencer/etincelles-appel-a-manifestation-d-interet-promoti | https://www.demarches-simplifiees.fr/commencer/ami-gt-tourisme-biodiv-entreprises | https://www.demarches-simplifiees.fr/commencer/ami-gt-tourisme-biodiv-institutionnels | https://www.entreprises.gouv.fr/files/files/Espace-entreprises/Aide-financement/2025/20250519-ami-tourisme-biodiversite-cahier-charges.pdf | https://www.demarches-simplifiees.fr/commencer/aap-labellisation-des-experts-numeriques-eu | https://www.demarches-simplifiees.fr/rails/active_storage/blobs/redirect/eyJfcmFpbHMiOnsiZGF0YSI6MTQyODY1NzgzLCJleHAiOiIyMDI1LTA2LTA2VDE1OjAwOjA2Ljk1OFoiLCJwdXIiOiJibG9iX2lkIn19--86001f2c2c05d2c7aba5556e1a7dabdf9a2a2370/Appel%20%C3%A0%20projets-labellisation%20des%20prestataires%20num%C3%A9riques%20v1.5.pdf | https://www.entreprises.gouv.fr/files/files/Espace-entreprises/Aide-financement/2025/V%C3%A9hicules%20utilitaires%20l%C3%A9gers%20%C3%A0%20hydrog%C3%A8ne%20-%20Cahier%20des%20charges%20-%20France%202030.pdf | https://agir.ademe.fr/aides-financieres/aap/vehicules-utilitaires-legers-hydrogene-vul-h2 | https://www.entreprises.gouv.fr/files/files/Espace-entreprises/Aide-financement/2024/cahier-des-charges-technologies-immersives.pdf | https://www.demarches-simplifiees.fr/commencer/formulaire-de-candidature-ami-solutions-d-ia | https://alliance.numerique.gouv.fr/documents/7/Cahier_des_charges_AMI_-_2025_04_07_AMI_IA.pdf | mailto:amiia@numerique.gouv.fr | https://agir.ademe.fr/aides-financieres/aap/appel-doffres-grands-projets-industriels-de-decarbonation-2024 | https://agirpourlatransition.ademe.fr/entreprises/sites/default/files/AO%20Grands%20Projets%20Industriels%20de%20D%C3%A9carbonation%20GPID%20-%20Cahier%20des%20charges%20-%202025.pdf | https://www.demarches-simplifiees.fr/commencer/ami-semiconducteurs-france-taiwan | https://www.entreprises.gouv.fr/files/files/Espace-entreprises/Aide-financement/2025/03032025-AMI_France-Ta%C3%AFwan%20-%20Semiconducteurs%20et%20IA.pdf | https://www.entreprises.gouv.fr/espace-presse/france-2030-lancement-dun-appel-manifestation-dinteret-ami-projets-de-collaborations | https://www.demarches-simplifiees.fr/commencer/candidature-ami-innovation-logistique-2025-1ere-promotion | https://www.entreprises.gouv.fr/files/files/Espace-entreprises/Aide-financement/2025/CDC_AMI_Innovation_logistique_2025.pdf | https://www.bpifrance.fr/nos-appels-a-projets-concours/appel-a-projets-developpement-de-technologies-innovantes-critiques-4eme-edition | https://www.bpifrance.fr/nos-appels-a-projets-concours/appel-a-projets-soutien-aux-pme-et-startups-pour-renforcer-leurs-competences-dans-le-domaine-de-la-cybersecurite-ncc-fr-cyber | https://www.demarches-simplifiees.fr/commencer/ami-recensement-offre-cyber | https://www.entreprises.gouv.fr/files/files/Espace-entreprises/Aide-financement/2024/cahier-des-charges-ami-cyber-pme.pdf | https://www.entreprises.gouv.fr/files/files/Espace-entreprises/Aide-financement/2024/cahier-des-charges-industrie-velo.pdf | https://www.bpifrance.fr/download/media-file/76605 | https://www.entreprises.gouv.fr/files/files/Espace-entreprises/Aide-financement/2023/cdc-programme-de-transformation-des-zones-commerciales.pdf | https://minefi.hosting.augure.com/Augure_Minefi/r/ContenuEnLigne/Download?id=92445A32-DD67-447B-BD8F-3CACB670E407&filename=1474%20-%20CP%20Reconduction%20de%20l%E2%80%99AFNIC.pdf | https://www.demarches-simplifiees.fr/commencer/call-for-ai-projects-ai-for-efficiency | https://www.entreprises.gouv.fr/files/files/Espace-entreprises/Aide-financement/2024/20241128%20-%20AI%20for%20Efficiency%20-%20Rules%20and%20Regulations.pdf | https://anr.fr/fileadmin/documents/2020/ANR_FINANCEMENT_FICHES_LabCom_WEB.pdf | https://anr.fr/fileadmin/documents/2020/ANR_FINANCEMENT_FICHES_Chaires_Indus_WEB.pdf | https://anr.fr/fileadmin/documents/2020/ANR_FINANCEMENT_FICHES_Challenge_WEB.pdf | https://anr.fr/fileadmin/documents/2020/ANR_FINANCEMENT_FICHES_Carnot_WEB.pdf | https://anr.fr/fileadmin/documents/2020/ANR_FINANCEMENT_FICHES_Flash_WEB.pdf | https://anr.fr/fileadmin/documents/2018/ANR-MRSEI-2018.pdf | https://anr.fr/fileadmin/documents/2020/Contacts_poles.pdf | https://anr.fr/fileadmin/documents/2024/France-2030-ANR-2024-fr.pdf | https://anr.fr/fileadmin/documents/2024/France-2030-ANR-2024-en.pdf | https://anr.fr/fileadmin/documents/2024/Tableau_Conventions_Etat-ANR_25_08_2025.pdf | https://anr.fr/fileadmin/aap/2025/anr_data_france_2030_activites_2024.pdf | https://anr.fr/fileadmin/aap/2025/france2030-ami-Choose-France-for-Science-2025.pdf | https://anr.fr/fileadmin/aap/2025/france2030-ami-Choose-France-for-Science-2025-en.pdf | https://anr.fr/fileadmin/aap/2025/france2030-ami-Choose-France-for-Science-2025-RF.pdf | https://anr.fr/fileadmin/aap/2025/france2030-ami-Choose-France-for-Science-2025-FAQ-20260403.pdf | https://anr.fr/fileadmin/aap/2025/selection/france2030-ami-Choose-France-for-Science-2025-projets-proposes-Juillet2026.pdf | https://anr.fr/fileadmin/aap/2025/france2030-aap-ppr-spe-2025.pdf | https://anr.fr/fileadmin/aap/2025/france2030-aap-ppr-spe-2025-rf.pdf | https://anr.fr/fileadmin/aap/2025/france2030-aap-ppr-spe-2025-faq.pdf | https://anr.fr/fileadmin/aap/2026/france2030-aap-pepr-mobidec-2026.pdf | https://anr.fr/fr/france-2030/rf-pepr-2024/ | https://anr.fr/fileadmin/aap/2026/france2030-aap-pepr-mobidec-2026-Webinaire-16.07.2026.pdf | https://anr.fr/fileadmin/aap/2026/france2030-aap-pepr-mobidec-2026-FAQ-webinaire-juillet-2026.pdf | https://anr.fr/fileadmin/aap/2026/france2030-aap-pepr-traccs-2026.pdf | https://anr.fr/fileadmin/aap/2026/france2030-aap-pepr-gfm-2026.pdf | https://anr.fr/fileadmin/aap/2026/france2030-aap-pepr-propsy-2026.pdf | https://anr.fr/fileadmin/aap/2026/france2030-aap-pepr-propsy-2026-webinaire-26082026.pdf | https://anr.fr/fileadmin/aap/2026/france2030-aap-pepr-propsy-2026-FAQ.pdf | http://europe-en-france.gouv.fr/sites/default/files/fiche_programme_aura.pdf | http://europe-en-france.gouv.fr/sites/default/files/fiche_programme_bfc.pdf | http://europe-en-france.gouv.fr/sites/default/files/fiche_programme_bretagne.pdf | http://europe-en-france.gouv.fr/sites/default/files/fiche_programme_cvdl.pdf | http://europe-en-france.gouv.fr/sites/default/files/fiche_programme_region-corse_vf.pdf | http://europe-en-france.gouv.fr/sites/default/files/fiche_programme_region_guadeloupe_01_2023_vf.pdf | http://europe-en-france.gouv.fr/sites/default/files/fiche_programme_guyane.pdf | http://europe-en-france.gouv.fr/sites/default/files/fiche_programme_grandest.pdf | http://europe-en-france.gouv.fr/sites/default/files/fiche_programme_hdf.pdf | http://europe-en-france.gouv.fr/sites/default/files/fiche_programme_idf.pdf | http://europe-en-france.gouv.fr/sites/default/files/fiche_programme_region-martinique_12-2022.pdf | http://europe-en-france.gouv.fr/sites/default/files/fiche_programme_region-mayotte_12-2022.pdf | https://hauts-de-france.dreets.gouv.fr/spip.php?page=envoyer-ami&id_article=19803 | https://connect.caf.fr/creationcompteappli/dist/?forceReload=20211220&contexteAppel=caffr&urlredirect=%2Fredirect%2Fs%2FRedirect%3Fpage%3DmonCompteFormulaires%26prestaDemandee%3DAVVC&contexteDemandePrestation=true#/pageintermediaire | https://hauts-de-france.dreets.gouv.fr/sites/hauts-de-france.dreets.gouv.fr/IMG/pdf/flyer_victime_-_aide_d_urgence.pdf | https://hauts-de-france.dreets.gouv.fr/sites/hauts-de-france.dreets.gouv.fr/IMG/pdf/plaquette_pro_-_aide_d_urgence.pdf | https://hauts-de-france.dreets.gouv.fr/spip.php?page=envoyer-ami&id_article=19834 | https://fse.gouv.fr/sites/default/files/2023-10/ProgrammeFSE_A4.pdf | https://fse.gouv.fr/sites/default/files/2024-08/PN_FTJ_2024_Prod_MAJ-Juillet24.pdf | https://hauts-de-france.dreets.gouv.fr/spip.php?page=envoyer-ami&id_article=19789 | https://hauts-de-france.dreets.gouv.fr/sites/hauts-de-france.dreets.gouv.fr/IMG/pdf/etude_financement_assos-dreets-hdf-bat_2.pdf | https://hauts-de-france.dreets.gouv.fr/sites/hauts-de-france.dreets.gouv.fr/IMG/pdf/recours_aux_fondations_dans_les_hdf.pdf | https://hauts-de-france.dreets.gouv.fr/spip.php?page=envoyer-ami&id_article=20123 | https://hauts-de-france.dreets.gouv.fr/spip.php?page=envoyer-ami&id_article=20262 | https://www.facebook.com/sharer/sharer.php?u=https%3A%2F%2Fhauts-de-france.dreets.gouv.fr%2FPoints-Conseil-Budget-lancement-d-un-appel-a-projets | https://twitter.com/intent/tweet/?url=https%3A%2F%2Fhauts-de-france.dreets.gouv.fr%2FPoints-Conseil-Budget-lancement-d-un-appel-a-projets&text= | https://demarche.numerique.gouv.fr/commencer/selection-des-labels-points-conseil-budget-pcb-pou | https://hauts-de-france.dreets.gouv.fr/sites/hauts-de-france.dreets.gouv.fr/IMG/pdf/aap_pcb_cahier_des_charges_hauts_de_france.pdf | https://hauts-de-france.dreets.gouv.fr/spip.php?page=envoyer-ami&id_article=17921 | https://hauts-de-france.dreets.gouv.fr/sites/hauts-de-france.dreets.gouv.fr/IMG/pdf/flyer-aides-entreprises.fr.pdf | https://hauts-de-france.dreets.gouv.fr/spip.php?page=envoyer-ami&id_article=19357 | https://hauts-de-france.dreets.gouv.fr/sites/hauts-de-france.dreets.gouv.fr/IMG/pdf/cerfa_12156-06.pdf | https://hauts-de-france.dreets.gouv.fr/sites/hauts-de-france.dreets.gouv.fr/IMG/pdf/joe_20220101_0001_0021_decretcer.pdf | https://hauts-de-france.dreets.gouv.fr/spip.php?page=envoyer-ami&id_article=20232","VERIFIE","100","100"
"ae_12708","Document officiel","AAP / AMI","REGIONAL","Île-de-France","Région Ile-de-France | Caisse des Dépôts et Consignations | Région Île-de-France | Île-de-France | L’Europe en Île-de-France","SUBVENTION | AVANCE_REMBOURSABLE | PRET_TAUX_ZERO","PME | ETI | GE | STARTUP","225000","500000","1000","90000","","","2026-09-25","non","https://www.europe-en-france.gouv.fr/sites/default/files/sa.58995_rdi_-_prolongation_0.pdf","https://www.iledefrance.fr/aides-et-appels-a-projets/innovup-sante-des-femmes | https://www.europe-en-france.gouv.fr/sites/default/files/sa.58995_rdi_-_prolongation_0.pdf | https://www.creatricesdavenir.com/_files/ugd/200610_87afe60f5a3c4d25a489f3f569baa563.pdf | https://www.alexisdesouches.com/ | https://www.iledefrance.fr/aides-et-appels-a-projets?f%5B0%5D=theme%3A151 | https://www.iledefrance.fr/aides-et-appels-a-projets/ami-solutions-digitales-destination-des-collectivites-pour-le-developpement-des-commerces | https://www.iledefrance.fr/aides-et-appels-a-projets/conventions-de-developpement-culturel-arts-visuels | https://www.iledefrance.fr/aides-et-appels-a-projets/feader-investissements-agricoles-adaptation-au-changement-climatique-et-transition-aap-2026 | https://www.iledefrance.fr/aides-et-appels-a-projets/feader-soutien-aux-investissements-agricoles-environnementaux-non-productifs-aap-2026 | https://www.iledefrance.fr/aides-et-appels-a-projets/feader-soutien-aux-investissements-agricoles-diversification-aap-2026 | https://www.iledefrance.fr/aides-et-appels-a-projets/feader-soutien-aux-investissements-agricoles-modernisation-des-exploitations-aap-2026 | https://www.iledefrance.fr/toutes-les-actualites/ess-des-rencontres-pour-accelerer-la-dynamique-dachat-responsable-en-ile-de-france | https://www.iledefrance.fr/participer-la-vie-citoyenne/je-participe-la-vie-de-la-region/budget-participatif-ecologique | https://www.iledefrance.fr/tous-les-services/plateforme-du-budget-participatif-ecologique-et-solidaire | https://www.iledefrance.fr/sites/default/files/medias/2022/09/Contrat_amenagement_regional.pdf | https://www.iledefrance.fr/sites/default/files/medias/2022/09/Modernisation-eclairage_public.pdf | https://www.iledefrance.fr/sites/default/files/medias/2022/09/Creation_developement_offre_touristique.pdf | https://www.iledefrance.fr/sites/default/files/medias/2022/09/plan_velo_regional.pdf | https://www.iledefrance.fr/aides-et-appels-a-projets/budget-participatif-handicap | https://www.iledefrance.fr/toutes-les-actualites/shaum-le-budget-participatif-ecologique-de-la-region-dans-les-assiettes | https://www.iledefrance.fr/sites/default/files/2025-11/rapport_isr_2024_fr.pdf | https://www.iledefrance.fr/sites/default/files/2026-05/resume_indicateurs_impact_2024.xlsx | https://www.iledefrance.fr/sites/default/files/2025-12/idf_rapport_isr_2024_fr_fiches.pdf | https://www.iledefrance.fr/sites/default/files/2024-12/transports_taxonomie_fr_02_12_2024_2.pdf | https://www.iledefrance.fr/sites/default/files/2024-09/rapport_isr_2023.pdf | https://www.iledefrance.fr/sites/default/files/2023-12/REPORTING_ISR_2022_FR.pdf | https://www.iledefrance.fr/sites/default/files/medias/2023/04/Chiffres_Finance_Verte_avril_2023_0.pdf | https://www.iledefrance.fr/sites/default/files/medias/espace-media/divers/Reporting_ISR_2021_221212.pdf | https://www.iledefrance.fr/sites/default/files/2023-10/Reporting_2021_Taxonomie_Transports.pdf | https://www.iledefrance.fr/sites/default/files/medias/2022/01/Reporting_ISR_2020_2_FR.pdf | https://www.iledefrance.fr/sites/default/files/2023-10/Plan_relance_post_COVID19_Region_IDF.pdf | https://www.iledefrance.fr/sites/default/files/medias/2019-06/reporting_isr_2019_11.06.19_definitif_web.pdf | https://www.iledefrance.fr/sites/default/files/2023-10/reporting_isr-2017.pdf | https://www.iledefrance.fr/sites/default/files/2023-10/reporting_isr-2016.pdf | https://www.iledefrance.fr/sites/default/files/2023-10/Strategie_financement_verte_et_responsable_2016.pdf | https://www.iledefrance.fr/sites/default/files/2023-10/Strategie_environnementale_regionale_BP_2017.pdf | https://www.iledefrance.fr/sites/default/files/2023-10/reporting_isr_2015.pdf | https://www.iledefrance.fr/sites/default/files/2023-10/Attestations_Deloitte_2015.pdf | https://www.iledefrance.fr/sites/default/files/2023-10/Seconde_opinion_Vigeo_2016.pdf | https://www.iledefrance.fr/sites/default/files/2023-10/Notation_ESG_Region_Ile-de-France_12_2016.pdf | https://www.iledefrance.fr/sites/default/files/2023-10/reporting_isr_2014.pdf | https://www.iledefrance.fr/sites/default/files/2023-10/Seconde_opinion_Vigeo_2014.pdf | https://www.iledefrance.fr/sites/default/files/2023-10/Reporting_ISR_2012.pdf | https://www.iledefrance.fr/sites/default/files/2025-11/region_idf_emtn_update_2025_fr.pdf | https://www.iledefrance.fr/sites/default/files/2024-12/region_idf_emtn_update_2024_document_information.pdf | https://www.iledefrance.fr/sites/default/files/2025-01/emtn_region_idf_modification_2024_n1_excop.pdf | https://www.iledefrance.fr/sites/default/files/2023-12/Region_IDF_EMTN_Update_2023_Document_Information.pdf | https://www.iledefrance.fr/sites/default/files/medias/2022/08/RIDF_EMTN_Update_2022.pdf | https://www.iledefrance.fr/sites/default/files/medias/2021/09/RIDF_EMTN_Update_2021_Document_Information_version_finale.pdf | https://www.iledefrance.fr/sites/default/files/medias/2020/06/EMTN_RIDF_Update_2020_Document_d_Information-v2.pdf | https://www.iledefrance.fr/sites/default/files/medias/2019/05/Prospectus_de_base_-_with_visa_235149-4-.pdf | https://www.iledefrance.fr/sites/default/files/medias/2019/05/Prospectus%2520EMTN%25202017.pdf | https://www.iledefrance.fr/sites/default/files/2025-01/amf_rif_emtn_pogramme_supplement_bp_2018_version_finale-_avec_visa.pdf | https://www.iledefrance.fr/sites/default/files/medias/2019/05/Prospectus%2520EMTN%25202016.pdf | https://www.iledefrance.fr/sites/default/files/2025-01/supplement_au_prospectus_de_base_25072016_signe.pdf | https://www.iledefrance.fr/sites/default/files/2025-01/amf_rif_emtn_pogramme_supplement_bp_2017_version_finale_sans_visa.pdf | https://www.iledefrance.fr/sites/default/files/medias/2020/05/Programme_EMTN_2015_Prospectus_de_base_du%2520_24_03_2015.pdf | https://www.iledefrance.fr/sites/default/files/2023-10/Programme_EMTN_2015_Premier_supplement_20_07_15.pdf | https://www.iledefrance.fr/sites/default/files/2023-10/Programme_EMTN_2013_Prospectus_de_base_du%20_06_12_2013.pdf | https://www.iledefrance.fr/sites/default/files/medias/2020/05/Programme_EMTN_2013_Premier_supplement_05_02_14.pdf | https://www.iledefrance.fr/sites/default/files/medias/2020/05/Programme_EMTN_2013_Deuxieme_supplement_26_06_14.pdf | https://www.iledefrance.fr/sites/default/files/medias/2020/05/Programme_EMTN_2012_Prospectus_de_base_du%2520_04_12_2012.pdf | https://www.iledefrance.fr/sites/default/files/medias/2020/05/Programme_EMTN_2012_Premier_supplement_12_03_13.pdf | https://www.iledefrance.fr/sites/default/files/medias/2020/05/Programme_EMTN_2012_Deuxieme_supplement_11_09_13.pdf | https://www.iledefrance.fr/sites/default/files/medias/2019/05/Prospectus%2520de%2520Base%25202011.pdf | https://www.iledefrance.fr/sites/default/files/medias/2019/05/Suppl%C3%A9ment%2520au%2520Prospectus%2520de%2520Base%25202009.pdf | https://www.iledefrance.fr/sites/default/files/medias/2020/05/Programme_EMTN_2010_Prospectus_de_base_du%2520_16_nov_2010.pdf | https://www.iledefrance.fr/sites/default/files/medias/2020/05/Programme_EMTN_2010_Premier_supplement_21_04_11.pdf | https://www.iledefrance.fr/sites/default/files/medias/2020/05/Programme_EMTN_2010_Deuxieme_supplement_24_06_11.pdf | https://www.iledefrance.fr/sites/default/files/medias/2020/05/Programme_EMTN_2010_Troisieme_supplement_17_10_11.pdf | https://www.iledefrance.fr/sites/default/files/2026-02/region_idf_eur_long_10y_sustainable_january_2026_final_termsheet.pdf | https://www.iledefrance.fr/sites/default/files/2025-01/reegion_idf_janvier_2025_conditions_financieres_execution_version.pdf | https://www.iledefrance.fr/sites/default/files/2024-02/Region_IDF_Conditions_Financieres_Execution_version_10278177627.6.pdf | https://www.iledefrance.fr/sites/default/files/medias/2023/01/2023_Region_IDF_Conditions_financieeres_version_finale_NON_SIGNE_10251059386.1.pdf | https://www.iledefrance.fr/sites/default/files/medias/2023/01/2022_Region_IDF_Conditions_financieres_EXCOP.pdf | https://www.iledefrance.fr/sites/default/files/medias/2023/01/2021_Region_IDF_%2520Conditions_financieres_execution_version_267237-712372014-34627_v0.1.pdf | https://www.iledefrance.fr/sites/default/files/medias/2020/06/Region_IDF_Green_Bonds_2020_550M_Conditions_Financieres_Titres_2030_versiondesignature.pdf | https://www.iledefrance.fr/sites/default/files/medias/2020/06/Region_IDF_Green_Bonds_2020_250M_Conditions_Financieres_Titres_2040_versiondesignature.pdf | https://www.iledefrance.fr/sites/default/files/2025-01/region_idf_green_bonds_2018_conditions_definitives.pdf | https://www.iledefrance.fr/sites/default/files/2025-01/emprunt_vert_2017_conditions_definitives_signees.pdf | https://www.iledefrance.fr/sites/default/files/2025-01/region_idf_green_bonds_2016_conditions_definitives.pdf | https://www.iledefrance.fr/sites/default/files/2025-01/region_ile_de_france_500me_0-625-_201_2027_conditions_definitives.pdf | https://www.iledefrance.fr/sites/default/files/medias/2020/05/Conditions_definitives_placement_prive_vert_et_responsable_de_100M%25C3%2594%25C3%25A9%25C2%25BC_du_31_07_15.pdf | https://www.iledefrance.fr/sites/default/files/medias/2019/05/Conditions%2520d%C3%A9finitives%2520de%2520l%2527emprunt%2520vert%2520et%2520responsable%25202014.pdf | https://www.iledefrance.fr/sites/default/files/medias/2020/05/Conditions_definitives_operation_de_financement_de_300M%25C3%2594%25C3%25A9%25C2%25BC_du_10_06_13.pdf | https://www.iledefrance.fr/sites/default/files/2023-10/Conditions_definitives_operation_de_financement_de_JPY5000M_du_11_04_13.pdf | https://www.iledefrance.fr/sites/default/files/2023-10/Conditions_definitives_operation_de_financement_de_40ME_du_28_03_13.pdf | https://www.iledefrance.fr/sites/default/files/medias/2020/05/Conditions_definitives_operation_de_financement_de_50M%25C3%2594%25C3%25A9%25C2%25BC_du_29_11_13.pdf | https://www.iledefrance.fr/sites/default/files/2023-10/Conditions_definitives_operation_de_financement_de_70ME_du_31_10_13.pdf | https://www.iledefrance.fr/sites/default/files/medias/2020/05/Conditions_definitives_operation_de_financement_de_35M_du_25_09_14.pdf | https://www.iledefrance.fr/sites/default/files/medias/2019/05/Conditions%2520d%C3%A9finitives%2520du%2520programme%2520d%2527%C3%A9mission%2520de%2520titres%2520de%2520cr%C3%A9ance.pdf | https://www.iledefrance.fr/sites/default/files/medias/2020/05/Conditions_definitives_TAP_100M%25C3%2594%25C3%25A9%25C2%25BC_du_08_07_11_souche_08_06_11.pdf | https://www.iledefrance.fr/sites/default/files/medias/2020/05/Conditions_definitives_TAP_110M%25C3%2594%25C3%25A9%25C2%25BC_du_20_12_11_souche_08_06_11.pdf | https://www.iledefrance.fr/sites/default/files/medias/2020/05/Conditions_definitives_operation_de_financement_de_200M%25C3%2594%25C3%25A9%25C2%25BC_du_08_06_11.pdf | https://www.iledefrance.fr/sites/default/files/2023-10/Conditions_definitives_operation_de_financement_de_AUD90M_du_28_06_11.pdf | https://www.iledefrance.fr/sites/default/files/medias/2020/05/Conditions_definitives_operation_de_financement_de_60M%25C3%2594%25C3%25A9%25C2%25BC_du_13_07_11.pdf | https://www.iledefrance.fr/sites/default/files/2025-11/fr_region_idf_cadre_emissions_vertes_2025.pdf | https://www.iledefrance.fr/sites/default/files/2025-11/moody_second_party_opinion-region-iledefrance-10nov2025-fr.pdf | https://www.iledefrance.fr/sites/default/files/medias/2021/03/cadre-emissions-IDF-FR.pdf | https://www.iledefrance.fr/sites/default/files/medias/2021/03/VE-SPO-IDF-2021-03.pdf | https://www.iledefrance.fr/sites/default/files/medias/2020/06/framework_Region_IdF_fr.pdf | https://www.iledefrance.fr/sites/default/files/medias/2020/06/20200609_VigeoEiris_SPO_RegionIDF.pdf | https://www.iledefrance.fr/sites/default/files/medias/2020/05/Summary_2017_ESG_performance_Region_IledeFrance_EN.pdf | https://www.iledefrance.fr/sites/default/files/medias/2020/05/3e_opinion_Deloitte.pdf | https://www.iledefrance.fr/sites/default/files/2026-01/2026_bp_deliberation_maquette_version_signee_transmise_prefecture_cr2025-058.pdf | https://www.iledefrance.fr/sites/default/files/2026-07/4.2025_cfu_cr2026-036_del.pdf | https://www.iledefrance.fr/sites/default/files/2025-07/budget_supplementaire_2025_signe_transmis_prefecture_cr2025-021del.pdf | https://www.iledefrance.fr/sites/default/files/2025-01/region_ile-de-france_budget_2025_-version_signee_et_transmise_prefecture_cr2024-060-del.pdf | https://www.iledefrance.fr/sites/default/files/2025-07/compte_financier_unique_cfu_2024_signe_transmis_prefecture_cr2025-020del.pdf | https://www.iledefrance.fr/sites/default/files/2024-07/BS_2024_CR2024-030_DEL.pdf | https://www.iledefrance.fr/sites/default/files/2024-01/Budget_IDF_2024_version_signee_transmise-prefecture_CR2023-056.pdf | https://www.iledefrance.fr/sites/default/files/2024-07/CFU_2023_CR%202024-029_DEL.pdf | https://www.iledefrance.fr/sites/default/files/medias/2023/06/BS2023_CR2023-018DEL.pdf | https://www.iledefrance.fr/sites/default/files/medias/actes/deliberations/CR2022-076DEL.pdf | https://www.iledefrance.fr/sites/default/files/medias/2023/07/CA2022_CR2023-017DEL.pdf | https://www.iledefrance.fr/sites/default/files/medias/2022/12/Budget_supplementaire_2022_CR_2022-038.pdf | https://www.iledefrance.fr/sites/default/files/medias/2021/12/RAPCR2021-080DEL.pdf | https://www.iledefrance.fr/sites/default/files/medias/2022/06/CR_2022-022_DELIB_VF.pdf | https://www.iledefrance.fr/sites/default/files/medias/2021/07/2021_BS_RAPCR2021_046DEL.pdf | https://www.iledefrance.fr/sites/default/files/medias/2021/03/RAPCR2020-060DEL_Budget_2021.pdf | https://www.iledefrance.fr/sites/default/files/medias/2021/07/2020_CA_RAPCR2021_019DEL.pdf | https://www.iledefrance.fr/sites/default/files/medias/2020/06/Budget_supplementaire_2020_RIDF_RAPCR2020_028.pdf | https://www.iledefrance.fr/sites/default/files/medias/2020/06/Budget%25202020.pdf | https://www.iledefrance.fr/sites/default/files/2025-07/2019_cfu_compte_financier_unique_signe_prefecture_cr2020-027.pdf | https://www.iledefrance.fr/sites/default/files/2025-07/2019_bs_budget_supplementaire_signe_transmis_prefecture_cr2019-024.pdf | https://www.iledefrance.fr/sites/default/files/2025-07/2019_bp_budget_signe_transmis_prefecture_cr2018-063.pdf | https://www.iledefrance.fr/sites/default/files/medias/2022/01/ESG_Scorecard_Region_Ile-de-France.pdf | https://www.iledefrance.fr/sites/default/files/2026-08/standardpoors_region_ile-de-france_jul-15-2026_fr.pdf | https://www.iledefrance.fr/sites/default/files/2025-11/moodys_region_ile-de-france_nov_3_2025_fr.pdf | https://www.iledefrance.fr/sites/default/files/2024-12/dossier_presentation_financiere_2024.pdf | https://www.iledefrance.fr/sites/default/files/2023-12/DPF2023_Non_Signee.pdf | https://www.iledefrance.fr/sites/default/files/medias/2022/11/NEUCP_DPF2022_VF.pdf | https://www.iledefrance.fr/sites/default/files/medias/2021/09/DPF2021_VF_NON_SIGNE.pdf | https://www.iledefrance.fr/sites/default/files/medias/2020/07/Dossier%2520de%2520pr%25C3%25A9sentation%2520financi%25C3%25A8re%2520-%25202020.pdf | https://www.iledefrance.fr/sites/default/files/medias/2020/06/Dossier_presentation_financiere_2019_Banque_de_France.pdf | https://www.iledefrance.fr/sites/default/files/2023-10/Dossier_presentation_financiere_2018.pdf | https://www.iledefrance.fr/sites/default/files/2026-05/fr_minutes_cfd_13_fevrier_2026.pdf | https://www.iledefrance.fr/sites/default/files/2026-04/fr_minutes_cfd_25_06_2025.pdf | https://www.iledefrance.fr/sites/default/files/2026-04/fr_minutes_cfd_12_03_2025.pdf | https://www.iledefrance.fr/sites/default/files/2024-09/fr_minutes_cfd_27_juin_2024.pdf | https://www.iledefrance.fr/sites/default/files/2024-02/FR_MINUTES_CFD_18_janvier_2024.pdf | https://www.iledefrance.fr/sites/default/files/2023-10/FR_MINUTES_CFD_09_mars_2023.pdf | https://www.iledefrance.fr/sites/default/files/2023-10/FR_MINUTES_CFD_05_oct_2022.pdf | https://www.iledefrance.fr/sites/default/files/2025-01/emprunt_2025_communique_region_fr.pdf | https://www.iledefrance.fr/sites/default/files/2024-04/Communique-2024_CFI_Awards.FR_.pdf | https://www.iledefrance.fr/sites/default/files/2024-02/FR_Emprunt_2024_Communique_0.pdf | https://www.iledefrance.fr/sites/default/files/medias/2022/04/Actualite_finances_avril_2022.pdf | https://www.iledefrance.fr/sites/default/files/2025-03/2025_liste_recompenses_finance_durable_fr.pdf | https://www.iledefrance.fr/dataset?token=0zcDcYYCYBZxbmbkV1ssoA%3D%3D | https://www.iledefrance.fr/sites/default/files/2024-05/E-Learning_Progr_regional_formation_emploi.pdf | https://www.iledefrance.fr/aides-et-appels-a-projets?f%5B0%5D=public%3A163&f%5B1%5D=theme%3A151 | https://www.iledefrance.fr/aides-et-appels-a-projets/budget-participatif-ecologique-et-solidaire | https://www.iledefrance.fr/aides-et-appels-a-projets?f%5B0%5D=public%3A160&f%5B1%5D=theme%3A151 | https://www.iledefrance.fr/aides-et-appels-a-projets/ami-accompagnement-la-modernisation-et-transition-ecologique-des-pme-et-eti-industrielles | https://www.iledefrance.fr/aides-et-appels-a-projets?f%5B0%5D=public%3A166&f%5B1%5D=theme%3A151 | https://www.iledefrance.fr/aides-et-appels-a-projets/ouverture-ou-extension-de-places-plus-de-10-pour-la-formation-assistant-familial-af | https://www.iledefrance.fr/aides-et-appels-a-projets?f%5B0%5D=public%3A172&f%5B1%5D=theme%3A151 | https://www.iledefrance.fr/aides-et-appels-a-projets?f%5B0%5D=public%3A175&f%5B1%5D=theme%3A151 | https://www.iledefrance.fr/aides-et-appels-a-projets?f%5B0%5D=public%3A178&f%5B1%5D=theme%3A151 | https://www.iledefrance.fr/aides-et-appels-a-projets?f%5B0%5D=public%3A190&f%5B1%5D=theme%3A151 | https://www.iledefrance.fr/aides-et-appels-a-projets?f%5B0%5D=public%3A199&f%5B1%5D=theme%3A151 | https://www.iledefrance.fr/aides-et-appels-a-projets/ami-retour-de-la-nature-en-ville-soutien-aux-etudes-de-renaturation-et-de-creation-despaces-verts | https://www.iledefrance.fr/aides-et-appels-a-projets?f%5B0%5D=public%3A196&f%5B1%5D=theme%3A151 | https://www.iledefrance.fr/aides-et-appels-a-projets?f%5B0%5D=public%3A202&f%5B1%5D=theme%3A151 | https://www.iledefrance.fr/aides-et-appels-a-projets?f%5B0%5D=public%3A208&f%5B1%5D=theme%3A151 | https://www.iledefrance.fr/aides-et-appels-a-projets/budget-dautonomie-educative-francilien-baef | https://www.iledefrance.fr/aides-et-appels-a-projets/ami-questions-dinteret-majeur-qim | https://www.iledefrance.fr/aides-et-appels-a-projets?f%5B0%5D=public%3A205&f%5B1%5D=theme%3A151 | https://www.iledefrance.fr/aides-et-appels-a-projets?f%5B0%5D=public%3A181&f%5B1%5D=theme%3A151 | https://www.iledefrance.fr/aides-et-appels-a-projets?f%5B0%5D=theme%3A109&f%5B1%5D=theme%3A151 | https://www.iledefrance.fr/aides-et-appels-a-projets/ami-fonds-de-capital-investissement-ciblant-les-structures-de-la-femtech | https://www.iledefrance.fr/aides-et-appels-a-projets?f%5B0%5D=theme%3A118&f%5B1%5D=theme%3A151 | https://www.iledefrance.fr/aides-et-appels-a-projets?f%5B0%5D=theme%3A106&f%5B1%5D=theme%3A151 | https://www.iledefrance.fr/aides-et-appels-a-projets?f%5B0%5D=theme%3A121&f%5B1%5D=theme%3A151 | https://www.iledefrance.fr/aides-et-appels-a-projets?f%5B0%5D=theme%3A103&f%5B1%5D=theme%3A151 | https://www.iledefrance.fr/aides-et-appels-a-projets?f%5B0%5D=theme%3A124&f%5B1%5D=theme%3A151 | https://www.iledefrance.fr/aides-et-appels-a-projets?f%5B0%5D=theme%3A130&f%5B1%5D=theme%3A151 | https://www.iledefrance.fr/aides-et-appels-a-projets?f%5B0%5D=theme%3A67&f%5B1%5D=theme%3A151 | https://www.iledefrance.fr/aides-et-appels-a-projets?f%5B0%5D=theme%3A58&f%5B1%5D=theme%3A151 | https://www.iledefrance.fr/aides-et-appels-a-projets?f%5B0%5D=theme%3A70&f%5B1%5D=theme%3A151 | https://www.iledefrance.fr/aides-et-appels-a-projets?f%5B0%5D=theme%3A61&f%5B1%5D=theme%3A151 | https://www.iledefrance.fr/aides-et-appels-a-projets?f%5B0%5D=theme%3A76&f%5B1%5D=theme%3A151 | https://www.iledefrance.fr/aides-et-appels-a-projets?f%5B0%5D=theme%3A127&f%5B1%5D=theme%3A151 | https://www.iledefrance.fr/aides-et-appels-a-projets?f%5B0%5D=theme%3A100&f%5B1%5D=theme%3A151 | https://www.iledefrance.fr/aides-et-appels-a-projets?f%5B0%5D=theme%3A79&f%5B1%5D=theme%3A151 | https://www.iledefrance.fr/aides-et-appels-a-projets?f%5B0%5D=theme%3A73&f%5B1%5D=theme%3A151 | https://www.iledefrance.fr/aides-et-appels-a-projets?f%5B0%5D=theme%3A64&f%5B1%5D=theme%3A151 | https://www.iledefrance.fr/aides-et-appels-a-projets?f%5B0%5D=theme%3A151&f%5B1%5D=theme%3A154 | https://www.iledefrance.fr/aides-et-appels-a-projets?f%5B0%5D=theme%3A151&f%5B1%5D=theme%3A1351 | https://www.iledefrance.fr/aides-et-appels-a-projets?f%5B0%5D=theme%3A151&f%5B1%5D=theme%3A1162 | https://www.iledefrance.fr/aides-et-appels-a-projets | https://www.iledefrance.fr/aides-et-appels-a-projets?f%5B0%5D=theme%3A148&f%5B1%5D=theme%3A151 | https://www.iledefrance.fr/aides-et-appels-a-projets?f%5B0%5D=theme%3A151&f%5B1%5D=theme%3A1348 | https://www.iledefrance.fr/aides-et-appels-a-projets?f%5B0%5D=theme%3A112&f%5B1%5D=theme%3A151 | https://www.iledefrance.fr/aides-et-appels-a-projets?f%5B0%5D=theme%3A151&f%5B1%5D=theme%3A1354 | https://www.iledefrance.fr/aides-et-appels-a-projets?f%5B0%5D=theme%3A151&f%5B1%5D=theme%3A610 | https://www.iledefrance.fr/aides-et-appels-a-projets?f%5B0%5D=theme%3A151&f%5B1%5D=theme%3A1357 | https://www.iledefrance.fr/aides-et-appels-a-projets?f%5B0%5D=theme%3A151&f%5B1%5D=theme%3A607 | https://www.iledefrance.fr/aides-et-appels-a-projets?f%5B0%5D=theme%3A151&f%5B1%5D=theme%3A577 | https://www.iledefrance.fr/aides-et-appels-a-projets?f%5B0%5D=theme%3A151&f%5B1%5D=theme%3A571 | https://www.iledefrance.fr/aides-et-appels-a-projets?f%5B0%5D=theme%3A151&f%5B1%5D=theme%3A619 | https://www.iledefrance.fr/aides-et-appels-a-projets?f%5B0%5D=theme%3A151&f%5B1%5D=theme%3A574 | https://www.iledefrance.fr/aides-et-appels-a-projets?f%5B0%5D=theme%3A151&f%5B1%5D=theme%3A613 | https://www.iledefrance.fr/aides-et-appels-a-projets?f%5B0%5D=theme%3A151&f%5B1%5D=theme%3A616 | https://www.iledefrance.fr/aides-et-appels-a-projets?f%5B0%5D=theme%3A151&f%5B1%5D=theme%3A583 | https://www.iledefrance.fr/aides-et-appels-a-projets?f%5B0%5D=theme%3A151&f%5B1%5D=theme%3A622 | https://www.iledefrance.fr/aides-et-appels-a-projets?f%5B0%5D=theme%3A136&f%5B1%5D=theme%3A151 | https://www.iledefrance.fr/aides-et-appels-a-projets?f%5B0%5D=theme%3A133&f%5B1%5D=theme%3A151 | https://www.iledefrance.fr/aides-et-appels-a-projets?f%5B0%5D=theme%3A139&f%5B1%5D=theme%3A151 | https://www.iledefrance.fr/aides-et-appels-a-projets?f%5B0%5D=theme%3A142&f%5B1%5D=theme%3A151 | https://www.iledefrance.fr/aides-et-appels-a-projets?f%5B0%5D=theme%3A151&f%5B1%5D=theme%3A157 | https://www.iledefrance.fr/aides-et-appels-a-projets?f%5B0%5D=theme%3A151&f%5B1%5D=theme%3A562 | https://www.iledefrance.fr/aides-et-appels-a-projets?f%5B0%5D=theme%3A151&f%5B1%5D=theme%3A625 | https://www.iledefrance.fr/aides-et-appels-a-projets?f%5B0%5D=theme%3A151&f%5B1%5D=theme%3A580 | https://www.iledefrance.fr/aides-et-appels-a-projets?f%5B0%5D=theme%3A151&f%5B1%5D=theme%3A652 | https://www.iledefrance.fr/aides-et-appels-a-projets?f%5B0%5D=theme%3A151&f%5B1%5D=theme%3A586 | https://www.iledefrance.fr/aides-et-appels-a-projets?f%5B0%5D=theme%3A151&f%5B1%5D=theme%3A598 | https://www.iledefrance.fr/aides-et-appels-a-projets?f%5B0%5D=theme%3A145&f%5B1%5D=theme%3A151 | https://www.iledefrance.fr/aides-et-appels-a-projets?f%5B0%5D=theme%3A151&f%5B1%5D=theme%3A631 | https://www.iledefrance.fr/sites/default/files/medias/2022/10/IDF_Impact_2028_synthese_0.pdf | https://www.iledefrance.fr/aides-et-appels-a-projets?f%5B0%5D=theme%3A151&f%5B1%5D=theme%3A592 | https://www.iledefrance.fr/aides-et-appels-a-projets?f%5B0%5D=theme%3A151&f%5B1%5D=theme%3A589 | https://www.iledefrance.fr/aides-et-appels-a-projets?f%5B0%5D=theme%3A151&f%5B1%5D=theme%3A658 | https://www.iledefrance.fr/aides-et-appels-a-projets?f%5B0%5D=theme%3A151&f%5B1%5D=theme%3A643 | https://www.iledefrance.fr/aides-et-appels-a-projets?f%5B0%5D=theme%3A151&f%5B1%5D=theme%3A601 | https://www.iledefrance.fr/aides-et-appels-a-projets?f%5B0%5D=theme%3A151&f%5B1%5D=theme%3A604 | https://www.iledefrance.fr/aides-et-appels-a-projets?f%5B0%5D=theme%3A55&f%5B1%5D=theme%3A151 | http://www.facebook.com/share.php?u=https://www.iledefrance.fr/aides-et-appels-a-projets/feader-soutien-aux-investissements-agricoles-modernisation-des-exploitations-aap-2026 | https://twitter.com/intent/tweet?url=https://www.iledefrance.fr/aides-et-appels-a-projets/feader-soutien-aux-investissements-agricoles-modernisation-des-exploitations-aap-2026 | https://www.linkedin.com/shareArticle?mini=true&url=https://www.iledefrance.fr/aides-et-appels-a-projets/feader-soutien-aux-investissements-agricoles-modernisation-des-exploitations-aap-2026 | http://www.facebook.com/share.php?u=https://www.iledefrance.fr/aides-et-appels-a-projets/feader-soutien-aux-investissements-agricoles-diversification-aap-2026 | https://twitter.com/intent/tweet?url=https://www.iledefrance.fr/aides-et-appels-a-projets/feader-soutien-aux-investissements-agricoles-diversification-aap-2026 | https://www.linkedin.com/shareArticle?mini=true&url=https://www.iledefrance.fr/aides-et-appels-a-projets/feader-soutien-aux-investissements-agricoles-diversification-aap-2026 | http://www.facebook.com/share.php?u=https://www.iledefrance.fr/aides-et-appels-a-projets/feader-investissements-agricoles-adaptation-au-changement-climatique-et-transition-aap-2026 | https://twitter.com/intent/tweet?url=https://www.iledefrance.fr/aides-et-appels-a-projets/feader-investissements-agricoles-adaptation-au-changement-climatique-et-transition-aap-2026 | https://www.linkedin.com/shareArticle?mini=true&url=https://www.iledefrance.fr/aides-et-appels-a-projets/feader-investissements-agricoles-adaptation-au-changement-climatique-et-transition-aap-2026 | https://gedif.iledefrance.fr/share/s/iKjlmMpIRySo5ZjKSDckpQ | https://www.iledefrance.fr/tous-les-services/ma-region-pres-de-chez-moi/environnement/budget-participatif-ecologique | http://www.facebook.com/share.php?u=https://www.iledefrance.fr/aides-et-appels-a-projets/budget-participatif-ecologique-et-solidaire | https://twitter.com/intent/tweet?url=https://www.iledefrance.fr/aides-et-appels-a-projets/budget-participatif-ecologique-et-solidaire | https://www.linkedin.com/shareArticle?mini=true&url=https://www.iledefrance.fr/aides-et-appels-a-projets/budget-participatif-ecologique-et-solidaire | mailto:budgetparticipatif@iledefrance.fr | http://www.facebook.com/share.php?u=https://www.iledefrance.fr/aides-et-appels-a-projets/feader-soutien-aux-investissements-agricoles-environnementaux-non-productifs-aap-2026 | https://twitter.com/intent/tweet?url=https://www.iledefrance.fr/aides-et-appels-a-projets/feader-soutien-aux-investissements-agricoles-environnementaux-non-productifs-aap-2026 | https://www.linkedin.com/shareArticle?mini=true&url=https://www.iledefrance.fr/aides-et-appels-a-projets/feader-soutien-aux-investissements-agricoles-environnementaux-non-productifs-aap-2026 | https://leaderpia.iledefrance.fr/storage/sites/12/2026/03/2026-03-18_AAP_PIA4_IdF_filieresAgriForet.pdf | https://leaderpia.iledefrance.fr/storage/sites/12/2023/03/Dossier_demande_France_2030_Filieres_AGRI_2022.zip | https://app.bel.bpifrance.fr/subscribe/pia4-atf/company?origin=FR-IDF | mailto:benjamin.genton@agriculture.gouv.fr | https://leaderpia.iledefrance.fr/storage/sites/12/2024/08/FAQ_AAP_No_6_SESAME_Filieres_France_2030_07-08-2024.pdf | https://leaderpia.iledefrance.fr/storage/sites/12/2025/08/20251006-AAP-n%C2%B0-8-SESAME-Filieres-France-2025.pdf | https://leaderpia.iledefrance.fr/storage/sites/12/2025/12/AAP_SESAME_Filieres_IDF_Dossier_de_candidature_11_2025.zip | https://uap.bpifrance.fr/wp-content/uploads/2025/01/PIA4_Regionalise_IDF-AAP_Grands_lieux_d_innovation.pdf | https://uap.bpifrance.fr/wp-content/uploads/2025/01/Dossier-Candidature-GLI.zip | javascript: return false; | https://www.europeidf.fr/sites/default/files/Europe_finance_comment_communiquer.pdf | https://www.europeidf.fr/sites/default/files/Kit%20de%20communication%20PN%20FSE%2B.pdf | https://www.europeidf.fr/sites/default/files/Kit%20logos%20Cofinanc%C3%A9%20par%20lUnion%20europ%C3%A9enne.zip | https://www.europeidf.fr/sites/default/files/Kit%20logos%20R%C3%A9gion%20IDF.ZIP | https://www.europeidf.fr/sites/default/files/Calendrier%20pr%C3%A9visionnel%20AAP_FEDER_FSE_Septembre_2026.xlsx | https://www.europeidf.fr/sites/default/files/Programme_regional_FEDER_FSE_IDF_2021-2027.pdf | https://www.europeidf.fr/sites/default/files/Guide%20methodologique_fonds_europeens_aout2024_web.pdf | https://www.europeidf.fr/textes-reglementaires#a2 | https://fse.gouv.fr/sites/default/files/2022-10/Programme_snapshot_2021FR05SFPR001_1.3_fr.pdf | https://www.europeidf.fr/sites/default/files/2023-01-09%20-%20Lignes%20de%20partage%20Etat%20R%C3%A9gion%20FSE%2B.pdf | https://www.europeidf.fr/sites/default/files/Version%20valid%C3%A9e%20-%20Programme%20r%C3%A9gional%20IDF%2021-27.pdf | https://eur-lex.europa.eu/legal-content/FR/TXT/HTML/?uri=CELEX:32021R1060&from=EN#d1e32-321-1 | https://www.europeidf.fr/sites/default/files/Guide%20methodologique_Annexes_aout2024.zip | https://www.europeidf.fr/sites/default/files/Enqu%C3%AAte%20R%C3%A9gion%20%C3%8Ele-de-France%20-%20FSE%2B%202026.pdf | https://www.europeidf.fr/sites/default/files/2026%20-%20AAP%20FEADER%20-%2073.01%20hydraulique%20-%20Notice%20r%C3%A9glementaire_0.pdf | https://www.europeidf.fr/sites/default/files/2026%20-%20AAP%20FEADER%20-%2073.07%20hydraulique%20-%20Liste%20des%20pi%C3%A8ces%20%C3%A0%20fournir%20par%20le%20porteur.pdf | https://www.europeidf.fr/sites/default/files/2026%20-%20AAP%20FEADER%20-%2073.01%20hydraulique%20-%20Liste_investissements_1.xlsx | https://www.europeidf.fr/sites/default/files/2026%20-%20AAP%20FEADER%20-%2073.01%20hydraulique%20-%20D%C3%A9p%C3%B4t-instruction%20d%C3%A9penses_0.xlsx | https://www.europeidf.fr/sites/default/files/AAP_FEDER2026_G%C3%A9othermie.pdf | https://www.europeidf.fr/sites/default/files/Annexes_AAP_FEDER2026_G%C3%A9othermie_1.zip | https://www.europeidf.fr/sites/default/files/Documents%20types_AAP_FEDER2026_G%C3%A9othermie.zip | https://regioniledefrancecrm.my.site.com/MonCompteRegion/s/campaignregisterunkown?CampaignId=701Sm00000xv3aMIAQ | https://www.europeidf.fr/sites/default/files/260917%20-%20Pr%C3%A9sentation%20AAP%20G%C3%A9othermie.pdf | https://www.europeidf.fr/sites/default/files/medias/2016/11/documents/guide_daide_a_la_saisie_sur_le_portail_e-synergie.pdf | https://www.europeidf.fr/sites/default/files/AAP%202026%20-%20OIR%20-Decrochage.pdf | https://www.europeidf.fr/sites/default/files/Annexes%20-%20OIR%20-%20AAP%20Decrochage%202026.zip | https://eur-lex.europa.eu/legal-content/FR/TXT/HTML/?uri=CELEX:32021R1060&from=EN#d1e5952-159-1 | https://eur-lex.europa.eu/legal-content/FR/TXT/HTML/?uri=CELEX:32021R1057&from=EN | https://eur-lex.europa.eu/legal-content/FR/TXT/HTML/?uri=CELEX:32021R1058&from=EN | https://eur-lex.europa.eu/legal-content/FR/TXT/HTML/?uri=CELEX:32021R1059&from=EN | https://eur-lex.europa.eu/legal-content/FR/TXT/HTML/?uri=CELEX:32021R2115&from=FR | https://eur-lex.europa.eu/legal-content/FR/TXT/HTML/?uri=CELEX:32022R0129#d1e257-197-1 | https://www.europeidf.fr/sites/default/files/230103%20-%20Guide%20conditions%20favorisantes.pdf | https://www.europeidf.fr/sites/default/files/Programme%20regional_FEDER_FSE_202607.pdf | https://www.europeidf.fr/sites/default/files/Calendrier%20pr%C3%A9visionnel%20AAP_FEDER_FSE_15%20octobre%202025.xlsx | https://www.europeidf.fr/sites/default/files/R%C3%A8glement_interieur_CRSI_2021-2027%20vdef.pdf | https://www.europeidf.fr/sites/default/files/20230721_Liste%20membres%20CRSI%2021-27%20vdef.pdf | https://www.europeidf.fr/sites/default/files/2022%20-%20Evaluation%20ex%20ante%20instruments%20financiers%20FEDER%20FSE.pdf | https://www.europeidf.fr/sites/default/files/260817%20-%20Liste%20des%20operations_IDF.xlsx | https://www.europeidf.fr/sites/default/files/2023-435-CL%20REGIME%20REGIONAL%20CORRECTIONS-SANCTIONS%20AIDES%20FEADER%20HSIGC%20AU%20TITRE%20DU%20PROGRAMME%20REGIONAL%202023-2027%20DE%20LA%20RIDF.pdf | https://www.europeidf.fr/sites/default/files/Programme_regional_FEDER_FSE_IDF_2021-2027.pdf | https://www.europeidf.fr/sites/default/files/2023-01-09%20-%20Lignes%20de%20partage%20Etat%20R%C3%A9gion%20FSE%2B.pdf | https://www.europeidf.fr/sites/default/files/Guide%20methodologique_fonds_europeens_aout2024_web.pdf | https://www.europeidf.fr/sites/default/files/Version%20valid%C3%A9e%20-%20Programme%20r%C3%A9gional%20IDF%2021-27.pdf | https://www.europeidf.fr/sites/default/files/Europe_finance_comment_communiquer.pdf | https://www.europeidf.fr/sites/default/files/Kit%20de%20communication%20PN%20FSE%2B.pdf | https://www.europeidf.fr/sites/default/files/AAP_FEDER2026_G%C3%A9othermie.pdf | https://regioniledefrancecrm.my.site.com/MonCompteRegion/s/campaignregisterunkown?CampaignId=701Sm00000xv3aMIAQ | https://www.europeidf.fr/sites/default/files/260917%20-%20Pr%C3%A9sentation%20AAP%20G%C3%A9othermie.pdf | https://www.europeidf.fr/sites/default/files/medias/2016/11/documents/guide_daide_a_la_saisie_sur_le_portail_e-synergie.pdf | https://www.europeidf.fr/sites/default/files/2026%20-%20AAP%20FEADER%20-%2073.01%20hydraulique%20-%20Notice%20r%C3%A9glementaire.pdf | https://www.europeidf.fr/sites/default/files/2026%20-%20AAP%20FEADER%20-%2073.01%20hydraulique%20-%20Pi%C3%A8ces%20%C3%A0%20fournir%20par%20le%20porteur.pdf | https://www.europeidf.fr/sites/default/files/2026%20-%20AAP%20FEADER%20-%2073.01%20hydraulique%20-%20Liste_investissements.xlsx | https://www.europeidf.fr/sites/default/files/2026%20-%20AAP%20FEADER%20-%2073.01%20hydraulique%20-%20D%C3%A9p%C3%B4t-instruction%20d%C3%A9penses.xlsx | https://www.europeidf.fr/sites/default/files/2026%20-%20AAP%20FEADER%20-%2073.01%20hydraulique%20-%20Notice%20r%C3%A9glementaire_0.pdf | https://www.europeidf.fr/sites/default/files/2026%20-%20AAP%20FEADER%20-%2073.07%20hydraulique%20-%20Liste%20des%20pi%C3%A8ces%20%C3%A0%20fournir%20par%20le%20porteur.pdf | https://www.europeidf.fr/sites/default/files/Notice_%20Coop%C3%A9ration%20renouvellement%20agri.pdf | https://www.europeidf.fr/sites/default/files/Cooperation%20renouvellement%20generations_Accord%20de%20partenariat%20-%20Plan%20de%20cession.pdf | https://www.europeidf.fr/sites/default/files/Cooperation%20renouvellement%20generations%20_Fiche%20compte-rendu%20de%20r%C3%A9union.pdf | https://www.europeidf.fr/sites/default/files/AAP_permanent_Inondations_5juin2024.pdf | https://www.europeidf.fr/sites/default/files/Annexes%20-%20AAP_DRIEAT_FEDER2024_Inondation.zip | https://www.europeidf.fr/sites/default/files/Documents%20type%20-%20AAP_FEDER2024_Inondation.zip | https://www.europeidf.fr/sites/default/files/AAP_FEDER2024_Continuite_ecologique_5juin2024.pdf | https://www.europeidf.fr/sites/default/files/Annexes%20-%20AAP_DRIEAT_FEDER2024_Continuite.zip | https://www.europeidf.fr/sites/default/files/Documents%20type%20-%20AAP_FEDER2024_Continuite.zip | https://www.europeidf.fr/sites/default/files/Notice_DA_AIJA_2023.pdf","VERIFIE","100","100"
"official_occitanie_foster_ptz","Document officiel","AIDE","REGIONAL","Occitanie","Région Occitanie | Union européenne | Europe en Occitanie | Occitanie","PRET_TAUX_ZERO | SUBVENTION | AVANCE_REMBOURSABLE","PME | GE | STARTUP | ETI","40000000","30000","10000","500000","","","2026-11-30","non","https://www.laregion.fr/IMG/pdf/1/d/7/foster_re_gion_occitanie_flyer_v_internet.pdf","https://www.laregion.fr/IMG/pdf/1/d/7/foster_re_gion_occitanie_flyer_v_internet.pdf | https://www.laregion.fr/IMG/pdf/6/e/4/foster_re_gion_occitanie_guide_com_be_ne_ficaires.pdf | https://www.laregion.fr/IMG/pdf/3/2/4/foster_re_gion_occitanie_guide_d_expression_obligations_com.pdf | https://www.laregion.fr/IMG/zip/4/f/7/logos_foster_re_gion_occitanie.zip | https://www.laregion.fr/IMG/pdf/a/0/8/oc-fondseuropeens-affiche-a3-foster-2025-01-bd.pdf | https://hubentreprendre.laregion.fr/financement/garantie-foster-region-occitanie | https://hubentreprendre.laregion.fr/financement/pret-dhonneur-foster-region-occitanie | https://www.laregion.fr/IMG/pdf/3/c/a/coordonne_es_garantie_foster_maj062026.pdf | https://www.laregion.fr/IMG/pdf/e/1/2/coordonne_es_pre_t_foster_re_gion_occitanie.pdf | https://www.laregion.fr/Dispositif-Convention-Filieres-Territorialisees | https://www.laregion.fr/IMG/pdf/tutoriel_-_plateforme_des_aides_en_ligne.pdf | https://www.laregion.fr/IMG/pdf/d/1/6/rgpd_notice_d_information_1_-1.pdf | https://www.laregion.fr/IMG/pdf/f/7/b/reglement_dispositif_d_aide_aux_equipes_artistiques.pdf | https://enquetes.laregion.fr/surveyserver/s/occitanie-dsi/Autodiagnostic_eco-responsabilite/pagedaccueil.htm | https://mesaidesenligne.laregion.fr/aides/#/croccitanie/connecte/F__DCP_AAP_TOTF/depot/simple | https://www.laregion.fr/IMG/pdf/5/6/0/reglement_aap_total_festum.pdf | https://www.laregion.fr/Aides-Mouv-Occitanie#documents | https://www.laregion.fr/IMG/pdf/a/1/c/reglement_d_intervention_mouv_occitanie.pdf | https://www.laregion.fr/IMG/pdf/1/9/7/modalite_s_de_paiement.pdf | https://www.laregion.fr/IMG/pdf/6/d/7/modele-certificat-de-presence-a-l-etranger-1.pdf | https://www.laregion.fr/IMG/pdf/9/0/0/depot-demande_de_paiement_du_solde.pdf | https://www.laregion.fr/IMG/pdf/2/e/4/flyer_mouv_occitanie_-_a5_-_ro_vo_print.pdf | https://www.laregion.fr/IMG/pdf/4/c/2/flyer_mouv_occitanie_-_a5_-_ro_vo_web.pdf | https://www.laregion.fr/IMG/pdf/a/f/9/affiche_mouv_occitanie_-_print_a3.pdf | https://www.laregion.fr/IMG/pdf/f/d/d/affiche_mouv_occitanie_-_web_a3.pdf | https://www.laregion.fr/IMG/pdf/f/8/e/charte_graphique_print.pdf | https://www.laregion.fr/IMG/pdf/f/3/6/charte_graphique_web.pdf | https://www.laregion.fr/IMG/pdf/9/c/d/reglement_dispostif_d_aide_aux_investissements_des_editeurs_independants.pdf | https://www.laregion.fr/IMG/pdf/c/a/d/reglement_dispositif_d_aide_aux_investissements_des_librairies_independantes.pdf | https://www.laregion.fr/IMG/pdf/f/f/d/reglement_dispositif_d_aide_aux_relais_de_proximite_dans_les_territoires.pdf | https://www.laregion.fr/IMG/pdf/6/2/a/reglement_lordi_cp_mai_2026__modifie.pdf | https://www.laregion.fr/IMG/pdf/c/6/9/cg_de_cession_fracture_2026-2027_vf.pdf | https://www.laregion.fr/IMG/pdf/d/3/4/liste_logiciels_dys_disponibles_dans_le_lordi_-_2026.pdf | https://www.laregion.fr/IMG/pdf/3/7/7/fa_os_1.1.1-2_infrastructures_de_recherche_et_d_innovation_prio_equipements_v1-1.pdf | https://www.laregion.fr/IMG/pdf/d/4/0/reglement_dispositif_d_aide_aux_operateurs_structurants_pour_les_langues_et_cultures_occitane_et_catalane-1.pdf | https://www.laregion.fr/IMG/pdf/1/d/4/liste_des_structures_labellisees_en_mars_2026-1.pdf | https://www.laregion.fr/IMG/pdf/tutoriel_-_plateforme_des_aides_en_ligne-2.pdf | https://www.laregion.fr/Arts-de-la-scene-Aide-aux-festivals#Foire-aux-questions-FAQ | https://www.laregion.fr/IMG/pdf/f/2/0/2026_fiche_ressource_eco_resp-1.pdf | https://www.laregion.fr/IMG/pdf/4/8/d/2026_fiche_ressource_egalite-1.pdf | https://www.laregion.fr/IMG/pdf/1/7/0/2026_fiche_ressource_accessibilite_psh-1.pdf | https://www.laregion.fr/IMG/pdf/d/6/9/reglement_dispositif_d_aide_aux_festivals.pdf | https://www.laregion.fr/IMG/pdf/2/9/5/guide_usager_mes_aides_en_ligne-1.pdf | https://www.laregion.fr/IMG/pdf/9/d/3/aap_mecf_cp030726.pdf | https://www.laregion.fr/IMG/pdf/6/8/7/mecf_periodes-enveloppes_cp_030726.pdf | https://www.laregion.fr/IMG/pdf/9/9/3/notice_information_porteur.pdf | https://www.laregion.fr/Appel-a-Manifestation-d-Interet-AMI-Defense-Innovation-Souverainete-et-47225 | https://www.laregion.fr/IMG/zip/b/3/5/hyi_documentsaap_2026.zip | https://www.laregion.fr/IMG/pdf/a/8/9/hyi_periodes-enveloppes_cp030726.pdf | https://www.laregion.fr/AMI-Ecole-Regionale-du-Numerique | https://www.laregion.fr/IMG/pdf/1/6/c/reglement_regional_des_bourses_d_etudes_paramedicales_de_sages-femmes_et_en_travail_social_2026-2027.pdf | https://www.laregion.fr/formulaire-inscription-GIP-Ma-sante-Ma-Region | https://www.laregion.fr/IMG/zip/2/c/6/n2a_documentsaap_2026.zip | https://www.laregion.fr/IMG/pdf/0/2/f/n2a_periodes-enveloppes_2026.pdf | https://www.laregion.fr/IMG/zip/d/3/1/dmi_iea26_documentsaap.zip | https://www.laregion.fr/IMG/pdf/e/a/e/du_periodes-enveloppes_cp_030726.pdf | https://www.laregion.fr/IMG/pdf/e/b/9/occ_2026_livret-8p-a5-dispositif_unique_investissementavril2026.pdf | https://www.laregion.fr/IMG/pdf/f/0/6/rappel_delais_de_realisation_du.pdf | https://www.laregion.fr/IMG/pdf/0/a/b/for_2026_cp1225.pdf | https://www.laregion.fr/IMG/pdf/9/5/5/for_periodes-enveloppes_2026_cp1225.pdf | https://www.laregion.fr/IMG/zip/a/2/0/difc_documents_aap_2025_12_17.zip | https://www.laregion.fr/IMG/pdf/4/e/f/difc_periodes-enveloppes_2026_cpdec25_v2.pdf | https://www.laregion.fr/IMG/zip/9/1/0/tpast_documents_aap_2026_02_05.zip | https://www.laregion.fr/IMG/pdf/0/b/3/tpast_periode_enveloppe_2026.pdf | https://www.laregion.fr/IMG/zip/2/5/c/caba_documents_aap_2026_02_03.zip | https://www.laregion.fr/IMG/pdf/1/0/c/caba_periodes_enveloppes_2026.pdf | https://www.laregion.fr/IMG/zip/5/4/2/hyc_documents_aap_2026_01_16.zip | https://www.laregion.fr/IMG/pdf/f/3/7/hyc_periode_enveloppe_2026.pdf | https://www.laregion.fr/IMG/zip/d/a/b/cabf_documentsaap_2026_02_17.zip | https://www.laregion.fr/IMG/pdf/5/9/6/cabf_periode_enveloppe_2026.pdf | https://www.laregion.fr/IMG/zip/9/2/c/pasd_documents_aap_2025_12_23_1__2_.zip | https://www.laregion.fr/IMG/pdf/6/f/f/periodes-enveloppes_cp22mai26.pdf | https://www.laregion.fr/IMG/zip/e/c/8/dfci_documents_aap_2026_02_17_2_.zip | https://www.laregion.fr/IMG/pdf/c/3/7/dfci_periodes_enveloppe_2026.pdf | https://www.laregion.fr/IMG/zip/6/5/6/siqo_aap_documents_2026_03_03.zip | https://www.laregion.fr/IMG/pdf/7/6/8/siqo_periodes-enveloppes_2026-1.pdf | https://www.laregion.fr/IMG/zip/b/b/f/sldf_documents_app_2026_1_.zip | https://www.laregion.fr/IMG/pdf/e/b/c/sldf_periodes_enveloppes_2026.pdf | https://www.laregion.fr/IMG/zip/6/7/0/gard_documents_aap_2025_12_23_3_.zip | https://www.laregion.fr/IMG/pdf/e/c/f/v3.1_periodes-enveloppes_cp22mai26.pdf | https://www.laregion.fr/IMG/zip/2/4/b/desf_documents_app_2026.zip | https://www.laregion.fr/IMG/pdf/f/0/f/desf_periode_enveloppe_2026.pdf | https://www.laregion.fr/IMG/zip/6/6/1/maect_documents_aap_2025_dec.zip | https://www.laregion.fr/IMG/pdf/3/8/4/periodes_enveloppes_maect_cp22mai26.pdf | https://www.laregion.fr/IMG/xlsx/8/a/0/faq_maec_transition_site_internet.xlsx | https://www.laregion.fr/IMG/zip/2/e/9/maec_api_documents_aap_20260401.zip | https://www.laregion.fr/IMG/pdf/a/6/1/maec_api_periode_enveloppe_2026.pdf | https://www.laregion.fr/IMG/zip/1/1/9/ieac_documentsaap_2026_03_04.zip | https://www.laregion.fr/IMG/pdf/0/6/a/ieac_periode_enveloppe_2026.pdf | https://www.laregion.fr/IMG/zip/c/6/5/pnvi_documents_aap_26_04_01_1_.zip | https://www.laregion.fr/IMG/pdf/b/6/e/pnvi_periodes-enveloppes_2026.pdf | https://www.laregion.fr/IMG/pdf/d/d/c/webinaire_dispositif_pvn_15_03_24.pdf | https://www.laregion.fr/IMG/zip/b/0/0/maec_prm_documents_aap_20260401.zip | https://www.laregion.fr/IMG/pdf/1/0/f/maec_prm_periode_enveloppe_2026.pdf | https://mesaidesenligne.laregion.fr/aides/#/croccitanie/connecte/F_DSSOL_AAP_R/depot/simple | https://www.laregion.fr/IMG/pdf/0/c/0/ri_aap_vdef_cp_juillet_2026.pdf | https://www.laregion.fr/IMG/pdf/9/b/b/faq_3-7-26.pdf | https://www.laregion.fr/budget2026 | https://www.laregion.fr/IMG/pdf/5/d/9/31-reglement_carte_jeune_cp_mai_2026.pdf | https://www.laregion.fr/IMG/pdf/9/5/e/aap_emergence_2027-cahier_des_charges_notice.pdf | https://www.laregion.fr/IMG/pdf/b/e/c/fa_os_1.2_2_services_et_contenus_innovants_v1-1.pdf | https://www.laregion.fr/IMG/pdf/d/0/1/fa_os_1.2_1_donnees_v1-1.pdf | https://www.laregion.fr/IMG/pdf/3/7/6/fa_os_1.2_3_territoires_intelligents_v1-1.pdf | https://www.laregion.fr/IMG/pdf/9/c/e/fa_os_4.5.1-1_innov_emploi_experimentation_v1-1.pdf | https://www.laregion.fr/IMG/pdf/7/6/4/fa_os_4.5.2-2_service_public_regional_orientation_v1-1.pdf | https://www.laregion.fr/IMG/pdf/a/0/6/fa_os_4.5.2-1_outil_de_diagnostic_v1-1.pdf | https://www.laregion.fr/IMG/pdf/3/6/2/fa_os_1.3_1_entreprises_du_tourisme_v1-1.pdf | https://www.laregion.fr/IMG/pdf/c/1/5/fa_os_4.5.1-2_innov_emploi_modernisation_v1-1.pdf | https://www.laregion.fr/IMG/pdf/a/b/9/fa_os_4.6_1_nouvelles_chances_v1-1.pdf | https://www.laregion.fr/IMG/pdf/b/9/4/reglement_aap_diffusion_csti_2027_5_.pdf | https://www.laregion.fr/IMG/pdf/d/8/4/fa_os_4.6_3_diplome_acces_etudes_universitaires_daeu_v1-1.pdf | https://www.laregion.fr/IMG/pdf/1/0/c/fa_os_1.3_3_investissement_entreprises_v1-1.pdf | https://www.laregion.fr/IMG/pdf/d/d/6/fa_os_1.1.4-2_potentiel_humain_par_et_pour_la_recherche-csti_v1-1.pdf | https://www.laregion.fr/IMG/pdf/6/f/4/fa_os1.3_4_immobilier_collectif.pdf | https://www.laregion.fr/IMG/pdf/8/5/b/fa_os1.1_1_immobilier_infrastructures_de_recherche.pdf | https://www.laregion.fr/IMG/pdf/7/4/e/fa_os_4_1_creation_entreprises_v1-1.pdf | https://www.laregion.fr/IMG/pdf/9/3/9/fa_os_1.3_2_destination_occitanie_v1-1.pdf | https://www.laregion.fr/IMG/pdf/2/e/7/fa_os_2.7_5_preserver_et_restaurer_poissons_grands_migrateurs_garonne_v1.pdf | https://www.laregion.fr/IMG/pdf/d/0/f/fa_os_2.7_4_accompagnement_technique_gestion_milieux_naturels_v1.pdf | https://www.laregion.fr/IMG/pdf/2/3/1/fa_os_2.7_2_restaurer_etat_milieux_aquatiques_v1.pdf | https://www.laregion.fr/IMG/pdf/b/3/4/fa_os_2.7_1_infrastructures_vertes_et_bleues_v1.pdf | https://www.laregion.fr/IMG/pdf/3/9/a/fa_os_2.7_3_ameliorer_la_connaissance_sur_les_milieux_v1-1.pdf | https://www.laregion.fr/IMG/pdf/d/6/e/fa_os_2.2_1_invt_enr_v1-1.pdf | https://www.laregion.fr/IMG/pdf/6/b/b/fa_os_2.8_1_mobilites_douces_urbaines_v1-1.pdf | https://www.laregion.fr/IMG/pdf/b/c/e/os_5.2_4_equipements_culturels_touristique_loisirs_rural_v1.pdf | https://www.laregion.fr/IMG/pdf/4/e/0/fa_os_2.2_2_animation_enr_v1.pdf | https://www.laregion.fr/IMG/pdf/5/b/4/fa_os_2.2_3_hydrogene_v1.pdf | https://www.laregion.fr/IMG/pdf/3/8/1/fa_os_2.1.1-1_logements_sociaux_v1.pdf | https://www.laregion.fr/IMG/pdf/0/d/0/fa_os_2.1.1-2_massification_v1.pdf | https://www.laregion.fr/IMG/pdf/4/1/9/fa_os_2.1_2_construction_renovation_batiments_v1.pdf | https://www.laregion.fr/IMG/pdf/f/a/2/os_5.1_2_sante_desertification_medicale_urbain_v1.pdf | https://www.laregion.fr/IMG/pdf/0/c/4/fa_os_1.1.4-1_potentiel_humain_par_et_pour_la_recherche-allocations_v1-1.pdf | https://www.laregion.fr/IMG/pdf/3/1/b/fa_os_2.2_1_invt_enr_v1.pdf | https://www.laregion.fr/IMG/pdf/8/e/1/fa_os_1.1.3-1_demarches_collectives_poles_cluster_v1-1.pdf | https://www.laregion.fr/IMG/pdf/4/8/d/fa_os_2.4.2_risque_innondation_-_risques__v1.pdf | https://www.laregion.fr/IMG/pdf/a/6/4/fa_os_1.1.3-2_collaborations_labos_entreprises_v1-1.pdf | https://www.laregion.fr/IMG/pdf/b/1/a/fa_os_1.1_2_innovation_entreprise_v1-1.pdf | https://www.laregion.fr/IMG/pdf/5/9/9/fa_os_1.3.4-2_tiers-lieux_v1-1.pdf | https://www.laregion.fr/IMG/pdf/0/e/f/fa_os_2.6_1_prevention_economie_circulaire_dechets_v1.pdf | https://www.laregion.fr/IMG/pdf/8/6/6/fa_os_2.6_2_tri_economie_circulaire_dechets_v1-2.pdf | https://www.laregion.fr/IMG/pdf/6/b/b/fa_os_2.8_1_mobilites_douces_urbaines_v1.pdf | https://www.laregion.fr/IMG/pdf/b/e/1/fa_os_2.4.4_littoral_-_travaux_attenuation_v1.pdf | https://www.laregion.fr/IMG/pdf/7/5/6/os_5.2_6_volet_pyrenees_rural_v1.pdf | https://www.laregion.fr/IMG/pdf/7/e/2/os_5.1_1__amelioration_cadre_de_vie_qpv_v1.pdf | https://www.laregion.fr/IMG/pdf/f/4/b/os_5.1_3_logement_populations_marginalisees_urbain_v1.pdf | https://www.laregion.fr/IMG/pdf/d/3/0/fa_os_2.4.1_risque_innondation_-_travaux_v1.pdf | https://www.laregion.fr/IMG/pdf/a/b/b/fa_os_2.4.3_littoral_-_recomposition_spatiale_v1-1.pdf | https://www.laregion.fr/IMG/pdf/f/4/b/os_5.2_5_centres_formation_rural_v1.pdf | https://www.laregion.fr/IMG/pdf/b/4/c/os_5.1_5_centres_formation_urbain_v1.pdf | https://www.laregion.fr/IMG/pdf/e/c/5/os_5.1_4_equipements_culturels_touristique_loisirs_urbain_v1-2.pdf | https://www.laregion.fr/IMG/pdf/4/8/d/fa_os_2.4.2_risque_innondation_-_risques__v1-1.pdf | https://www.laregion.fr/IMG/pdf/f/0/d/os_5.1_6_volet_pyrenees_urbain_v1.pdf | https://www.laregion.fr/IMG/pdf/b/a/4/os_5_2_3_logement_populations_marginalisees_rural_v1.pdf | https://www.laregion.fr/IMG/pdf/d/8/f/reglement_dispositif_d_aide_a_la_mobilite_et_l_export_des_maisons_d_edition.pdf | https://www.laregion.fr/IMG/pdf/1/4/7/os_5_2_2_sante_desertification_medicale_rural_v1.pdf | https://www.laregion.fr/IMG/pdf/c/3/5/os_5_2_1_amelioration_cadre_de_vie_rural_v1-1.pdf | https://www.laregion.fr/Appel-a-manifestation-d-interet-pour-la-mise-a-disposition-d-un-local-destine-a-la | https://twitter.com/intent/tweet?text=Appel+%C3%A0+Manifestation+d%E2%80%99Int%C3%A9r%C3%AAt+%28AMI%29+%C2%AB+D%C3%A9fense%2C+Innovation%2C+Souverainet%C3%A9+et+R%C3%A9industrialisation+des+territoires+%C2%BB+-+Pour+renforcer+la+base+industrielle+et+technologique+de+d%C3%A9fense+et+contribuer+%C3%A0+la+souverainet%C3%A9+europ%C3%A9enne+et+au+soutien+de+notre+tissu+%C3%A9conomique%2C+la+R%C3%A9gion+Occitanie+lance+un+Appel+%C3%A0+Manifestation+d%E2%80%99Int%C3%A9r%C3%AAt+%28AMI%29+intitul%C3%A9+%C2%AB+D%C3%A9fense%2C+Innovation%2C+Souverainet%C3%A9+et+R%C3%A9industrialisation+des+territoires+%C2%BB.&url=https://www.laregion.fr/Appel-a-Manifestation-d-Interet-AMI-Defense-Innovation-Souverainete-et-47225&via=Occitanie | http://www.facebook.com/share.php?u=https%3A%2F%2Fwww.laregion.fr%2FAppel-a-Manifestation-d-Interet-AMI-Defense-Innovation-Souverainete-et-47225 | https://www.laregion.fr/IMG/docx/9/1/d/fiche_projet_croissance.docx | https://www.laregion.fr/IMG/docx/b/d/b/fiche_projet_innovation_mode_collaboratif.docx | https://www.laregion.fr/IMG/docx/4/d/0/fiche_projet_innovation_individuel.docx | mailto:amidefis@laregion.fr | https://www.laregion.fr/IMG/pdf/e/0/9/cahier_des_charges_innovation.pdf | https://www.laregion.fr/IMG/pdf/8/0/3/cdc_croissance_-_juillet_2025.pdf | https://www.laregion.fr/IMG/pdf/c/1/d/cdc_innovation_v1_juillet_2026_1.pdf | https://www.laregion.fr/IMG/pdf/1/3/9/reglement_dispositif_d_aide_aux_operateurs_structurants.pdf | https://www.laregion.fr/Aide-a-la-production-de-logements-sociaux-pour-les-operations-s-inscrivant-dans-les | https://www.laregion.fr/IMG/pdf/a/2/5/reglement_d_intervention_aide_garde_d_enfants.pdf | https://www.laregion.fr/IMG/pdf/a/8/8/informations_relatives_au_traitement_des_donnees_personnelles.pdf | https://www.laregion.fr/IMG/pdf/guide_usager_mes_aides_en_ligne.pdf | https://www.laregion.fr/IMG/pdf/d/f/e/reglement_du_dispositif_d_aide_a_la_saison.pdf | https://twitter.com/intent/tweet?text=Appel+%C3%A0+manifestation+d%E2%80%99int%C3%A9r%C3%AAt+-+Ecole+R%C3%A9gionale+du+Num%C3%A9rique+2027%2F2030+-+La+R%C3%A9gion+d%C3%A9ploie+l%E2%80%99%C3%89cole+R%C3%A9gionale+du+Num%C3%A9rique+%28ERN%29+pour+offrir+aux+demandeurs+d%E2%80%99emploi+des+solutions+de+formations+dans+le+num%C3%A9rique.+Ce+dispositif+permet+de+r%C3%A9pondre+aux+besoins+importants+de+la+fili%C3%A8re+num%C3%A9rique+en+mati%C3%A8re+de+recrutement.&url=https://www.laregion.fr/AMI-Ecole-Regionale-du-Numerique&via=Occitanie | http://www.facebook.com/share.php?u=https%3A%2F%2Fwww.laregion.fr%2FAMI-Ecole-Regionale-du-Numerique | https://www.laregion.fr/IMG/pdf/d/b/d/reglement_ami_ern.pdf | https://www.laregion.fr/IMG/docx/0/0/9/dossier_de_reponse.docx | https://www.laregion.fr/IMG/pdf/5/1/6/page-information-rgpd_ami_ern-2026.pdf | https://www.laregion.fr/IMG/pdf/2/9/c/reglemement_4_aap_sudoe.pdf | https://twitter.com/intent/tweet?text=Appel+%C3%A0+candidatures+-+Foodtrucks+2026-2027+-+Site+de+Capdeville+-+Suite+au+succ%C3%A8s+des+saisons+pr%C3%A9c%C3%A9dentes%2C+la+R%C3%A9gion+Occitanie+relance+son+appel+%C3%A0+projet+Foodtrucks+en+vue+de+l%E2%80%99attribution+d%E2%80%99une+autorisation+d%E2%80%99occupation+du+domaine+priv%C3%A9+sur+le+site+Capdeville+pour+la+saison+2026-2027.+La+convention+conclue+aura+pour+but+de+permettre+%C3%A0+des+Foodtrucks+s%C3%A9lectionn%C3%A9s+apr%C3%A8s+mise+en+concurrence+pr%C3%A9alable+d%E2%80%99occuper+un+midi+par+semaine+l%E2%80%99emplacement+pour+proposer+son+offre+de+service+de+restauration+aux+agents+r%C3%A9gionaux+ainsi+qu%E2%80%99aux+riverains.&url=https://www.laregion.fr/Appel-a-candidatures-Foodtrucks-2026-2027-Site-de-Capdeville&via=Occitanie | mailto:charlotte.amiel@laregion.fr | https://www.laregion.fr/IMG/pdf/8/a/3/cot_foodtruck_2026-2027.pdf | https://www.laregion.fr/IMG/pdf/1/7/f/fiche_de_presentation_foodtruck_2026-2027.pdf | https://www.laregion.fr/IMG/pdf/f/8/2/reglement_de_l_appel_a_candidature_foodtrucks_capdeville_2026-2027.pdf | https://www.laregion.fr/IMG/pdf/1/d/4/liste_des_structures_labellisees_en_mars_2026.pdf | https://demarche.numerique.gouv.fr/commencer/aap-pl21-port-propre-2026 | https://www.laregion.fr/IMG/pdf/0/5/e/aap-pp-pl21-reglement.pdf | https://www.laregion.fr/IMG/pdf/8/a/a/annexe_2_-_appel_a_candidature_transmission.pdf | https://www.laregion.fr/IMG/pdf/4/f/9/65598_annexe_2_reglement_de_laap_isa_2026.pdf | https://www.laregion.fr/IMG/pdf/8/6/c/presentation_webinaire_9_et_20_avril.pdf | https://www.laregion.fr/IMG/pdf/e/1/4/synthese_laureats_2024.pdf | https://www.laregion.fr/IMG/pdf/2/f/0/liste_des_laureats_aap_isa_2025_synthese.pdf | https://www.laregion.fr/IMG/ods/c/1/a/liste_pat_07_04_26.ods | https://www.laregion.fr/IMG/pdf/6/b/9/aapfilieres_bio_2026.pdf | https://www.laregion.fr/IMG/pdf/b/8/0/aap_2026_notice.pdf | https://www.laregion.fr/IMG/docx/1/8/1/aap_service_civique_promotion_2025-2026.docx | https://www.laregion.fr/IMG/pdf/a/d/b/1-reglement_aap_infometiers2025_actualise_2027.pdf | https://www.laregion.fr/IMG/pdf/a/c/b/2-reglement_de_gestion_des_financements_regionaux.pdf | https://www.laregion.fr/IMG/pdf/f/c/1/3-annexe_reglement_de_gestion_des_financements_regionaux.pdf | https://www.laregion.fr/IMG/docx/e/1/5/page_d_info_rgpd_consentement_aap_infometiersde.docx | https://www.laregion.fr/IMG/pdf/9/4/5/reglement__aap_2026.pdf | https://www.laregion.fr/IMG/pdf/2/8/0/ele_ments_de_cadrage_2026.pdf | https://www.laregion.fr/IMG/xls/5/c/3/bilan_fin_ope_ration_aap.xls | https://www.laregion.fr/IMG/png/bandeau_pia4_aapinnovation_1_.png | https://www.laregion.fr/IMG/pdf/0/f/d/ri_aide_individuelle_auteurices_-_projet_d_ecriture.pdf | https://www.laregion.fr/IMG/pdf/9/1/5/dispositif_actions_collectives_2025.pdf | https://www.laregion.fr/IMG/pdf/0/f/a/aap_cpbr_cp_oct_24.pdf | https://www.laregion.fr/AMI-FORPRO-SUP-Identification-des-etablissements-publics-d-enseignement-superieur-d | https://www.laregion.fr/Appel-Manifestation-Interet-Territoires-viticoles-pilotes-filiere-mutation | https://www.laregion.fr/Appel-a-Manifestation-d-Interet-AMI-Reemploi-et-Economie-Circulaire-dans-le-BTP | https://www.laregion.fr/IMG/pdf/1/0/1/dispositif_geothermie_2026.pdf | https://www.laregion.fr/AMI-construire-des-strategies-territoriales-pour-reconquerir-la-biodiversite | https://www.laregion.fr/AMI-Bons-Plans-Jeunes | https://www.laregion.fr/AMI-FACE-Occitanie | https://www.laregion.fr/IMG/pdf/2/5/1/rgpd_notice_d_information-1.pdf | https://www.laregion.fr/IMG/pdf/6/e/6/reglement_du_dispositif_d_aide_aux_manifestation_ou_programmation_litteraire_residences_d_auteur_ices-1.pdf | https://www.laregion.fr/IMG/pdf/e/6/2/cc_animation_occitanie_2026-2028.pdf | https://www.laregion.fr/IMG/pdf/6/f/5/cc_documentaire_2026-2028.pdf | https://www.laregion.fr/IMG/pdf/e/0/9/cc_court-metrage_fin_2025-fin_2027.pdf | https://www.laregion.fr/IMG/pdf/2/6/c/cc_fiction_lm-av_occitanie_2026-2028.pdf | https://www.laregion.fr/IMG/pdf/0/f/1/occitanie_fonds_creation_audiovisuelle__calendrier_2026-2027_contacts.pdf | https://www.laregion.fr/IMG/pdf/3/d/9/occitanie_creation_audiovisuelle_dispositif_23-26.pdf | https://www.laregion.fr/IMG/pdf/2/3/c/reglement_aide_a_la_valorisation_du_patrimoine_et_l_archeologie.pdf | https://www.laregion.fr/IMG/pdf/f/5/f/reglement_d_aide_a_la_connaissance_et_a_l_inventaire_general_des_patrimoines.pdf | https://www.laregion.fr/IMG/pdf/b/9/f/oc_patrimoine_aide_a_la_restauration_du_patrimoine_culturel_reglement_dispositif_2024.pdf | https://www.laregion.fr/IMG/pdf/0/f/c/dispositif_solaire_thermique_2026.pdf | https://www.laregion.fr/IMG/pdf/0/3/d/animation_actions_co.pdf | https://www.laregion.fr/IMG/pdf/f/6/0/projets_locaux.pdf | https://twitter.com/intent/tweet?text=Aide+%C3%A0+la+production+de+logements+sociaux+pour+les+op%C3%A9rations+s%E2%80%99inscrivant+dans+les+conventions+NPNRU+-+La+R%C3%A9gion+Occitanie+contribue+%C3%A0+l%27augmentation+de+l%27offre+en+logements+sociaux&url=https://www.laregion.fr/Aide-a-la-production-de-logements-sociaux-pour-les-operations-s-inscrivant-dans-les&via=Occitanie | https://www.laregion.fr/IMG/pdf/3/3/f/logement_social_npnru.pdf | https://www.laregion.fr/IMG/pdf/0/7/8/radios_associatives_reglement_dispositif_d_aide_a_la_communication_sociale_de_proximite.pdf | https://twitter.com/intent/tweet?text=Aide+aux+%C3%A9quipements+culturels+et+patrimoniaux+structurants+-+Dans+le+cadre+de+sa+politique+culture+et+patrimoine%2C+la+R%C3%A9gion+soutient+les+%C3%A9quipements+structurants+participant+%C3%A0+une+dynamique+culturelle+de+territoire.&url=https://www.laregion.fr/Aide-aux-equipements-culturels-et-patrimoniaux-structurants&via=Occitanie | https://www.laregion.fr/IMG/pdf/9/b/9/reglement_dispositif_d_aide_aux_equipements_culturels_et_patrimoniaux_structurants.pdf | https://www.laregion.fr/IMG/pdf/7/8/f/rgpd_notice_d_information-7.pdf | https://www.laregion.fr/IMG/pdf/0/9/3/reglementpeuplier2025.pdf | https://www.laregion.fr/IMG/pdf/4/a/1/reglement_aap_2026.pdf | https://www.laregion.fr/IMG/pdf/c/2/8/rapport_mie-2.pdf | https://www.laregion.fr/IMG/pdf/4/d/3/oc_patrimoine_reglement_dispositif_aide_a_l_enrichissement_et_a_la_restauration_fram_frar_frrab_1.pdf | https://www.laregion.fr/IMG/pdf/b/e/d/convention_etat_region_frar_fram.pdf | https://www.laregion.fr/IMG/pdf/7/8/f/rgpd_notice_d_information-3.pdf | https://www.laregion.fr/IMG/pdf/7/d/5/reglement_arts_de_la_scene__dispositif_d_aide_a_la_diffusion_de_proximite.pdf | https://www.laregion.fr/IMG/pdf/f/b/8/informations_necessaires_dispositif_d_aide_a_la_diffusion_de_proximite.pdf | https://www.laregion.fr/IMG/pdf/2/0/6/oc_reglement_dispositif_aide_ecritureuaudiovisuelle.pdf | https://www.laregion.fr/IMG/pdf/0/f/1/occitanie_fonds_creation_audiovisuelle__calendrier_2026-2027_contacts-1.pdf | https://www.laregion.fr/IMG/pdf/e/c/2/cinema_reglement_dispositif_d_aide_aux_manifestations_audiovisuelles_fonctionnement.pdf | https://www.laregion.fr/IMG/pdf/7/8/f/rgpd_notice_d_information-8.pdf | https://www.laregion.fr/IMG/pdf/c/8/6/reglement_dispositif_d_aide_a_la_production_oeuvre_d_art_et_livres_d_artistes_2025.pdf | https://www.laregion.fr/IMG/zip/6/5/1/dmi_hyr_2026_08_31.zip | https://www.laregion.fr/IMG/pdf/0/0/7/hyr_periodes-enveloppes_2026.pdf | https://www.laregion.fr/IMG/pdf/reglement_dispositif_d_aide_a_la_mobilite_en_art_contemporain_2023_3.pdf | https://www.laregion.fr/IMG/doc/1/2/a/dds_art_contemporain_aide_a_la_mobilite_hors_region_residences_2026.doc | https://www.laregion.fr/IMG/doc/6/6/0/dds_art_contemporain_aide_a_la_mobilite_hors_region_salons_et_foires_2026.doc | https://www.laregion.fr/IMG/pdf/7/8/f/rgpd_notice_d_information-11.pdf | https://www.laregion.fr/IMG/pdf/c/6/2/fiche_ressource_art_contemporain_et_eco_responsabilite-1.pdf | https://www.laregion.fr/IMG/pdf/4/e/6/reglement_dispositif_d_aide_a_la_diffusion_et_a_la_structuration_en_art_contemporain_2025.pdf | https://www.laregion.fr/IMG/pdf/f/b/5/arts_de_la_scene_aide_a_la_mobilite_hors_region_de_collectifs_1.pdf | https://www.laregion.fr/IMG/pdf/9/5/a/260511_annexe_contrat_de_pret_2026-2027.pdf | https://twitter.com/intent/tweet?text=AMI+FORPRO+SUP+-+Identification+des+%C3%A9tablissements+publics+d%E2%80%99enseignement+sup%C3%A9rieur+d%E2%80%99Occitanie+et+des+structures+porteuses+de+la+coordination+-+La+R%C3%A9gion+Occitanie+lance+un+appel+%C3%A0+manifestation+d%E2%80%99int%C3%A9r%C3%AAt+permettant+l%E2%80%99identification+des+%C3%A9tablissements+publics+d%E2%80%99enseignement+sup%C3%A9rieur+d%E2%80%99Occitanie+et+des+structures+porteuses+de+la+coordination+des+%C3%A9tablissements.&url=https://www.laregion.fr/AMI-FORPRO-SUP-Identification-des-etablissements-publics-d-enseignement-superieur-d&via=Occitanie | http://www.facebook.com/share.php?u=https%3A%2F%2Fwww.laregion.fr%2FAMI-FORPRO-SUP-Identification-des-etablissements-publics-d-enseignement-superieur-d | https://www.laregion.fr/IMG/pdf/b/4/4/dossier_de_presentation_ami_2026.pdf | https://www.laregion.fr/IMG/docx/f/f/1/dossier_de_candidature_ami_2026_coordination.docx | https://www.laregion.fr/IMG/docx/8/0/5/dossier_de_candidature_ami_2026_etablissement.docx | https://www.laregion.fr/IMG/pdf/b/7/6/page-information-rgpd_ami-forpro-sup-2026.pdf | https://www.laregion.fr/Appel-a-Manifestation-d-Interet-AMI-MPR | https://www.laregion.fr/IMG/pdf/f/a/3/ami_mpr_cahier_des_charges_annexe3.pdf | https://www.laregion.fr/IMG/zip/9/a/6/eaa_documents_aap_2026_06_10.zip | https://www.laregion.fr/IMG/pdf/d/8/3/periodes-enveloppes_2026-2027_cp22mai26.pdf | https://www.laregion.fr/IMG/pdf/4/7/e/reglement_capitalisation-sudoe.pdf | https://www.laregion.fr/IMG/pdf/1/b/8/annexe_pass_incendie_cpfev2026.pdf | https://twitter.com/intent/tweet?text=Dispositif+d%E2%80%99aide+au+prototypage+de+jeu+vid%C3%A9o+-+La+R%C3%A9gion+souhaite+encourager+le+dynamisme+cr%C3%A9atif+et+%C3%A9conomique+de+la+fili%C3%A8re+du+Jeu+Vid%C3%A9o+en+Occitanie+par+la+mise+en+%C5%93uvre+d%E2%80%99un+dispositif+d%E2%80%99aide+au+jeu+vid%C3%A9o+afin+de+renforcer+la+diversit%C3%A9+des+cr%C3%A9ations%2C+et+de+consolider+l%E2%80%99%C3%A9cosyst%C3%A8me+et+les+emplois+r%C3%A9gionaux.&url=https://www.laregion.fr/Dispositif-d-aide-au-prototypage-de-jeu-video&via=Occitanie | https://www.laregion.fr/IMG/doc/8/1/c/dossier_demande_financement_metiersdemain_2026.doc | https://www.laregion.fr/IMG/pdf/c/a/c/reglement_du_dispositif_metiers_de_demain_2026.pdf | https://www.laregion.fr/IMG/xlsx/7/2/9/annexe_1_financiere_fct_inv.xlsx | https://www.laregion.fr/IMG/docx/8/9/f/annexe_2_descriptif_detaille_du_projet-1.docx | https://www.laregion.fr/IMG/pdf/3/2/a/fiche_thematique_eau_2026.pdf | https://www.laregion.fr/IMG/pdf/a/f/4/fiche_thematique_sante_2026.pdf | https://www.laregion.fr/IMG/pdf/b/c/d/fiche_thematique_spatial_2026.pdf | https://www.laregion.fr/IMG/pdf/7/7/5/fiche_thematique_numerique_2026.pdf | https://www.laregion.fr/IMG/pdf/b/2/4/fiche_thematique_aeronautique-2026.pdf | https://www.laregion.fr/IMG/pdf/b/6/5/fiche_thematique_energies_nouvelles_2026.pdf | https://www.laregion.fr/IMG/pdf/6/c/a/fiche_thematique_mobilites_intelligentes_et_durables__2026.pdf | https://www.laregion.fr/IMG/pdf/7/3/5/fiche_thematique_icc_2026.pdf | https://twitter.com/intent/tweet?text=Appel+%C3%A0+projets+-+Tourisme+durable%2C+responsable+et+solidaire+-+La+R%C3%A9gion+soutient+la+transformation+des+activit%C3%A9s+touristiques%2C+deuxi%C3%A8me+p%C3%B4le+%C3%A9conomique+de+la+r%C3%A9gion%2C+pour+favoriser+un+tourisme+durable%2C+responsable+et+solidaire%2C+ancr%C3%A9+dans+la+dynamique+%C3%A9conomique%2C+le+d%C3%A9veloppement+et+le+r%C3%A9%C3%A9quilibrage+des+territoires.+Le+r%C3%A8glement+de+l%E2%80%99Appel+%C3%A0+projets+tourisme+durable%2C+responsable+et+solidaire+a+%C3%A9t%C3%A9+adopt%C3%A9+le+20+f%C3%A9vrier+2026.&url=https://www.laregion.fr/Appel-a-projets-Tourisme-durable-responsable-et-solidaire&via=Occitanie | https://mesaidesenligne.laregion.fr/aides/#/croccitanie/connecte/F_DELTAA_AAPT24/depot/simple | https://www.laregion.fr/IMG/pdf/c/e/9/plaquette_tourisme_durable_2026_web_vf.pdf | https://www.laregion.fr/IMG/pdf/e/9/3/dispositif_mobilite_pro_h2_2026.pdf | https://www.laregion.fr/IMG/zip/8/0/e/dja_documents_aap_2026_01_06.zip | https://www.laregion.fr/IMG/pdf/6/8/6/dja_periodes_enveloppes_2026_cpdec25.pdf | https://www.laregion.fr/IMG/pdf/5/d/4/liste_des_pieces_a_fournir_dja__demande_d_aide.pdf | https://www.laregion.fr/IMG/pdf/4/6/5/etude_de_marche_-_dja.pdf | https://www.laregion.fr/IMG/xlsx/8/8/9/grille-selection_dja_deverrouillee.xlsx | https://www.laregion.fr/IMG/xlsx/b/c/e/grille_des_competences_croisees_diplomes_experiences_dja_dec24.xlsx | https://www.laregion.fr/IMG/xlsx/3/4/4/pre-installes_rda_-_dja_rdr4_-_2023-2027-_dec24.xlsx | https://www.laregion.fr/IMG/xlsx/0/e/d/pre-installes_rda_-_dja_rdr4_-_2023-2027.xlsx | https://www.laregion.fr/IMG/pdf/3/c/6/notice_d_information_pour_le_remplissage_du_pe_-_dja_rdr4.pdf | https://www.laregion.fr/IMG/xlsx/b/f/3/plan_entreprise_occitanie_dja_rdr4_02072025.xlsx | https://www.laregion.fr/IMG/xlsx/f/3/6/plan_entreprise_occitanie_dja_rdr4_2026_vf-1.xlsx | https://www.laregion.fr/IMG/xlsx/c/c/2/tableau_hors_cadre_familial___dja_rdr4.xlsx | https://www.laregion.fr/IMG/xlsx/7/4/c/modele_de_calcul_ebe_dja_rdr4__v2025.xlsx | https://www.laregion.fr/IMG/pdf/1/7/1/notice_dja_rdr4_18062024.pdf | https://www.laregion.fr/IMG/pdf/8/8/e/notice_d_instruction_rdr4_vf.pdf | https://www.laregion.fr/IMG/pdf/2/e/0/notice_d_instruction_rdr4_aap_2026-1.pdf | https://www.laregion.fr/IMG/pdf/e/9/5/liste_des_pieces_a_fournir_dja_acomptes_-_aap24.pdf | https://www.laregion.fr/IMG/pdf/b/1/6/liste_des_pieces_a_fournir_dja_acomptes__aap25.pdf | https://www.laregion.fr/IMG/docx/d/3/d/liste_des_pieces_a_fournir_dja_acomptes__aap26.docx | https://www.laregion.fr/IMG/pdf/2/b/3/liste_des_structures_labelisees_dans_le_cadre_de_la_dna-1.pdf | https://www.laregion.fr/IMG/xlsx/f/7/4/tableau_de_synthese_foncier_-_demande_dja_rdr4_v9.xlsx | https://www.laregion.fr/IMG/xlsx/9/e/0/tableau_de_synthese_foncier_-_1re_acompte_rdr4_v8.xlsx | https://www.laregion.fr/IMG/xlsx/e/8/1/etude_economique_-_modele_-_dja_rdr4.xlsx | https://www.laregion.fr/IMG/xlsx/4/1/2/faq_dja_13012026.xlsx | https://www.laregion.fr/IMG/pdf/c/b/6/pour_l_avenir_de_l_agriculture_en_occitanie_-_re_gion_occitanie.pdf | https://www.laregion.fr/IMG/pdf/4/b/7/ami_nouveaux_modeles_energetiques_citoyens_occitanie_2024_2025_vdef.pdf | https://www.laregion.fr/IMG/pdf/dispositif_projets_enr_citoyennes_inf_500_kwc_2022.pdf | https://www.laregion.fr/Pret-gratuit-de-velos-a-assistance-electrique-dans-8-lycees-pilotes-d-Occitanie#Foire-Aux-Questions-FAQ | https://www.laregion.fr/Pret-gratuit-de-velos-a-assistance-electrique-dans-8-lycees-pilotes-d-Occitanie#s-Foire-Aux-Questions-FAQ | https://www.laregion.fr/IMG/pdf/0/7/2/reglement_ami_projets_structurants_v2.pdf | https://www.laregion.fr/IMG/pdf/7/4/9/dispositif_chaufferie_biomasse_2026.pdf | https://www.laregion.fr/IMG/pdf/8/3/2/62900_annexe_4.pdf | https://www.laregion.fr/IMG/pdf/2/f/1/dispositif_unique_investissement.pdf | https://www.laregion.fr/IMG/pdf/0/e/4/ri_apprenants_3-10-25.pdf | https://www.laregion.fr/IMG/pdf/membres_efp.pdf | https://www.laregion.fr/IMG/zip/1/4/7/coop_documentsaap-1.zip | https://www.laregion.fr/IMG/pdf/5/6/0/coop_v2_periodes_env_2025_cp042025.pdf | https://www.laregion.fr/IMG/zip/5/d/2/pei_documentsaap_2025_1_.zip | https://www.laregion.fr/IMG/pdf/b/a/e/pei_periode_enveloppe_2025_cpmai2025.pdf | https://www.laregion.fr/IMG/pdf/e/7/e/20241004_texte_aap_afme_fr.pdf | https://www.laregion.fr/IMG/pdf/5/0/4/cahier_des_charges_appel_a_candidature_optimisation_spgd_v_06_02_2026.pdf | https://www.laregion.fr/IMG/docx/c/5/7/formulairecandidatureaac_opti2026.docx | https://www.laregion.fr/IMG/pdf/d/a/5/plaquette_appel_a_candidature_optimisation_et_progres_v_16_aout.pdf | https://www.laregion.fr/IMG/docx/c/c/4/journee_technique_dinformation_afc__jaca-1.docx | https://www.laregion.fr/IMG/pdf/7/b/f/cahierdeschargesappelacandidatureperformancespgdvf.pdf | https://www.laregion.fr/IMG/docx/e/a/e/formulairecandidatureaac_perf_2026.docx | https://twitter.com/intent/tweet?text=Appel+%C3%A0+manifestation+d%E2%80%99int%C3%A9r%C3%AAt+pour+la+mise+%C3%A0+disposition+d%E2%80%99un+local+destin%C3%A9+%C3%A0+la+vente+de+produits+de+terroir+et+%C3%A0+de+la+restauration+ou+de+la+petite+restauration+-+La+R%C3%A9gion+a+pris%2C+%C3%A0+la+suite+des+Etats+G%C3%A9n%C3%A9raux+du+Rail+et+de+l%E2%80%99Intermodalit%C3%A9+%28EGRIM%29+organis%C3%A9s+en+2016%2C+des+engagements+ambitieux+en+faveur+du+rail+et+de+la+relance+du+transport+ferroviaire.+Ainsi%2C+la+R%C3%A9gion+Occitanie+est+devenue+gestionnaire+de+la+ligne+n%C2%B0668+000+reliant+Montr%C3%A9jeau+%C3%A0+Luchon%2C+sur+laquelle+les+circulations+ferroviaires+sont+interrompues+depuis+2014+pour+des+mesures+de+s%C3%A9curit%C3%A9.+La+R%C3%A9gion+a+men%C3%A9+les+%C3%A9tudes+et+a+r%C3%A9alis%C3%A9+les+travaux+n%C3%A9cessaires+%C3%A0+la+r%C3%A9ouverture+%C3%A0+la+circulation+voyageurs+de+ces+infrastructures.&url=https://www.laregion.fr/Appel-a-manifestation-d-interet-pour-la-mise-a-disposition-d-un-local-destine-a-la&via=Occitanie | https://www.laregion.fr/IMG/pdf/8/c/4/ami_gare_de_luchon.pdf | https://twitter.com/intent/tweet?text=Appel+%C3%A0+Manifestation+d%E2%80%99Int%C3%A9r%C3%AAt+%28AMI%29+-+Territoires+viticoles+pilotes%2C+laboratoires+d%E2%80%99une+fili%C3%A8re+en+mutation+et+d%E2%80%99une+r%C3%A9gion+aux+avant-postes+du+changement+climatique+-+Par+le+lancement+de+cet+AMI%2C+la+R%C3%A9gion+souhaite+identifier+et+s%C3%A9lectionner+des+territoires+viticoles+pilotes%2C+d%C3%A9sireux+de+mettre+en+%C5%93uvre+une+strat%C3%A9gie+territorialis%C3%A9e+et+concert%C3%A9e+d%E2%80%99adaptation+et+de+r%C3%A9silience+au+changement+climatique+ainsi+qu%E2%80%99%C3%A0+son+environnement+%C3%A9conomique+%28comp%C3%A9titivit%C3%A9%2C+ad%C3%A9quation+produits%2Fmarch%C3%A9s%E2%80%A6%29.&url=https://www.laregion.fr/Appel-Manifestation-Interet-Territoires-viticoles-pilotes-filiere-mutation&via=Occitanie | https://www.laregion.fr/IMG/pdf/c/5/4/annexe_rapport_59780__ami_territoires_viticoles_pilotes_2025.pdf | https://www.laregion.fr/IMG/pdf/c/c/f/2025_reglement_aap_eau-1.pdf | https://www.laregion.fr/webinaire-AAP-cooperation-internationale-eau-agroecologie | https://www.laregion.fr/IMG/pdf/4/c/9/03-iii_aap_neree_4.pdf | https://www.laregion.fr/IMG/zip/7/c/c/n2c_documentsaap_2026_02_27_1_.zip | https://www.laregion.fr/IMG/pdf/9/d/e/periodes-enveloppes_2026_cpmai26.pdf | https://www.laregion.fr/IMG/pdf/20220425_aap-filieres_bio_2023.pdf | https://twitter.com/intent/tweet?text=Appel+%C3%A0+Manifestation+d%E2%80%99Int%C3%A9r%C3%AAt+%28AMI%29+%C2%AB+R%C3%A9emploi+et+%C3%89conomie+Circulaire+dans+le+BTP+%C2%BB+-+Le+secteur+du+BTP+constitue+une+fili%C3%A8re+strat%C3%A9gique+pour+l%E2%80%99Occitanie.+Le+BTP+est+%C3%A9galement+le+premier+producteur+de+d%C3%A9chets+du+territoire.+Dans+un+contexte+de+tension+croissante+sur+les+ressources%2C+de+volatilit%C3%A9+des+prix+des+mat%C3%A9riaux+et+de+renforcement+des+exigences+environnementales%2C+le+secteur+du+BTP+est+confront%C3%A9+%C3%A0+des+d%C3%A9fis+majeurs.&url=https://www.laregion.fr/Appel-a-Manifestation-d-Interet-AMI-Reemploi-et-Economie-Circulaire-dans-le-BTP&via=Occitanie | http://www.facebook.com/share.php?u=https%3A%2F%2Fwww.laregion.fr%2FAppel-a-Manifestation-d-Interet-AMI-Reemploi-et-Economie-Circulaire-dans-le-BTP | https://www.laregion.fr/AMI-Economie-Circulaire-et-reemploi-BTP | https://www.laregion.fr/IMG/pdf/6/b/7/cdc_ami_ec_btp_2026.pdf | https://www.laregion.fr/IMG/pdf/9/b/d/reglement_de_l_appel_a_candidature_foodtrucks_capdeville_2025-2026.pdf | https://www.laregion.fr/IMG/pdf/a/c/c/convention_d_occupation_precaire_foodtruck_capdeville_2025-2026.pdf | https://www.laregion.fr/IMG/pdf/7/7/f/fiche_de_presentation_foodtruck_2025-2026.pdf | https://mesaidesenligne.laregion.fr/aides/#/croccitanie/connecte/F_DEEP_AAP_ENTR/depot/simple | https://www.laregion.fr/IMG/pdf/a/1/d/2025_2027_sieg_entrepreneuriat_2-1.pdf | https://www.laregion.fr/IMG/pdf/3/3/4/aap_1_accompagnement_des_projets_de_creation_reprise_transmission_d_entreprises_-_vf_2-1.pdf | https://www.laregion.fr/IMG/pdf/8/2/0/aap_2_accompagnement_des_projets_innovants_-_vf_2-1.pdf | https://www.laregion.fr/IMG/pdf/d/1/c/aap_3_accompagnement_de_projets_par_le_test_d_activite_-_vf_2-1.pdf | https://www.laregion.fr/IMG/pdf/9/6/a/aap_4_appui_a_la_structuration_financiere_et_octroi_de_financements_-_vf_2-1.pdf | https://www.laregion.fr/IMG/pdf/d/9/1/tutorieldepotaapv2.pdf | https://www.laregion.fr/IMG/pdf/3/e/2/fiche_mesure_m8_feampa_-_installation_aquaculture.pdf | https://www.laregion.fr/IMG/zip/f/5/4/dna.zip | https://www.laregion.fr/IMG/zip/c/7/8/dna_documentsaap_2026_01_06.zip | https://www.laregion.fr/IMG/pdf/0/e/9/periodes_de_depot_et_enveloppe_dotation_nouvel_agriculteur.pdf | https://www.laregion.fr/IMG/pdf/b/4/3/dna_periodes_enveloppes_2026_cpdec25.pdf | https://www.laregion.fr/IMG/pdf/7/2/5/11_annexe_dja_modif_psn_cp24_dec_v241107.pdf | https://www.laregion.fr/IMG/xlsx/a/9/0/faq_dna_071223.xlsx | https://www.laregion.fr/IMG/pdf/6/0/d/fiche_mesure_m12_feampa_dlal_fonctionnement_animation.pdf | https://www.laregion.fr/IMG/zip/2/9/7/ds_m12_animation_galpa.zip | https://www.laregion.fr/IMG/pdf/b/0/8/fiche_mesure_m11_feampa_-_actions_collectives_innovation.pdf | https://www.laregion.fr/IMG/zip/4/b/6/ds_m11_actions_co_innov.zip | https://www.laregion.fr/IMG/pdf/4/4/b/fiche_mesure_m10_feampa_m10_-_commercialisation_et_transformation.pdf | https://www.laregion.fr/IMG/zip/2/c/7/ds_m10_commerc_transfo.zip | https://www.laregion.fr/IMG/pdf/d/6/3/fiche_mesure_m9_feampa_-_investissements_productifs_aquacoles.pdf | https://www.laregion.fr/IMG/zip/f/5/3/ds_m9_invest_prod_aqua.zip | https://www.laregion.fr/IMG/pdf/f/0/f/fiche_mesure_m7_feampa_-protection_et_restauration_biodiversite.pdf | https://www.laregion.fr/IMG/zip/e/7/8/ds_m7_biodiv-se_lectivite_.zip | https://www.laregion.fr/IMG/pdf/1/b/6/1_fiche_mesure_feampa_m5.pdf | https://www.laregion.fr/IMG/zip/6/3/2/ds_m5_modernis_ports_pe_che.zip | https://twitter.com/intent/tweet?text=AMI+-+construire+des+strat%C3%A9gies+territoriales+pour+reconqu%C3%A9rir+la+biodiversit%C3%A9+-+Pour+parvenir+%C3%A0+de+meilleurs+r%C3%A9sultats+en+mati%C3%A8re+de+protection+du+vivant+dans+le+cadre+de+la+mise+en+oeuvre+des+Strat%C3%A9gies+nationale+et+r%C3%A9gionale+en+faveur+de+la+biodiversit%C3%A9%2C+ainsi+qu%E2%80%99en+d%C3%A9clinaison+des+travaux+de+la+COP+Occitanie+men%C3%A9s+en+2024%2C+la+R%C3%A9gion+et+ses+partenaires+%28Etat%2C+OFB%2C+ARB%29+proposent+de+lancer+un+AMI+%28Appel+%C3%A0+manifestation+d%E2%80%99int%C3%A9r%C3%AAt%29+aupr%C3%A8s+des+%C3%89tablissements+publics+de+coop%C3%A9ration+intercommunale+%28EPCI%29%2C+visant+%C3%A0+d%C3%A9velopper+des+aires+prot%C3%A9g%C3%A9es%2C+restaurer+les+milieux+naturels+et+les+continuit%C3%A9s+%C3%A9cologiques%2C+diminuer+les+pressions+sur+la+biodiversit%C3%A9.&url=https://www.laregion.fr/AMI-construire-des-strategies-territoriales-pour-reconquerir-la-biodiversite&via=Occitanie | http://www.facebook.com/share.php?u=https%3A%2F%2Fwww.laregion.fr%2FAMI-construire-des-strategies-territoriales-pour-reconquerir-la-biodiversite | mailto:ami.cop.biodiversite@arb-occitanie.fr | https://www.arb-occitanie.fr/actualite/ami-strategies-territoriales-biodiversite/ | https://www.laregion.fr/IMG/pdf/6/a/4/fiche_mesure_m4_feampa_-_augmentation_de_la_jauge.pdf | https://www.laregion.fr/IMG/zip/e/c/3/ds_m4_augmentation_jauge.zip | https://www.laregion.fr/IMG/pdf/3/1/0/fiche_mesure_m2_feampa_-_remotorisation.pdf | https://www.laregion.fr/IMG/zip/6/8/0/ds_m2_remotorisation.zip | https://www.laregion.fr/IMG/zip/2/f/c/ds_m1_installation_peche.zip | https://twitter.com/intent/tweet?text=Appel+%C3%A0+Manifestation+d%E2%80%99Int%C3%A9r%C3%AAt+-+Offres+de+Bons+Plans+jeunesse+%22Carte+Jeune+R%C3%A9gion%22+-+Cet+appel+%C3%A0+manifestation+d%27int%C3%A9r%C3%AAt+est+ouvert+%C3%A0+tous+les+acteurs+du+territoire+pour+valoriser+des+offres+attractives+aupr%C3%A8s+de+notre+jeunesse+et+relayer+vos+%C3%A9v%C3%A8nements.&url=https://www.laregion.fr/AMI-Bons-Plans-Jeunes&via=Occitanie | http://www.facebook.com/share.php?u=https%3A%2F%2Fwww.laregion.fr%2FAMI-Bons-Plans-Jeunes | https://www.laregion.fr/IMG/pdf/3/b/7/43-_obligations_du_partenaire_bons_plans_cp_juin_23_002_.pdf | https://www.laregion.fr/IMG/pdf/e/c/8/occ_-_carte_jeune_1920x1080_v3_bon_plan.pdf | https://twitter.com/intent/tweet?text=Appel+%C3%A0+Manifestation+d%27Int%C3%A9r%C3%AAt+%22Transformer+son+entreprise+-+Vers+un+engagement+plus+vert%22+-+La+R%C3%A9gion+soutient+l%E2%80%99engagement+et+accompagne+la+transformation+des+entreprises.+Contexte+et+objectifs+Comment+d%C3%A9velopper+un+nouveau+mod%C3%A8le+%28%E2%80%A6%29+&url=https://www.laregion.fr/AMI-FACE-Occitanie&via=Occitanie | http://www.facebook.com/share.php?u=https%3A%2F%2Fwww.laregion.fr%2FAMI-FACE-Occitanie | https://ctp.org/fr/appel-a-micro-projets-de-cooperation-transfrontaliere-dans-les-pyrenees/ | https://ctp.org/wp-content/uploads/2021/12/Guide-pour-preparer-des-candidatures-21-12-2021.pdf | https://www.laregion.fr/IMG/pdf/1/d/7/foster_re_gion_occitanie_flyer_v_internet.pdf | https://www.laregion.fr/IMG/pdf/6/e/4/foster_re_gion_occitanie_guide_com_be_ne_ficaires.pdf | https://www.laregion.fr/IMG/pdf/3/2/4/foster_re_gion_occitanie_guide_d_expression_obligations_com.pdf | https://www.laregion.fr/IMG/pdf/a/0/8/oc-fondseuropeens-affiche-a3-foster-2025-01-bd.pdf | https://www.laregion.fr/IMG/pdf/3/c/a/coordonne_es_garantie_foster_maj062026.pdf | https://www.laregion.fr/IMG/pdf/e/1/2/coordonne_es_pre_t_foster_re_gion_occitanie.pdf | https://www.laregion.fr/IMG/xlsx/7/9/2/250417_faq.xlsx | https://www.laregion.fr/IMG/docx/1/6/e/00_aac_lr_m23.docx | https://www.laregion.fr/IMG/doc/6/2/1/m23_notice_formulaire_lr.doc | https://www.laregion.fr/IMG/doc/f/b/a/02_321_formulaire_m23_pdr_lr.doc | https://www.laregion.fr/IMG/pdf/5/4/4/02_321_formulaire_m23_pdr_lr.pdf | https://www.laregion.fr/IMG/xlsx/6/0/d/01_annexe_1_liste_communes_eligibles_m23_pdr_lr.xlsx | https://www.laregion.fr/IMG/docx/2/1/3/annexe_2_pv_calcul_perte_production_pdrlr_vf.docx | https://www.laregion.fr/IMG/docx/e/8/1/annexe_3_foyer_concerne_affection_sanitaire_pdr_lr_-_copie.docx | https://www.laregion.fr/IMG/docx/c/4/c/annexe_culture_concernee_alea_pdr_lr_dep11.docx | https://www.laregion.fr/IMG/docx/7/5/8/annexe_culture_concernee_alea_pdr_lr_dep30.docx | https://www.laregion.fr/IMG/docx/1/a/7/annexe_culture_concernee_alea_pdr_lr_dep48.docx | https://www.laregion.fr/IMG/docx/8/a/d/annexe_culture_concernee_alea_pdr_lr_dep66.docx | https://www.laregion.fr/IMG/xlsx/4/6/e/06_instruction_outil_calcul_taille_entreprise.xlsx | https://www.laregion.fr/IMG/docx/6/b/8/00_aac_mp_m23.docx | https://www.laregion.fr/IMG/doc/d/f/c/m23_notice_formulaire_mp.doc | https://www.laregion.fr/IMG/doc/6/4/0/02_321_formulaire_m23_pdr_mp.doc | https://www.laregion.fr/IMG/pdf/e/0/c/02_321_formulaire_m23_pdr_mp.pdf | https://www.laregion.fr/IMG/xlsx/6/2/d/01_annexe_liste_communes_eligibles_m23_pdr_mp.xlsx | https://www.laregion.fr/IMG/docx/3/5/1/annexe_02_pv_calcul_perte_production_pdrmp.docx | https://www.laregion.fr/IMG/docx/e/9/4/annexe_03_foyer_concerne_affection_sanitaire_pdr_mp.docx | https://www.laregion.fr/IMG/docx/9/a/5/annexe_culture_concernee_alea_pdr_mp_dep12.docx | https://www.laregion.fr/IMG/docx/f/2/e/annexe_culture_concernee_alea_pdr_mp_dep31.docx | https://www.laregion.fr/IMG/docx/2/2/1/annexe_culture_concernee_alea_pdr_mp_dep32.docx | https://www.laregion.fr/IMG/docx/e/6/4/annexe_culture_concernee_alea_pdr_mp_dep46.docx | https://www.laregion.fr/IMG/docx/2/7/9/annexe_culture_concernee_alea_pdr_mp_dep81.docx | https://www.laregion.fr/IMG/docx/b/f/6/annexe_culture_concernee_alea_pdr_mp_dep82.docx | https://www.laregion.fr/IMG/xlsx/4/6/e/06_instruction_outil_calcul_taille_entreprise-1.xlsx | https://www.laregion.fr/spip.php?page=formulaire&id_formulaire=2718 | https://www.laregion.fr/IMG/pdf/a/4/c/20250117-texte-2aap.pdf | https://www.laregion.fr/IMG/pdf/5/6/5/fiche_mesure_m13_feampa_dlal_mise_en_oeuvre_strategies_et_cooperation_1_.pdf | https://www.europe-en-occitanie.eu/IMG/pdf/3/7/7/fa_os_1.1.1-2_infrastructures_de_recherche_et_d_innovation_prio_equipements_v1-1.pdf | https://www.europe-en-occitanie.eu/Aides-Mouv-Occitanie#documents | https://www.europe-en-occitanie.eu/IMG/pdf/a/1/c/reglement_d_intervention_mouv_occitanie.pdf | https://www.europe-en-occitanie.eu/IMG/pdf/1/9/7/modalite_s_de_paiement.pdf | https://www.europe-en-occitanie.eu/IMG/pdf/6/d/7/modele-certificat-de-presence-a-l-etranger-1.pdf | https://www.europe-en-occitanie.eu/IMG/pdf/9/0/0/depot-demande_de_paiement_du_solde.pdf | https://www.europe-en-occitanie.eu/IMG/pdf/2/e/4/flyer_mouv_occitanie_-_a5_-_ro_vo_print.pdf | https://www.europe-en-occitanie.eu/IMG/pdf/4/c/2/flyer_mouv_occitanie_-_a5_-_ro_vo_web.pdf | https://www.europe-en-occitanie.eu/IMG/pdf/a/f/9/affiche_mouv_occitanie_-_print_a3.pdf | https://www.europe-en-occitanie.eu/IMG/pdf/f/d/d/affiche_mouv_occitanie_-_web_a3.pdf | https://www.europe-en-occitanie.eu/IMG/pdf/f/8/e/charte_graphique_print.pdf | https://www.europe-en-occitanie.eu/IMG/pdf/f/3/6/charte_graphique_web.pdf | https://www.europe-en-occitanie.eu/IMG/pdf/c/a/d/reglement_dispositif_d_aide_aux_investissements_des_librairies_independantes.pdf | https://www.europe-en-occitanie.eu/IMG/pdf/5/6/0/reglement_aap_total_festum.pdf | https://www.europe-en-occitanie.eu/IMG/pdf/9/c/d/reglement_dispostif_d_aide_aux_investissements_des_editeurs_independants.pdf | https://www.europe-en-occitanie.eu/IMG/pdf/tutoriel_-_plateforme_des_aides_en_ligne.pdf | https://www.europe-en-occitanie.eu/IMG/pdf/d/1/6/rgpd_notice_d_information_1_-1.pdf | https://www.europe-en-occitanie.eu/IMG/pdf/f/7/b/reglement_dispositif_d_aide_aux_equipes_artistiques.pdf | https://www.europe-en-occitanie.eu/IMG/pdf/f/f/d/reglement_dispositif_d_aide_aux_relais_de_proximite_dans_les_territoires.pdf | https://www.europe-en-occitanie.eu/IMG/pdf/d/4/0/reglement_dispositif_d_aide_aux_operateurs_structurants_pour_les_langues_et_cultures_occitane_et_catalane-1.pdf | https://www.europe-en-occitanie.eu/IMG/zip/b/3/5/hyi_documentsaap_2026.zip | https://www.europe-en-occitanie.eu/IMG/pdf/a/8/9/hyi_periodes-enveloppes_cp030726.pdf | https://www.europe-en-occitanie.eu/IMG/pdf/9/9/3/notice_information_porteur.pdf | https://www.europe-en-occitanie.eu/IMG/pdf/6/2/a/reglement_lordi_cp_mai_2026__modifie.pdf | https://www.europe-en-occitanie.eu/IMG/pdf/c/6/9/cg_de_cession_fracture_2026-2027_vf.pdf | https://www.europe-en-occitanie.eu/IMG/pdf/d/3/4/liste_logiciels_dys_disponibles_dans_le_lordi_-_2026.pdf | https://www.europe-en-occitanie.eu/IMG/pdf/9/d/3/aap_mecf_cp030726.pdf | https://www.europe-en-occitanie.eu/IMG/pdf/6/8/7/mecf_periodes-enveloppes_cp_030726.pdf | https://www.europe-en-occitanie.eu/IMG/pdf/1/d/4/liste_des_structures_labellisees_en_mars_2026-1.pdf | https://www.europe-en-occitanie.eu/Dispositif-Convention-Filieres-Territorialisees | https://www.europe-en-occitanie.eu/IMG/pdf/tutoriel_-_plateforme_des_aides_en_ligne-2.pdf | https://www.europe-en-occitanie.eu/Arts-de-la-scene-Aide-aux-festivals#Foire-aux-questions-FAQ | https://www.europe-en-occitanie.eu/IMG/pdf/f/2/0/2026_fiche_ressource_eco_resp-1.pdf | https://www.europe-en-occitanie.eu/IMG/pdf/4/8/d/2026_fiche_ressource_egalite-1.pdf | https://www.europe-en-occitanie.eu/IMG/pdf/1/7/0/2026_fiche_ressource_accessibilite_psh-1.pdf | https://www.europe-en-occitanie.eu/IMG/pdf/d/6/9/reglement_dispositif_d_aide_aux_festivals.pdf | https://www.europe-en-occitanie.eu/IMG/pdf/2/9/5/guide_usager_mes_aides_en_ligne-1.pdf | https://www.europe-en-occitanie.eu/AMI-Ecole-Regionale-du-Numerique | https://www.europe-en-occitanie.eu/Appel-a-Manifestation-d-Interet-AMI-Defense-Innovation-Souverainete-et-47225 | https://www.europe-en-occitanie.eu/formulaire-inscription-GIP-Ma-sante-Ma-Region | https://www.europe-en-occitanie.eu/IMG/zip/2/c/6/n2a_documentsaap_2026.zip | https://www.europe-en-occitanie.eu/IMG/pdf/0/2/f/n2a_periodes-enveloppes_2026.pdf | https://www.europe-en-occitanie.eu/IMG/zip/d/3/1/dmi_iea26_documentsaap.zip | https://www.europe-en-occitanie.eu/IMG/pdf/e/a/e/du_periodes-enveloppes_cp_030726.pdf | https://www.europe-en-occitanie.eu/IMG/pdf/e/b/9/occ_2026_livret-8p-a5-dispositif_unique_investissementavril2026.pdf | https://www.europe-en-occitanie.eu/IMG/pdf/f/0/6/rappel_delais_de_realisation_du.pdf | https://www.europe-en-occitanie.eu/IMG/pdf/0/a/b/for_2026_cp1225.pdf | https://www.europe-en-occitanie.eu/IMG/pdf/9/5/5/for_periodes-enveloppes_2026_cp1225.pdf | https://www.europe-en-occitanie.eu/IMG/zip/a/2/0/difc_documents_aap_2025_12_17.zip | https://www.europe-en-occitanie.eu/IMG/pdf/4/e/f/difc_periodes-enveloppes_2026_cpdec25_v2.pdf | https://www.europe-en-occitanie.eu/IMG/zip/2/5/c/caba_documents_aap_2026_02_03.zip | https://www.europe-en-occitanie.eu/IMG/pdf/1/0/c/caba_periodes_enveloppes_2026.pdf | https://www.europe-en-occitanie.eu/IMG/pdf/1/6/c/reglement_regional_des_bourses_d_etudes_paramedicales_de_sages-femmes_et_en_travail_social_2026-2027.pdf | https://www.europe-en-occitanie.eu/IMG/zip/9/1/0/tpast_documents_aap_2026_02_05.zip | https://www.europe-en-occitanie.eu/IMG/pdf/0/b/3/tpast_periode_enveloppe_2026.pdf | https://www.europe-en-occitanie.eu/IMG/zip/d/a/b/cabf_documentsaap_2026_02_17.zip | https://www.europe-en-occitanie.eu/IMG/pdf/5/9/6/cabf_periode_enveloppe_2026.pdf | https://www.europe-en-occitanie.eu/IMG/zip/9/2/c/pasd_documents_aap_2025_12_23_1__2_.zip | https://www.europe-en-occitanie.eu/IMG/pdf/6/f/f/periodes-enveloppes_cp22mai26.pdf | https://www.europe-en-occitanie.eu/IMG/zip/5/4/2/hyc_documents_aap_2026_01_16.zip | https://www.europe-en-occitanie.eu/IMG/pdf/f/3/7/hyc_periode_enveloppe_2026.pdf | https://www.europe-en-occitanie.eu/IMG/zip/e/c/8/dfci_documents_aap_2026_02_17_2_.zip | https://www.europe-en-occitanie.eu/IMG/pdf/c/3/7/dfci_periodes_enveloppe_2026.pdf | https://www.europe-en-occitanie.eu/IMG/zip/6/7/0/gard_documents_aap_2025_12_23_3_.zip | https://www.europe-en-occitanie.eu/IMG/pdf/e/c/f/v3.1_periodes-enveloppes_cp22mai26.pdf | https://www.europe-en-occitanie.eu/IMG/zip/6/5/6/siqo_aap_documents_2026_03_03.zip | https://www.europe-en-occitanie.eu/IMG/pdf/7/6/8/siqo_periodes-enveloppes_2026-1.pdf | https://www.europe-en-occitanie.eu/IMG/zip/b/b/f/sldf_documents_app_2026_1_.zip | https://www.europe-en-occitanie.eu/IMG/pdf/e/b/c/sldf_periodes_enveloppes_2026.pdf | https://www.europe-en-occitanie.eu/IMG/zip/2/e/9/maec_api_documents_aap_20260401.zip | https://www.europe-en-occitanie.eu/IMG/pdf/a/6/1/maec_api_periode_enveloppe_2026.pdf | https://www.europe-en-occitanie.eu/IMG/zip/2/4/b/desf_documents_app_2026.zip | https://www.europe-en-occitanie.eu/IMG/pdf/f/0/f/desf_periode_enveloppe_2026.pdf | https://www.europe-en-occitanie.eu/IMG/zip/6/6/1/maect_documents_aap_2025_dec.zip | https://www.europe-en-occitanie.eu/IMG/pdf/3/8/4/periodes_enveloppes_maect_cp22mai26.pdf | https://www.europe-en-occitanie.eu/IMG/xlsx/8/a/0/faq_maec_transition_site_internet.xlsx | https://www.europe-en-occitanie.eu/IMG/zip/1/1/9/ieac_documentsaap_2026_03_04.zip | https://www.europe-en-occitanie.eu/IMG/pdf/0/6/a/ieac_periode_enveloppe_2026.pdf | https://www.europe-en-occitanie.eu/IMG/zip/c/6/5/pnvi_documents_aap_26_04_01_1_.zip | https://www.europe-en-occitanie.eu/IMG/pdf/b/6/e/pnvi_periodes-enveloppes_2026.pdf | https://www.europe-en-occitanie.eu/IMG/pdf/d/d/c/webinaire_dispositif_pvn_15_03_24.pdf | https://www.europe-en-occitanie.eu/IMG/zip/b/0/0/maec_prm_documents_aap_20260401.zip | https://www.europe-en-occitanie.eu/IMG/pdf/1/0/f/maec_prm_periode_enveloppe_2026.pdf | https://www.europe-en-occitanie.eu/IMG/pdf/0/c/0/ri_aap_vdef_cp_juillet_2026.pdf | https://www.europe-en-occitanie.eu/IMG/pdf/9/b/b/faq_3-7-26.pdf | https://www.europe-en-occitanie.eu/budget2026 | https://www.europe-en-occitanie.eu/IMG/pdf/b/e/c/fa_os_1.2_2_services_et_contenus_innovants_v1-1.pdf | https://www.europe-en-occitanie.eu/IMG/pdf/d/0/1/fa_os_1.2_1_donnees_v1-1.pdf | https://www.europe-en-occitanie.eu/IMG/pdf/5/d/9/31-reglement_carte_jeune_cp_mai_2026.pdf | https://www.europe-en-occitanie.eu/IMG/pdf/9/5/e/aap_emergence_2027-cahier_des_charges_notice.pdf | https://www.europe-en-occitanie.eu/IMG/pdf/3/7/6/fa_os_1.2_3_territoires_intelligents_v1-1.pdf | https://www.europe-en-occitanie.eu/IMG/pdf/3/6/2/fa_os_1.3_1_entreprises_du_tourisme_v1-1.pdf | https://www.europe-en-occitanie.eu/IMG/pdf/9/c/e/fa_os_4.5.1-1_innov_emploi_experimentation_v1-1.pdf | https://www.europe-en-occitanie.eu/IMG/pdf/c/1/5/fa_os_4.5.1-2_innov_emploi_modernisation_v1-1.pdf | https://www.europe-en-occitanie.eu/IMG/pdf/a/0/6/fa_os_4.5.2-1_outil_de_diagnostic_v1-1.pdf | https://www.europe-en-occitanie.eu/IMG/pdf/1/0/c/fa_os_1.3_3_investissement_entreprises_v1-1.pdf | https://www.europe-en-occitanie.eu/IMG/pdf/a/b/9/fa_os_4.6_1_nouvelles_chances_v1-1.pdf | https://www.europe-en-occitanie.eu/IMG/pdf/7/6/4/fa_os_4.5.2-2_service_public_regional_orientation_v1-1.pdf | https://www.europe-en-occitanie.eu/IMG/pdf/d/8/4/fa_os_4.6_3_diplome_acces_etudes_universitaires_daeu_v1-1.pdf | https://www.europe-en-occitanie.eu/IMG/pdf/6/f/4/fa_os1.3_4_immobilier_collectif.pdf | https://www.europe-en-occitanie.eu/IMG/pdf/d/d/6/fa_os_1.1.4-2_potentiel_humain_par_et_pour_la_recherche-csti_v1-1.pdf | https://www.europe-en-occitanie.eu/IMG/pdf/8/5/b/fa_os1.1_1_immobilier_infrastructures_de_recherche.pdf | https://www.europe-en-occitanie.eu/IMG/pdf/b/9/4/reglement_aap_diffusion_csti_2027_5_.pdf | https://www.europe-en-occitanie.eu/IMG/pdf/7/4/e/fa_os_4_1_creation_entreprises_v1-1.pdf | https://www.europe-en-occitanie.eu/IMG/pdf/2/e/7/fa_os_2.7_5_preserver_et_restaurer_poissons_grands_migrateurs_garonne_v1.pdf | https://www.europe-en-occitanie.eu/IMG/pdf/d/0/f/fa_os_2.7_4_accompagnement_technique_gestion_milieux_naturels_v1.pdf | https://www.europe-en-occitanie.eu/IMG/pdf/9/3/9/fa_os_1.3_2_destination_occitanie_v1-1.pdf | https://www.europe-en-occitanie.eu/IMG/pdf/2/3/1/fa_os_2.7_2_restaurer_etat_milieux_aquatiques_v1.pdf | https://www.europe-en-occitanie.eu/IMG/pdf/b/3/4/fa_os_2.7_1_infrastructures_vertes_et_bleues_v1.pdf | https://www.europe-en-occitanie.eu/IMG/pdf/d/6/e/fa_os_2.2_1_invt_enr_v1-1.pdf | https://www.europe-en-occitanie.eu/IMG/pdf/3/9/a/fa_os_2.7_3_ameliorer_la_connaissance_sur_les_milieux_v1-1.pdf | https://www.europe-en-occitanie.eu/IMG/pdf/4/e/0/fa_os_2.2_2_animation_enr_v1.pdf | https://www.europe-en-occitanie.eu/IMG/pdf/6/b/b/fa_os_2.8_1_mobilites_douces_urbaines_v1-1.pdf | https://www.europe-en-occitanie.eu/IMG/pdf/b/c/e/os_5.2_4_equipements_culturels_touristique_loisirs_rural_v1.pdf | https://www.europe-en-occitanie.eu/IMG/pdf/0/d/0/fa_os_2.1.1-2_massification_v1.pdf | https://www.europe-en-occitanie.eu/IMG/pdf/5/b/4/fa_os_2.2_3_hydrogene_v1.pdf | https://www.europe-en-occitanie.eu/IMG/pdf/3/8/1/fa_os_2.1.1-1_logements_sociaux_v1.pdf | https://www.europe-en-occitanie.eu/IMG/pdf/4/1/9/fa_os_2.1_2_construction_renovation_batiments_v1.pdf | https://www.europe-en-occitanie.eu/IMG/pdf/f/a/2/os_5.1_2_sante_desertification_medicale_urbain_v1.pdf | https://www.europe-en-occitanie.eu/IMG/pdf/3/1/b/fa_os_2.2_1_invt_enr_v1.pdf | https://www.europe-en-occitanie.eu/IMG/pdf/0/c/4/fa_os_1.1.4-1_potentiel_humain_par_et_pour_la_recherche-allocations_v1-1.pdf | https://www.europe-en-occitanie.eu/IMG/pdf/a/6/4/fa_os_1.1.3-2_collaborations_labos_entreprises_v1-1.pdf | https://www.europe-en-occitanie.eu/IMG/pdf/4/8/d/fa_os_2.4.2_risque_innondation_-_risques__v1.pdf | https://www.europe-en-occitanie.eu/IMG/pdf/8/e/1/fa_os_1.1.3-1_demarches_collectives_poles_cluster_v1-1.pdf | https://www.europe-en-occitanie.eu/IMG/pdf/5/9/9/fa_os_1.3.4-2_tiers-lieux_v1-1.pdf | https://www.europe-en-occitanie.eu/IMG/pdf/b/1/a/fa_os_1.1_2_innovation_entreprise_v1-1.pdf | https://www.europe-en-occitanie.eu/IMG/pdf/0/e/f/fa_os_2.6_1_prevention_economie_circulaire_dechets_v1.pdf | https://www.europe-en-occitanie.eu/IMG/pdf/8/6/6/fa_os_2.6_2_tri_economie_circulaire_dechets_v1-2.pdf | https://www.europe-en-occitanie.eu/IMG/pdf/7/5/6/os_5.2_6_volet_pyrenees_rural_v1.pdf | https://www.europe-en-occitanie.eu/IMG/pdf/6/b/b/fa_os_2.8_1_mobilites_douces_urbaines_v1.pdf | https://www.europe-en-occitanie.eu/IMG/pdf/b/e/1/fa_os_2.4.4_littoral_-_travaux_attenuation_v1.pdf | https://www.europe-en-occitanie.eu/IMG/pdf/7/e/2/os_5.1_1__amelioration_cadre_de_vie_qpv_v1.pdf | https://www.europe-en-occitanie.eu/IMG/pdf/f/4/b/os_5.1_3_logement_populations_marginalisees_urbain_v1.pdf | https://www.europe-en-occitanie.eu/IMG/pdf/a/b/b/fa_os_2.4.3_littoral_-_recomposition_spatiale_v1-1.pdf | https://www.europe-en-occitanie.eu/IMG/pdf/d/3/0/fa_os_2.4.1_risque_innondation_-_travaux_v1.pdf | https://www.europe-en-occitanie.eu/IMG/pdf/f/4/b/os_5.2_5_centres_formation_rural_v1.pdf | https://www.europe-en-occitanie.eu/IMG/pdf/b/4/c/os_5.1_5_centres_formation_urbain_v1.pdf | https://www.europe-en-occitanie.eu/IMG/pdf/4/8/d/fa_os_2.4.2_risque_innondation_-_risques__v1-1.pdf | https://www.europe-en-occitanie.eu/IMG/pdf/e/c/5/os_5.1_4_equipements_culturels_touristique_loisirs_urbain_v1-2.pdf | https://www.europe-en-occitanie.eu/IMG/pdf/f/0/d/os_5.1_6_volet_pyrenees_urbain_v1.pdf | https://www.europe-en-occitanie.eu/IMG/pdf/b/a/4/os_5_2_3_logement_populations_marginalisees_rural_v1.pdf | https://www.europe-en-occitanie.eu/IMG/pdf/1/4/7/os_5_2_2_sante_desertification_medicale_rural_v1.pdf | https://www.europe-en-occitanie.eu/IMG/pdf/c/3/5/os_5_2_1_amelioration_cadre_de_vie_rural_v1-1.pdf | https://www.europe-en-occitanie.eu/IMG/pdf/2/9/c/reglemement_4_aap_sudoe.pdf | https://www.europe-en-occitanie.eu/IMG/pdf/d/8/f/reglement_dispositif_d_aide_a_la_mobilite_et_l_export_des_maisons_d_edition.pdf | https://www.europe-en-occitanie.eu/Appel-a-manifestation-d-interet-pour-la-mise-a-disposition-d-un-local-destine-a-la | https://www.europe-en-occitanie.eu/IMG/docx/9/1/d/fiche_projet_croissance.docx | https://www.europe-en-occitanie.eu/IMG/docx/b/d/b/fiche_projet_innovation_mode_collaboratif.docx | https://www.europe-en-occitanie.eu/IMG/docx/4/d/0/fiche_projet_innovation_individuel.docx | https://www.europe-en-occitanie.eu/IMG/pdf/e/0/9/cahier_des_charges_innovation.pdf | https://www.europe-en-occitanie.eu/IMG/pdf/8/0/3/cdc_croissance_-_juillet_2025.pdf | https://www.europe-en-occitanie.eu/IMG/pdf/c/1/d/cdc_innovation_v1_juillet_2026_1.pdf | https://www.europe-en-occitanie.eu/IMG/pdf/a/2/5/reglement_d_intervention_aide_garde_d_enfants.pdf | https://www.europe-en-occitanie.eu/IMG/pdf/a/8/8/informations_relatives_au_traitement_des_donnees_personnelles.pdf | https://www.europe-en-occitanie.eu/IMG/pdf/guide_usager_mes_aides_en_ligne.pdf | https://www.europe-en-occitanie.eu/IMG/pdf/d/f/e/reglement_du_dispositif_d_aide_a_la_saison.pdf | https://www.europe-en-occitanie.eu/IMG/pdf/1/3/9/reglement_dispositif_d_aide_aux_operateurs_structurants.pdf | https://www.europe-en-occitanie.eu/Aide-a-la-production-de-logements-sociaux-pour-les-operations-s-inscrivant-dans-les | https://www.europe-en-occitanie.eu/IMG/pdf/d/b/d/reglement_ami_ern.pdf | https://www.europe-en-occitanie.eu/IMG/docx/0/0/9/dossier_de_reponse.docx | https://www.europe-en-occitanie.eu/IMG/pdf/5/1/6/page-information-rgpd_ami_ern-2026.pdf | https://www.europe-en-occitanie.eu/IMG/pdf/8/a/3/cot_foodtruck_2026-2027.pdf | https://www.europe-en-occitanie.eu/IMG/pdf/1/7/f/fiche_de_presentation_foodtruck_2026-2027.pdf | https://www.europe-en-occitanie.eu/IMG/pdf/f/8/2/reglement_de_l_appel_a_candidature_foodtrucks_capdeville_2026-2027.pdf | https://www.europe-en-occitanie.eu/IMG/pdf/0/5/e/aap-pp-pl21-reglement.pdf | https://www.europe-en-occitanie.eu/IMG/pdf/1/d/4/liste_des_structures_labellisees_en_mars_2026.pdf | https://www.europe-en-occitanie.eu/IMG/pdf/4/f/9/65598_annexe_2_reglement_de_laap_isa_2026.pdf | https://www.europe-en-occitanie.eu/IMG/pdf/8/6/c/presentation_webinaire_9_et_20_avril.pdf | https://www.europe-en-occitanie.eu/IMG/pdf/e/1/4/synthese_laureats_2024.pdf | https://www.europe-en-occitanie.eu/IMG/pdf/2/f/0/liste_des_laureats_aap_isa_2025_synthese.pdf | https://www.europe-en-occitanie.eu/IMG/ods/c/1/a/liste_pat_07_04_26.ods | https://www.europe-en-occitanie.eu/IMG/pdf/8/a/a/annexe_2_-_appel_a_candidature_transmission.pdf | https://www.europe-en-occitanie.eu/IMG/pdf/b/8/0/aap_2026_notice.pdf | https://www.europe-en-occitanie.eu/IMG/pdf/6/b/9/aapfilieres_bio_2026.pdf | https://www.europe-en-occitanie.eu/IMG/docx/1/8/1/aap_service_civique_promotion_2025-2026.docx | https://www.europe-en-occitanie.eu/IMG/pdf/a/d/b/1-reglement_aap_infometiers2025_actualise_2027.pdf | https://www.europe-en-occitanie.eu/IMG/pdf/a/c/b/2-reglement_de_gestion_des_financements_regionaux.pdf | https://www.europe-en-occitanie.eu/IMG/pdf/f/c/1/3-annexe_reglement_de_gestion_des_financements_regionaux.pdf | https://www.europe-en-occitanie.eu/IMG/docx/e/1/5/page_d_info_rgpd_consentement_aap_infometiersde.docx | https://www.europe-en-occitanie.eu/IMG/pdf/9/4/5/reglement__aap_2026.pdf | https://www.europe-en-occitanie.eu/IMG/pdf/2/8/0/ele_ments_de_cadrage_2026.pdf | https://www.europe-en-occitanie.eu/IMG/xls/5/c/3/bilan_fin_ope_ration_aap.xls | https://www.europe-en-occitanie.eu/IMG/png/bandeau_pia4_aapinnovation_1_.png | https://www.europe-en-occitanie.eu/IMG/pdf/0/f/a/aap_cpbr_cp_oct_24.pdf | https://www.europe-en-occitanie.eu/IMG/pdf/9/1/5/dispositif_actions_collectives_2025.pdf | https://www.europe-en-occitanie.eu/IMG/pdf/0/f/d/ri_aide_individuelle_auteurices_-_projet_d_ecriture.pdf | https://www.europe-en-occitanie.eu/AMI-FORPRO-SUP-Identification-des-etablissements-publics-d-enseignement-superieur-d | https://www.europe-en-occitanie.eu/Appel-a-Manifestation-d-Interet-AMI-Reemploi-et-Economie-Circulaire-dans-le-BTP | https://www.europe-en-occitanie.eu/Appel-Manifestation-Interet-Territoires-viticoles-pilotes-filiere-mutation | https://www.europe-en-occitanie.eu/IMG/pdf/1/0/1/dispositif_geothermie_2026.pdf | https://www.europe-en-occitanie.eu/AMI-construire-des-strategies-territoriales-pour-reconquerir-la-biodiversite | https://www.europe-en-occitanie.eu/AMI-Bons-Plans-Jeunes | https://www.europe-en-occitanie.eu/AMI-FACE-Occitanie | https://www.europe-en-occitanie.eu/IMG/pdf/2/5/1/rgpd_notice_d_information-1.pdf | https://www.europe-en-occitanie.eu/IMG/pdf/6/e/6/reglement_du_dispositif_d_aide_aux_manifestation_ou_programmation_litteraire_residences_d_auteur_ices-1.pdf | https://www.europe-en-occitanie.eu/IMG/pdf/e/6/2/cc_animation_occitanie_2026-2028.pdf | https://www.europe-en-occitanie.eu/IMG/pdf/6/f/5/cc_documentaire_2026-2028.pdf | https://www.europe-en-occitanie.eu/IMG/pdf/e/0/9/cc_court-metrage_fin_2025-fin_2027.pdf | https://www.europe-en-occitanie.eu/IMG/pdf/2/6/c/cc_fiction_lm-av_occitanie_2026-2028.pdf | https://www.europe-en-occitanie.eu/IMG/pdf/0/f/1/occitanie_fonds_creation_audiovisuelle__calendrier_2026-2027_contacts.pdf | https://www.europe-en-occitanie.eu/IMG/pdf/3/d/9/occitanie_creation_audiovisuelle_dispositif_23-26.pdf | https://www.europe-en-occitanie.eu/IMG/pdf/2/3/c/reglement_aide_a_la_valorisation_du_patrimoine_et_l_archeologie.pdf | https://www.europe-en-occitanie.eu/IMG/pdf/f/5/f/reglement_d_aide_a_la_connaissance_et_a_l_inventaire_general_des_patrimoines.pdf | https://www.europe-en-occitanie.eu/IMG/pdf/b/9/f/oc_patrimoine_aide_a_la_restauration_du_patrimoine_culturel_reglement_dispositif_2024.pdf | https://www.europe-en-occitanie.eu/IMG/pdf/0/f/c/dispositif_solaire_thermique_2026.pdf | https://www.europe-en-occitanie.eu/IMG/pdf/0/3/d/animation_actions_co.pdf | https://www.europe-en-occitanie.eu/IMG/pdf/f/6/0/projets_locaux.pdf | https://www.europe-en-occitanie.eu/IMG/pdf/0/7/8/radios_associatives_reglement_dispositif_d_aide_a_la_communication_sociale_de_proximite.pdf | https://www.europe-en-occitanie.eu/IMG/pdf/9/b/9/reglement_dispositif_d_aide_aux_equipements_culturels_et_patrimoniaux_structurants.pdf | https://www.europe-en-occitanie.eu/IMG/pdf/3/3/f/logement_social_npnru.pdf | https://www.europe-en-occitanie.eu/IMG/zip/6/5/1/dmi_hyr_2026_08_31.zip | https://www.europe-en-occitanie.eu/IMG/pdf/0/0/7/hyr_periodes-enveloppes_2026.pdf | https://www.europe-en-occitanie.eu/IMG/pdf/7/8/f/rgpd_notice_d_information-7.pdf | https://www.europe-en-occitanie.eu/IMG/pdf/0/9/3/reglementpeuplier2025.pdf | https://www.europe-en-occitanie.eu/IMG/pdf/4/a/1/reglement_aap_2026.pdf | https://www.europe-en-occitanie.eu/IMG/pdf/c/2/8/rapport_mie-2.pdf | https://www.europe-en-occitanie.eu/IMG/pdf/4/d/3/oc_patrimoine_reglement_dispositif_aide_a_l_enrichissement_et_a_la_restauration_fram_frar_frrab_1.pdf | https://www.europe-en-occitanie.eu/IMG/pdf/b/e/d/convention_etat_region_frar_fram.pdf | https://www.europe-en-occitanie.eu/IMG/pdf/2/0/6/oc_reglement_dispositif_aide_ecritureuaudiovisuelle.pdf | https://www.europe-en-occitanie.eu/IMG/pdf/0/f/1/occitanie_fonds_creation_audiovisuelle__calendrier_2026-2027_contacts-1.pdf | https://www.europe-en-occitanie.eu/IMG/pdf/7/8/f/rgpd_notice_d_information-3.pdf | https://www.europe-en-occitanie.eu/IMG/pdf/7/d/5/reglement_arts_de_la_scene__dispositif_d_aide_a_la_diffusion_de_proximite.pdf | https://www.europe-en-occitanie.eu/IMG/pdf/f/b/8/informations_necessaires_dispositif_d_aide_a_la_diffusion_de_proximite.pdf | https://www.europe-en-occitanie.eu/IMG/pdf/e/c/2/cinema_reglement_dispositif_d_aide_aux_manifestations_audiovisuelles_fonctionnement.pdf | https://www.europe-en-occitanie.eu/IMG/pdf/7/8/f/rgpd_notice_d_information-8.pdf | https://www.europe-en-occitanie.eu/IMG/pdf/c/8/6/reglement_dispositif_d_aide_a_la_production_oeuvre_d_art_et_livres_d_artistes_2025.pdf | https://www.europe-en-occitanie.eu/IMG/pdf/reglement_dispositif_d_aide_a_la_mobilite_en_art_contemporain_2023_3.pdf | https://www.europe-en-occitanie.eu/IMG/doc/1/2/a/dds_art_contemporain_aide_a_la_mobilite_hors_region_residences_2026.doc | https://www.europe-en-occitanie.eu/IMG/doc/6/6/0/dds_art_contemporain_aide_a_la_mobilite_hors_region_salons_et_foires_2026.doc | https://www.europe-en-occitanie.eu/IMG/zip/9/a/6/eaa_documents_aap_2026_06_10.zip | https://www.europe-en-occitanie.eu/IMG/pdf/d/8/3/periodes-enveloppes_2026-2027_cp22mai26.pdf | https://www.europe-en-occitanie.eu/IMG/pdf/7/8/f/rgpd_notice_d_information-11.pdf | https://www.europe-en-occitanie.eu/IMG/pdf/c/6/2/fiche_ressource_art_contemporain_et_eco_responsabilite-1.pdf | https://www.europe-en-occitanie.eu/IMG/pdf/4/e/6/reglement_dispositif_d_aide_a_la_diffusion_et_a_la_structuration_en_art_contemporain_2025.pdf | https://www.europe-en-occitanie.eu/IMG/pdf/4/7/e/reglement_capitalisation-sudoe.pdf | https://www.europe-en-occitanie.eu/IMG/pdf/9/5/a/260511_annexe_contrat_de_pret_2026-2027.pdf | https://www.europe-en-occitanie.eu/IMG/pdf/b/4/4/dossier_de_presentation_ami_2026.pdf | https://www.europe-en-occitanie.eu/IMG/docx/f/f/1/dossier_de_candidature_ami_2026_coordination.docx | https://www.europe-en-occitanie.eu/IMG/docx/8/0/5/dossier_de_candidature_ami_2026_etablissement.docx | https://www.europe-en-occitanie.eu/IMG/pdf/b/7/6/page-information-rgpd_ami-forpro-sup-2026.pdf | https://www.europe-en-occitanie.eu/IMG/zip/8/0/e/dja_documents_aap_2026_01_06.zip | https://www.europe-en-occitanie.eu/IMG/pdf/6/8/6/dja_periodes_enveloppes_2026_cpdec25.pdf | https://www.europe-en-occitanie.eu/IMG/pdf/5/d/4/liste_des_pieces_a_fournir_dja__demande_d_aide.pdf | https://www.europe-en-occitanie.eu/IMG/pdf/4/6/5/etude_de_marche_-_dja.pdf | https://www.europe-en-occitanie.eu/IMG/xlsx/8/8/9/grille-selection_dja_deverrouillee.xlsx | https://www.europe-en-occitanie.eu/IMG/xlsx/b/c/e/grille_des_competences_croisees_diplomes_experiences_dja_dec24.xlsx | https://www.europe-en-occitanie.eu/IMG/xlsx/3/4/4/pre-installes_rda_-_dja_rdr4_-_2023-2027-_dec24.xlsx | https://www.europe-en-occitanie.eu/IMG/xlsx/0/e/d/pre-installes_rda_-_dja_rdr4_-_2023-2027.xlsx | https://www.europe-en-occitanie.eu/IMG/pdf/3/c/6/notice_d_information_pour_le_remplissage_du_pe_-_dja_rdr4.pdf | https://www.europe-en-occitanie.eu/IMG/xlsx/b/f/3/plan_entreprise_occitanie_dja_rdr4_02072025.xlsx | https://www.europe-en-occitanie.eu/IMG/xlsx/f/3/6/plan_entreprise_occitanie_dja_rdr4_2026_vf-1.xlsx | https://www.europe-en-occitanie.eu/IMG/xlsx/c/c/2/tableau_hors_cadre_familial___dja_rdr4.xlsx | https://www.europe-en-occitanie.eu/IMG/xlsx/7/4/c/modele_de_calcul_ebe_dja_rdr4__v2025.xlsx | https://www.europe-en-occitanie.eu/IMG/pdf/1/7/1/notice_dja_rdr4_18062024.pdf | https://www.europe-en-occitanie.eu/IMG/pdf/8/8/e/notice_d_instruction_rdr4_vf.pdf | https://www.europe-en-occitanie.eu/IMG/pdf/2/e/0/notice_d_instruction_rdr4_aap_2026-1.pdf | https://www.europe-en-occitanie.eu/IMG/pdf/e/9/5/liste_des_pieces_a_fournir_dja_acomptes_-_aap24.pdf | https://www.europe-en-occitanie.eu/IMG/pdf/b/1/6/liste_des_pieces_a_fournir_dja_acomptes__aap25.pdf | https://www.europe-en-occitanie.eu/IMG/docx/d/3/d/liste_des_pieces_a_fournir_dja_acomptes__aap26.docx | https://www.europe-en-occitanie.eu/IMG/pdf/2/b/3/liste_des_structures_labelisees_dans_le_cadre_de_la_dna-1.pdf | https://www.europe-en-occitanie.eu/IMG/xlsx/f/7/4/tableau_de_synthese_foncier_-_demande_dja_rdr4_v9.xlsx | https://www.europe-en-occitanie.eu/IMG/xlsx/9/e/0/tableau_de_synthese_foncier_-_1re_acompte_rdr4_v8.xlsx | https://www.europe-en-occitanie.eu/IMG/xlsx/e/8/1/etude_economique_-_modele_-_dja_rdr4.xlsx | https://www.europe-en-occitanie.eu/IMG/xlsx/4/1/2/faq_dja_13012026.xlsx | https://www.europe-en-occitanie.eu/IMG/pdf/c/b/6/pour_l_avenir_de_l_agriculture_en_occitanie_-_re_gion_occitanie.pdf | https://www.europe-en-occitanie.eu/IMG/pdf/f/b/5/arts_de_la_scene_aide_a_la_mobilite_hors_region_de_collectifs_1.pdf | https://www.europe-en-occitanie.eu/Appel-a-Manifestation-d-Interet-AMI-MPR | https://www.europe-en-occitanie.eu/IMG/pdf/f/a/3/ami_mpr_cahier_des_charges_annexe3.pdf | https://www.europe-en-occitanie.eu/IMG/pdf/1/b/8/annexe_pass_incendie_cpfev2026.pdf | https://www.europe-en-occitanie.eu/IMG/pdf/c/e/9/plaquette_tourisme_durable_2026_web_vf.pdf | https://www.europe-en-occitanie.eu/IMG/doc/8/1/c/dossier_demande_financement_metiersdemain_2026.doc | https://www.europe-en-occitanie.eu/IMG/pdf/c/a/c/reglement_du_dispositif_metiers_de_demain_2026.pdf | https://www.europe-en-occitanie.eu/IMG/xlsx/7/2/9/annexe_1_financiere_fct_inv.xlsx | https://www.europe-en-occitanie.eu/IMG/docx/8/9/f/annexe_2_descriptif_detaille_du_projet-1.docx | https://www.europe-en-occitanie.eu/IMG/pdf/3/2/a/fiche_thematique_eau_2026.pdf | https://www.europe-en-occitanie.eu/IMG/pdf/a/f/4/fiche_thematique_sante_2026.pdf | https://www.europe-en-occitanie.eu/IMG/pdf/b/c/d/fiche_thematique_spatial_2026.pdf | https://www.europe-en-occitanie.eu/IMG/pdf/7/7/5/fiche_thematique_numerique_2026.pdf | https://www.europe-en-occitanie.eu/IMG/pdf/b/2/4/fiche_thematique_aeronautique-2026.pdf | https://www.europe-en-occitanie.eu/IMG/pdf/b/6/5/fiche_thematique_energies_nouvelles_2026.pdf | https://www.europe-en-occitanie.eu/IMG/pdf/6/c/a/fiche_thematique_mobilites_intelligentes_et_durables__2026.pdf | https://www.europe-en-occitanie.eu/IMG/pdf/7/3/5/fiche_thematique_icc_2026.pdf | https://www.europe-en-occitanie.eu/IMG/pdf/dispositif_projets_enr_citoyennes_inf_500_kwc_2022.pdf | https://www.europe-en-occitanie.eu/IMG/pdf/e/9/3/dispositif_mobilite_pro_h2_2026.pdf | https://www.europe-en-occitanie.eu/IMG/pdf/4/b/7/ami_nouveaux_modeles_energetiques_citoyens_occitanie_2024_2025_vdef.pdf | https://www.europe-en-occitanie.eu/Pret-gratuit-de-velos-a-assistance-electrique-dans-8-lycees-pilotes-d-Occitanie#Foire-Aux-Questions-FAQ | https://www.europe-en-occitanie.eu/Pret-gratuit-de-velos-a-assistance-electrique-dans-8-lycees-pilotes-d-Occitanie#s-Foire-Aux-Questions-FAQ | https://www.europe-en-occitanie.eu/IMG/pdf/0/7/2/reglement_ami_projets_structurants_v2.pdf | https://www.europe-en-occitanie.eu/IMG/pdf/7/4/9/dispositif_chaufferie_biomasse_2026.pdf | https://www.europe-en-occitanie.eu/IMG/pdf/8/3/2/62900_annexe_4.pdf | https://www.europe-en-occitanie.eu/IMG/pdf/2/f/1/dispositif_unique_investissement.pdf | https://www.europe-en-occitanie.eu/IMG/pdf/0/e/4/ri_apprenants_3-10-25.pdf | https://www.europe-en-occitanie.eu/IMG/pdf/membres_efp.pdf | https://www.europe-en-occitanie.eu/IMG/zip/5/d/2/pei_documentsaap_2025_1_.zip | https://www.europe-en-occitanie.eu/IMG/pdf/b/a/e/pei_periode_enveloppe_2025_cpmai2025.pdf | https://www.europe-en-occitanie.eu/IMG/zip/1/4/7/coop_documentsaap-1.zip | https://www.europe-en-occitanie.eu/IMG/pdf/5/6/0/coop_v2_periodes_env_2025_cp042025.pdf | https://www.europe-en-occitanie.eu/IMG/docx/c/c/4/journee_technique_dinformation_afc__jaca-1.docx | https://www.europe-en-occitanie.eu/IMG/pdf/e/7/e/20241004_texte_aap_afme_fr.pdf | https://www.europe-en-occitanie.eu/IMG/pdf/5/0/4/cahier_des_charges_appel_a_candidature_optimisation_spgd_v_06_02_2026.pdf | https://www.europe-en-occitanie.eu/IMG/docx/c/5/7/formulairecandidatureaac_opti2026.docx | https://www.europe-en-occitanie.eu/IMG/pdf/d/a/5/plaquette_appel_a_candidature_optimisation_et_progres_v_16_aout.pdf | https://www.europe-en-occitanie.eu/IMG/zip/7/c/c/n2c_documentsaap_2026_02_27_1_.zip | https://www.europe-en-occitanie.eu/IMG/pdf/9/d/e/periodes-enveloppes_2026_cpmai26.pdf | https://www.europe-en-occitanie.eu/IMG/pdf/7/b/f/cahierdeschargesappelacandidatureperformancespgdvf.pdf | https://www.europe-en-occitanie.eu/IMG/docx/e/a/e/formulairecandidatureaac_perf_2026.docx | https://www.europe-en-occitanie.eu/IMG/pdf/8/c/4/ami_gare_de_luchon.pdf | https://www.europe-en-occitanie.eu/IMG/pdf/c/5/4/annexe_rapport_59780__ami_territoires_viticoles_pilotes_2025.pdf | https://www.europe-en-occitanie.eu/IMG/pdf/c/c/f/2025_reglement_aap_eau-1.pdf | https://www.europe-en-occitanie.eu/webinaire-AAP-cooperation-internationale-eau-agroecologie | https://www.europe-en-occitanie.eu/IMG/pdf/4/c/9/03-iii_aap_neree_4.pdf | https://www.europe-en-occitanie.eu/IMG/pdf/20220425_aap-filieres_bio_2023.pdf | https://www.europe-en-occitanie.eu/IMG/pdf/6/b/7/cdc_ami_ec_btp_2026.pdf | https://www.europe-en-occitanie.eu/IMG/pdf/a/1/d/2025_2027_sieg_entrepreneuriat_2-1.pdf | https://www.europe-en-occitanie.eu/IMG/pdf/3/3/4/aap_1_accompagnement_des_projets_de_creation_reprise_transmission_d_entreprises_-_vf_2-1.pdf | https://www.europe-en-occitanie.eu/IMG/pdf/8/2/0/aap_2_accompagnement_des_projets_innovants_-_vf_2-1.pdf | https://www.europe-en-occitanie.eu/IMG/pdf/d/1/c/aap_3_accompagnement_de_projets_par_le_test_d_activite_-_vf_2-1.pdf | https://www.europe-en-occitanie.eu/IMG/pdf/9/6/a/aap_4_appui_a_la_structuration_financiere_et_octroi_de_financements_-_vf_2-1.pdf | https://www.europe-en-occitanie.eu/IMG/pdf/d/9/1/tutorieldepotaapv2.pdf | https://www.europe-en-occitanie.eu/IMG/pdf/3/e/2/fiche_mesure_m8_feampa_-_installation_aquaculture.pdf | https://www.europe-en-occitanie.eu/IMG/zip/f/5/4/dna.zip | https://www.europe-en-occitanie.eu/IMG/zip/c/7/8/dna_documentsaap_2026_01_06.zip | https://www.europe-en-occitanie.eu/IMG/pdf/0/e/9/periodes_de_depot_et_enveloppe_dotation_nouvel_agriculteur.pdf | https://www.europe-en-occitanie.eu/IMG/pdf/b/4/3/dna_periodes_enveloppes_2026_cpdec25.pdf | https://www.europe-en-occitanie.eu/IMG/pdf/7/2/5/11_annexe_dja_modif_psn_cp24_dec_v241107.pdf | https://www.europe-en-occitanie.eu/IMG/xlsx/a/9/0/faq_dna_071223.xlsx | https://www.europe-en-occitanie.eu/IMG/pdf/9/b/d/reglement_de_l_appel_a_candidature_foodtrucks_capdeville_2025-2026.pdf | https://www.europe-en-occitanie.eu/IMG/pdf/a/c/c/convention_d_occupation_precaire_foodtruck_capdeville_2025-2026.pdf | https://www.europe-en-occitanie.eu/IMG/pdf/7/7/f/fiche_de_presentation_foodtruck_2025-2026.pdf | https://www.europe-en-occitanie.eu/IMG/pdf/6/0/d/fiche_mesure_m12_feampa_dlal_fonctionnement_animation.pdf | https://www.europe-en-occitanie.eu/IMG/zip/2/9/7/ds_m12_animation_galpa.zip | https://www.europe-en-occitanie.eu/IMG/pdf/b/0/8/fiche_mesure_m11_feampa_-_actions_collectives_innovation.pdf | https://www.europe-en-occitanie.eu/IMG/zip/4/b/6/ds_m11_actions_co_innov.zip | https://www.europe-en-occitanie.eu/IMG/pdf/4/4/b/fiche_mesure_m10_feampa_m10_-_commercialisation_et_transformation.pdf | https://www.europe-en-occitanie.eu/IMG/zip/2/c/7/ds_m10_commerc_transfo.zip | https://www.europe-en-occitanie.eu/IMG/pdf/d/6/3/fiche_mesure_m9_feampa_-_investissements_productifs_aquacoles.pdf | https://www.europe-en-occitanie.eu/IMG/zip/f/5/3/ds_m9_invest_prod_aqua.zip | https://www.europe-en-occitanie.eu/IMG/pdf/f/0/f/fiche_mesure_m7_feampa_-protection_et_restauration_biodiversite.pdf | https://www.europe-en-occitanie.eu/IMG/zip/e/7/8/ds_m7_biodiv-se_lectivite_.zip | https://www.europe-en-occitanie.eu/IMG/pdf/6/a/4/fiche_mesure_m4_feampa_-_augmentation_de_la_jauge.pdf | https://www.europe-en-occitanie.eu/IMG/zip/e/c/3/ds_m4_augmentation_jauge.zip | https://www.europe-en-occitanie.eu/IMG/pdf/3/1/0/fiche_mesure_m2_feampa_-_remotorisation.pdf | https://www.europe-en-occitanie.eu/IMG/zip/6/8/0/ds_m2_remotorisation.zip | https://www.europe-en-occitanie.eu/IMG/pdf/1/b/6/1_fiche_mesure_feampa_m5.pdf | https://www.europe-en-occitanie.eu/IMG/zip/6/3/2/ds_m5_modernis_ports_pe_che.zip | https://www.europe-en-occitanie.eu/IMG/zip/2/f/c/ds_m1_installation_peche.zip | https://www.europe-en-occitanie.eu/IMG/pdf/3/b/7/43-_obligations_du_partenaire_bons_plans_cp_juin_23_002_.pdf | https://www.europe-en-occitanie.eu/IMG/pdf/e/c/8/occ_-_carte_jeune_1920x1080_v3_bon_plan.pdf | https://www.europe-en-occitanie.eu/IMG/xlsx/7/9/2/250417_faq.xlsx | https://www.europe-en-occitanie.eu/IMG/docx/1/6/e/00_aac_lr_m23.docx | https://www.europe-en-occitanie.eu/IMG/doc/6/2/1/m23_notice_formulaire_lr.doc | https://www.europe-en-occitanie.eu/IMG/doc/f/b/a/02_321_formulaire_m23_pdr_lr.doc | https://www.europe-en-occitanie.eu/IMG/pdf/5/4/4/02_321_formulaire_m23_pdr_lr.pdf | https://www.europe-en-occitanie.eu/IMG/xlsx/6/0/d/01_annexe_1_liste_communes_eligibles_m23_pdr_lr.xlsx | https://www.europe-en-occitanie.eu/IMG/docx/2/1/3/annexe_2_pv_calcul_perte_production_pdrlr_vf.docx | https://www.europe-en-occitanie.eu/IMG/docx/e/8/1/annexe_3_foyer_concerne_affection_sanitaire_pdr_lr_-_copie.docx | https://www.europe-en-occitanie.eu/IMG/docx/c/4/c/annexe_culture_concernee_alea_pdr_lr_dep11.docx | https://www.europe-en-occitanie.eu/IMG/docx/7/5/8/annexe_culture_concernee_alea_pdr_lr_dep30.docx | https://www.europe-en-occitanie.eu/IMG/docx/1/a/7/annexe_culture_concernee_alea_pdr_lr_dep48.docx | https://www.europe-en-occitanie.eu/IMG/docx/8/a/d/annexe_culture_concernee_alea_pdr_lr_dep66.docx | https://www.europe-en-occitanie.eu/IMG/xlsx/4/6/e/06_instruction_outil_calcul_taille_entreprise.xlsx | https://www.europe-en-occitanie.eu/IMG/docx/6/b/8/00_aac_mp_m23.docx | https://www.europe-en-occitanie.eu/IMG/doc/d/f/c/m23_notice_formulaire_mp.doc | https://www.europe-en-occitanie.eu/IMG/doc/6/4/0/02_321_formulaire_m23_pdr_mp.doc | https://www.europe-en-occitanie.eu/IMG/pdf/e/0/c/02_321_formulaire_m23_pdr_mp.pdf | https://www.europe-en-occitanie.eu/IMG/xlsx/6/2/d/01_annexe_liste_communes_eligibles_m23_pdr_mp.xlsx | https://www.europe-en-occitanie.eu/IMG/docx/3/5/1/annexe_02_pv_calcul_perte_production_pdrmp.docx | https://www.europe-en-occitanie.eu/IMG/docx/e/9/4/annexe_03_foyer_concerne_affection_sanitaire_pdr_mp.docx | https://www.europe-en-occitanie.eu/IMG/docx/9/a/5/annexe_culture_concernee_alea_pdr_mp_dep12.docx | https://www.europe-en-occitanie.eu/IMG/docx/f/2/e/annexe_culture_concernee_alea_pdr_mp_dep31.docx | https://www.europe-en-occitanie.eu/IMG/docx/2/2/1/annexe_culture_concernee_alea_pdr_mp_dep32.docx | https://www.europe-en-occitanie.eu/IMG/docx/e/6/4/annexe_culture_concernee_alea_pdr_mp_dep46.docx | https://www.europe-en-occitanie.eu/IMG/docx/2/7/9/annexe_culture_concernee_alea_pdr_mp_dep81.docx | https://www.europe-en-occitanie.eu/IMG/docx/b/f/6/annexe_culture_concernee_alea_pdr_mp_dep82.docx | https://www.europe-en-occitanie.eu/IMG/xlsx/4/6/e/06_instruction_outil_calcul_taille_entreprise-1.xlsx | https://www.europe-en-occitanie.eu/spip.php?page=formulaire&id_formulaire=2718 | https://www.europe-en-occitanie.eu/IMG/pdf/a/4/c/20250117-texte-2aap.pdf | https://www.europe-en-occitanie.eu/IMG/pdf/5/6/5/fiche_mesure_m13_feampa_dlal_mise_en_oeuvre_strategies_et_cooperation_1_.pdf | https://www.laregion.fr/IMG/pdf/0/c/0/ri_aap_vdef_cp_juillet_2026.pdf | https://www.laregion.fr/IMG/pdf/9/b/b/faq_3-7-26.pdf | https://www.laregion.fr/IMG/pdf/1/d/7/foster_re_gion_occitanie_flyer_v_internet.pdf | https://www.laregion.fr/IMG/pdf/6/e/4/foster_re_gion_occitanie_guide_com_be_ne_ficaires.pdf | https://www.laregion.fr/IMG/pdf/3/2/4/foster_re_gion_occitanie_guide_d_expression_obligations_com.pdf | https://www.laregion.fr/IMG/pdf/a/0/8/oc-fondseuropeens-affiche-a3-foster-2025-01-bd.pdf | https://www.laregion.fr/IMG/pdf/3/c/a/coordonne_es_garantie_foster_maj062026.pdf | https://www.laregion.fr/IMG/pdf/e/1/2/coordonne_es_pre_t_foster_re_gion_occitanie.pdf | https://www.europe-en-occitanie.eu/IMG/pdf/d/8/3/periodes-enveloppes_2026-2027_cp22mai26.pdf | https://www.europe-en-occitanie.eu/IMG/pdf/9/9/3/notice_information_porteur.pdf","VERIFIE","100","100"
"bfc_aHR0cHM6Ly93d3cuYm91cmdvZ25l","Document officiel","AIDE","REGIONAL","Bourgogne-Franche-Comté","Région Bourgogne-Franche-Comté | Bourgogne-Franche-Comté","SUBVENTION | AVANCE_REMBOURSABLE","PME | ETI | GE","3000","50000","","","","","2027-12-31","non","https://www.bourgognefranchecomte.fr/sites/default/files/2018-12/D%C3%A9cret%20mai%202017_%20donn%C3%A9es%20conv%20subventions.pdf","https://www.bourgognefranchecomte.fr/donnees-essentielles-des-conventions-de-subventions#main-content | https://www.bourgognefranchecomte.fr/index.php/donnees-essentielles-des-conventions-de-subventions | https://www.bourgognefranchecomte.fr/sites/default/files/2018-12/D%C3%A9cret%20mai%202017_%20donn%C3%A9es%20conv%20subventions.pdf | https://www.bourgognefranchecomte.fr/sites/default/files/2018-12/Arr%C3%AAt%C3%A9%20de%20novembre%202017_conditions%20de%20mises%20%C3%A0%20disposition%20des%20donn%C3%A9es.pdf | https://www.bourgognefranchecomte.fr/sites/default/files/2026-05/Donn%C3%A9es%20essentielles%20des%20conventions%20de%20subventions%202025.pdf | https://www.bourgognefranchecomte.fr/sites/default/files/2026-08/Donn%C3%A9es%20essentielles%20des%20conventions%20de%20subventions%202026%201S.pdf | https://www.bourgognefranchecomte.fr/sites/default/files/2024-07/Liste%20des%20r%C3%A9f%C3%A9rents%20%C3%A0%20jour%2018-07-204_0.pdf | https://www.bourgognefranchecomte.fr/index.php/file-download?fid=17805 | https://www.bourgognefranchecomte.fr/index.php/file-download?fid=17802 | https://www.bourgognefranchecomte.fr/budget-financement-et-rapport-dactivite#main-content | https://www.bourgognefranchecomte.fr/budget-financement-et-rapport-dactivite | https://www.bourgognefranchecomte.fr/recherche?key=budget | https://www.bourgognefranchecomte.fr/budget-financement-et-rapport-dactivite#collapse_budget-2026_1 | https://www.bourgognefranchecomte.fr/budget-2026 | https://www.bourgognefranchecomte.fr/budget-financement-et-rapport-dactivite#collapse_budget-2025-et-rapport-dactivit_2 | https://www.bourgognefranchecomte.fr/budget-2025 | https://www.bourgognefranchecomte.fr/budget-financement-et-rapport-dactivite#collapse_budget-2024-et-rapport-dactivit_3 | https://www.bourgognefranchecomte.fr/budget-2024 | https://www.bourgognefranchecomte.fr/budget-financement-et-rapport-dactivite#collapse_budget-2023-et-rapport-dactivit_4 | https://www.bourgognefranchecomte.fr/budget-2023-volontaire-responsable-prudent | https://www.bourgognefranchecomte.fr/budget-financement-et-rapport-dactivite#collapse_budget-2022-et-rapport-dactivit_5 | https://www.bourgognefranchecomte.fr/2022-un-budget-de-18-milliard-deuros-ambitieux-et-responsable | https://www.bourgognefranchecomte.fr/budget-financement-et-rapport-dactivite#collapse_budget-2021-et-rapport-dactivit_6 | https://www.bourgognefranchecomte.fr/budget-2021 | https://www.bourgognefranchecomte.fr/budget-financement-et-rapport-dactivite#collapse_budget-2020-et-rapport-dactivit_7 | https://www.bourgognefranchecomte.fr/budget-2020-une-action-renforcee-un-investissement-en-hausse-des-depenses-de-fonctionnement | https://www.bourgognefranchecomte.fr/budget-financement-et-rapport-dactivite#collapse_budget-2019-et-rapport-dactivit_8 | https://www.bourgognefranchecomte.fr/budget-2019-et-rapport-dactivite | https://www.bourgognefranchecomte.fr/budget-financement-et-rapport-dactivite#collapse_financements-_9 | https://www.bourgognefranchecomte.fr/file-download?fid=17992 | https://www.bourgognefranchecomte.fr/file-download?fid=16869 | https://www.bourgognefranchecomte.fr/index.php/file-download?fid=13140 | https://www.bourgognefranchecomte.fr/file-download?fid=18012 | https://www.bourgognefranchecomte.fr/file-download?fid=17972 | https://www.bourgognefranchecomte.fr/file-download?fid=16882 | https://www.bourgognefranchecomte.fr/file-download?fid=17085 | https://www.bourgognefranchecomte.fr/file-download?fid=18255 | https://www.bourgognefranchecomte.fr/file-download?fid=17989 | https://www.bourgognefranchecomte.fr/file-download?fid=15555 | https://www.bourgognefranchecomte.fr/file-download?fid=15556 | https://www.bourgognefranchecomte.fr/node/238 | https://www.bourgognefranchecomte.fr/file-download?fid=15557 | https://www.bourgognefranchecomte.fr/file-download?fid=13169 | https://www.bourgognefranchecomte.fr/file-download?fid=15549 | https://www.bourgognefranchecomte.fr/index.php/file-download?fid=18071 | https://www.bourgognefranchecomte.fr/index.php/file-download?fid=17953 | https://www.bourgognefranchecomte.fr/index.php/file-download?fid=17730 | https://www.bourgognefranchecomte.fr/index.php/file-download?fid=17491 | https://www.bourgognefranchecomte.fr/index.php/file-download?fid=17442 | https://www.bourgognefranchecomte.fr/index.php/file-download?fid=17467 | https://www.bourgognefranchecomte.fr/index.php/file-download?fid=17494 | https://www.bourgognefranchecomte.fr/index.php/file-download?fid=18182 | https://www.bourgognefranchecomte.fr/file-download?fid=17997 | https://www.bourgognefranchecomte.fr/file-download?fid=15525 | https://www.bourgognefranchecomte.fr/file-download?fid=15526 | https://www.bourgognefranchecomte.fr/file-download?fid=15527 | https://www.bourgognefranchecomte.fr/file-download?fid=17497 | https://www.bourgognefranchecomte.fr/file-download?fid=17466 | https://www.bourgognefranchecomte.fr/file-download?fid=17465 | https://www.bourgognefranchecomte.fr/file-download?fid=17496 | https://www.bourgognefranchecomte.fr/file-download?fid=17995 | https://www.bourgognefranchecomte.fr/file-download?fid=17490 | https://www.bourgognefranchecomte.fr/file-download?fid=17996 | https://www.bourgognefranchecomte.fr/file-download?fid=17489 | https://www.bourgognefranchecomte.fr/file-download?fid=15586 | https://sso.cnm.fr/login?service=https%3A%2F%2Fmonespace.cnm.fr%2F&gateway=false | https://subventions.bourgognefranchecomte.fr/sub/tiers/aides/details/?sigle=ES-AAP-AVE | https://www.bourgognefranchecomte.fr/index.php/file-download?fid=18089 | https://www.bourgognefranchecomte.fr/file-download?fid=18086 | https://www.bourgognefranchecomte.fr/file-download?fid=18088 | https://www.bourgognefranchecomte.fr/file-download?fid=15343 | https://www.bourgognefranchecomte.fr/file-download?fid=17200 | mailto:genevieve.caminade@bourgognefranchecomte.fr?subject=Aide%20au%20d%C3%A9ploiement%20de%20flotte%20H%C2%B2 | https://www.demarches-simplifiees.fr/commencer/aap-france-2030-regionalise-bourgogne-franche-comte/france_connect | https://www.demarches-simplifiees.fr/commencer/aap-france-2030-regionalise-bourgogne-franche-comte/sign_up | https://www.demarches-simplifiees.fr/commencer/aap-france-2030-regionalise-bourgogne-franche-comte/sign_in | https://demarche.numerique.gouv.fr/rails/active_storage/blobs/redirect/eyJfcmFpbHMiOnsiZGF0YSI6MTgxNTc4MzAxLCJleHAiOiIyMDI2LTA5LTI4VDExOjIwOjM1LjQzN1oiLCJwdXIiOiJibG9iX2lkIn19--ffe684f9eb5251ec82516e7c5d6b491d03ec1225/AAP%20REG%20Bourgogne%20Franche%20Comt%C3%A9%20-%20Ing%C3%A9nierie%20de%20Formation%20Professionnelle%20-%20Cahier%20des%20charges+RGF%20v04.02.2026.pdf?disposition=attachment | https://demarche.numerique.gouv.fr/rails/active_storage/blobs/redirect/eyJfcmFpbHMiOnsiZGF0YSI6MTgxNTc4MzAxLCJleHAiOiIyMDI2LTA5LTI4VDExOjQxOjU1Ljc1MVoiLCJwdXIiOiJibG9iX2lkIn19--91d805c11138de89a40dbe6308119a0405c93f39/AAP%20REG%20Bourgogne%20Franche%20Comt%C3%A9%20-%20Ing%C3%A9nierie%20de%20Formation%20Professionnelle%20-%20Cahier%20des%20charges+RGF%20v04.02.2026.pdf?disposition=attachment | https://www.europe-bfc.eu/sites/bfceurope/files/2024-11/Fiches%20d%27intervention%20du%20PSN%20en%20BFC_V3.pdf | https://www.europe-bfc.eu/sites/bfceurope/files/2024-11/FEADER%20ABC%20Guide%20porteurs%20WEB.pdf | https://www.europe-bfc.eu/sites/bfceurope/files/related_ressources_116_699c8ea4-68a1-4f44-bc62-d090aa90a853_files.zip | https://www.europe-bfc.eu/sites/bfceurope/files/2026-06/01_Calendrier_FEDER-FSE_Juin2026_0.pdf | https://www.europe-bfc.eu/sites/bfceurope/files/2026-06/Calendrier_AAP_Juin2026.pdf | https://www.europe-bfc.eu/nos-aides/modernisation-et-adaptation-des-exploitations-delevage-au-dereglement-climatique-0 | https://www.europe-bfc.eu/nos-aides/modernisation-et-adaptation-des-exploitations-delevage-au-dereglement-climatique | https://www.europe-bfc.eu/sites/bfceurope/files/2024-11/Plaquette_BFC_FEDER_FSE_2021_2027_WEB.pdf | https://www.europe-bfc.eu/sites/bfceurope/files/2024-11/ABC_des_fonds_europ%C3%A9ens%20-%20WEB%20%281%29.pdf | https://www.europe-bfc.eu/sites/bfceurope/files/related_ressources_108_5e6c8c2b-502d-48a4-9a76-e41cb2dbda70_files.zip | https://www.europe-bfc.eu/nos-aides/fonds-asile-migrations-et-integration-fami | https://www.europe-bfc.eu/sites/bfceurope/files/2026-07/Liste%20b%C3%A9n%C3%A9ficiaires%20BFC%20juillet%202026.xlsx | https://www.europe-bfc.eu/sites/bfceurope/files/2025-03/Bilan%20par%20d%C3%A9partement.zip | https://www.europe-bfc.eu/sites/bfceurope/files/2025-03/Fiches_th%C3%A9matiques_14_20.zip | https://www.europe-bfc.eu/les-projets-aides/sami-senseurs-autonomes-pour-monitoring-intelligent-0 | https://www.facebook.com/sharer.php?u=https://www.europe-bfc.eu/nos-aides/modernisation-et-adaptation-des-exploitations-delevage-au-dereglement-climatique-0&t=Modernisation%20et%20adaptation%20des%20exploitations%20d%27%C3%A9levage%20au%20d%C3%A9r%C3%A8glement%20climatique | https://twitter.com/share?url=https://www.europe-bfc.eu/nos-aides/modernisation-et-adaptation-des-exploitations-delevage-au-dereglement-climatique-0&text=Modernisation%20et%20adaptation%20des%20exploitations%20d%27%C3%A9levage%20au%20d%C3%A9r%C3%A8glement%20climatique&hashtags=BFC | https://www.linkedin.com/sharing/share-offsite/?url=https://www.europe-bfc.eu/nos-aides/modernisation-et-adaptation-des-exploitations-delevage-au-dereglement-climatique-0 | https://www.europe-bfc.eu/sites/bfceurope/files/2026-09/Documents%20ressources%20AAPEA%20MOD%202026.zip | https://www.europe-bfc.eu/sites/bfceurope/files/2026-09/Notices%20pour%20bien%20remplir%20votre%20demande%20AAPEA%20MOD%202026.zip | https://www.europe-bfc.eu/sites/bfceurope/files/2026-09/Pi%C3%A8ces%20%C3%A0%20joindre%20AAPEA%20MOD%202026.zip | https://www.europe-bfc.eu/sites/bfceurope/files/2026-09/R%C3%A9ferentiel%20co%C3%BBts%20raisonn%C3%A9s%20b%C3%A2timents%20avicoles%202021.pdf | https://www.europe-bfc.eu/sites/bfceurope/files/2026-09/R%C3%A9f%C3%A9rentiel%20co%C3%BBts%20raisonn%C3%A9s%20b%C3%A2timents%20porc%202021.pdf | https://www.europe-bfc.eu/sites/bfceurope/files/2026-09/r%C3%A9f%C3%A9rentiel%20couts%20raisonn%C3%A9s%20batiments%20ruminant%202021.pdf | https://www.europe-bfc.eu/sites/bfceurope/files/2026-09/Textes%20r%C3%A9glementaires%20AAPEA%20MOD%202026.zip | https://europe-bfc.eu/sites/bfceurope/files/2026-09/R%C3%A9glement%20complet%20Transition%20AAPEA%202026.zip | https://europe-bfc.eu/sites/bfceurope/files/2026-09/Tutoriel%20Saisir%20une%20aide%20Transition%20AAPEA%20VF.pdf | https://www.europe-bfc.eu/sites/bfceurope/files/2026-07/AGRESTE_Nomenclature_Otex.pdf | https://www.europe-bfc.eu/sites/bfceurope/files/2026-07/Annexe_4_liste_des%20communes_en_zone_de_d%C3%A9prise_de_population_et_d%27emploi.pdf | https://www.europe-bfc.eu/sites/bfceurope/files/2026-07/arr%C3%AAt%C3%A9%20AAP%20DJA%20PSN%202026_VF.pdf | https://www.europe-bfc.eu/sites/bfceurope/files/2026-09/Arr%C3%AAt%C3%A9%20modificatif%20DJA_AAP_2026.pdf | https://www.europe-bfc.eu/sites/bfceurope/files/2026-07/Arr%C3%AAt%C3%A9_r%C3%A9gime_de_sanctions_transversal_FEADER_BFC.pdf | https://www.europe-bfc.eu/sites/bfceurope/files/2026-07/Attestation_absence_de_SIRET.docx | https://www.europe-bfc.eu/sites/bfceurope/files/2026-09/mandat_gestion_FEADER_DJA_2026.docx | https://www.europe-bfc.eu/sites/bfceurope/files/2026-09/notice_demande_aide_aap2026modif.pdf | https://www.europe-bfc.eu/sites/bfceurope/files/2026-09/plan_entreprise_aap2026modif.docx | https://www.europe-bfc.eu/sites/bfceurope/files/2026-09/notice_remplissagePE_aap2026modif.pdf | https://www.europe-bfc.eu/sites/bfceurope/files/2026-07/Tutoriel_Saisir_une_demande_d%27aide_DJA.pdf | https://www.europe-bfc.eu/sites/bfceurope/files/2026-07/modification_projet_DJA_PSN.docx | https://www.europe-bfc.eu/sites/bfceurope/files/2026-09/PREINSTALL_moyens_prod_detenus.docx | https://www.europe-bfc.eu/sites/bfceurope/files/2026-07/notice_constat_installation_AAP2026.pdf | https://www.europe-bfc.eu/sites/bfceurope/files/2026-07/fiche_synthese_constat_installation_AAP2026.docx | https://www.europe-bfc.eu/sites/bfceurope/files/2026-07/Tutoriel%20DJA%20tiers%20%28demande%20de%20paiement%29%20%28002%29.pdf | https://www.europe-bfc.eu/sites/bfceurope/files/2026-09/attestation_realisation_conseil_MIP.docx | https://www.europe-bfc.eu/sites/bfceurope/files/2025-01/Tutoriel%20Saisir%20une%20aide%20Natura2000_Contrats_Natura2000.pdf | https://www.europe-bfc.eu/sites/bfceurope/files/2026-06/REGLEMENT%20COMPLET%20-contrat.zip | https://www.europe-bfc.eu/sites/bfceurope/files/2026-04/AAP_B%C3%A2t_exemplaires_2026_0.pdf | https://www.europe-bfc.eu/sites/bfceurope/files/2024-11/Euro_pac_Tutoriel-Saisir-une-aide-Natura2000_animation_DOCOB.pdf | https://www.europe-bfc.eu/sites/bfceurope/files/2026-03/REGLEMENT_COMPLET_animation_DOCOB.zip | https://www.facebook.com/sharer.php?u=https://www.europe-bfc.eu/nos-aides/modernisation-et-adaptation-des-exploitations-delevage-au-dereglement-climatique&t=Modernisation%20et%20adaptation%20des%20exploitations%20d%27%C3%A9levage%20au%20d%C3%A9r%C3%A8glement%20climatique | https://twitter.com/share?url=https://www.europe-bfc.eu/nos-aides/modernisation-et-adaptation-des-exploitations-delevage-au-dereglement-climatique&text=Modernisation%20et%20adaptation%20des%20exploitations%20d%27%C3%A9levage%20au%20d%C3%A9r%C3%A8glement%20climatique&hashtags=BFC | https://www.linkedin.com/sharing/share-offsite/?url=https://www.europe-bfc.eu/nos-aides/modernisation-et-adaptation-des-exploitations-delevage-au-dereglement-climatique | https://www.europe-bfc.eu/sites/bfceurope/files/2026-03/Documents%20ressources.zip | https://www.europe-bfc.eu/sites/bfceurope/files/2026-03/Notices%20pour%20bien%20remplir%20votre%20demande.zip | https://www.europe-bfc.eu/sites/bfceurope/files/2026-03/Pi%C3%A8ces%20%C3%A0%20joindre.zip | https://www.europe-bfc.eu/sites/bfceurope/files/2026-03/Textes%20r%C3%A9glementaires.zip | https://www.europe-bfc.eu/sites/bfceurope/files/2026-03/R%C3%A9ferentiel%20co%C3%BBts%20raisonn%C3%A9s%20b%C3%A2timents%20avicoles%202021.pdf | https://www.europe-bfc.eu/sites/bfceurope/files/2026-03/R%C3%A9f%C3%A9rentiel%20co%C3%BBts%20raisonn%C3%A9s%20b%C3%A2timents%20porc%202021.pdf | https://www.europe-bfc.eu/sites/bfceurope/files/2026-03/r%C3%A9f%C3%A9rentiel%20couts%20raisonn%C3%A9s%20batiments%20ruminant%202021_0.pdf | https://www.europe-bfc.eu/sites/bfceurope/files/2025-07/Calendrier%20pr%C3%A9visionnel%20AAP%20FEADER%20IAA-2025-2027.pdf | https://www.europe-bfc.eu/sites/bfceurope/files/2025-07/Annexe-1%20TFUE%20V2016.pdf | https://www.europe-bfc.eu/sites/bfceurope/files/2026-07/4.FA%20formations%20en%20amont%20de%20la%20qualification-V2-22-06-2026.pdf | https://www.europe-bfc.eu/sites/bfceurope/files/2026-07/Tableau_synthetique_depenses_presentees_paiement_PCE.xlsx | https://www.europe-bfc.eu/sites/bfceurope/files/2024-11/Fiche_action_tourisme_culture_urbain.pdf | https://www.europe-bfc.eu/sites/bfceurope/files/2026-06/arr%C3%AAt%C3%A9%2073.06%20modificatif%20Dessertes%20AAP%202026%20%281%29.pdf | https://www.europe-bfc.eu/sites/bfceurope/files/2026-06/REGLEMENT_COMPLET.zip | https://www.europe-bfc.eu/sites/bfceurope/files/2026-02/Tutoriel%20Saisir%20une%20demande%20d%27aide-Dessertes%20foresti%C3%A8res_2026.pdf | https://www.europe-bfc.eu/sites/bfceurope/files/2025-12/Tutoriel%20Saisir%20une%20demande%20de%20paiement.pdf | https://www.europe-bfc.eu/sites/bfceurope/files/2025-12/20251202%20_%20Formation%20Dessertes%20accompagnateurs%20%28demande%20de%20solde%29.pdf | https://www.europe-bfc.eu/sites/bfceurope/files/2025-12/Convention%20mandat%20de%20gestion%20FEADER%20new.docx | https://www.europe-bfc.eu/sites/bfceurope/files/2026-02/Feuille%20depenses%20b%C3%A9n%C3%A9ficiaire%20dessertes%20Paiement_0.xlsx | https://www.europe-bfc.eu/sites/bfceurope/files/2026-05/Demande%20de%20paiement%20-%2078.01%20PSN%20BFC.zip | https://www.europe-bfc.eu/sites/bfceurope/files/2026-06/FA-logements-sociaux_V20260601_10h00.pdf | https://www.europe-bfc.eu/sites/bfceurope/files/2026-06/Pieces_obligatoires_depot_demande_FEDER_OS1_reno_logmt_social.pdf | https://www.europe-bfc.eu/sites/bfceurope/files/2025-01/FA-Apprentissage-1.pdf | https://www.europe-bfc.eu/sites/bfceurope/files/2025-11/FA%20orientation_1.pdf | https://www.europe-bfc.eu/sites/bfceurope/files/2025-03/FA%20renouvellement%20urbain_0.pdf | https://www.europe-bfc.eu/sites/bfceurope/files/2025-03/FA%20ville%20intelligente_0.pdf | https://www.europe-bfc.eu/sites/bfceurope/files/2025-02/FA%20e-tourisme-e-culture.pdf | https://www.europe-bfc.eu/sites/bfceurope/files/2025-02/Lettre-Intention-Leader.docx | https://www.europe-bfc.eu/sites/bfceurope/files/2024-11/Fiche_action_animation_ENR.pdf | https://www.facebook.com/sharer.php?u=https://www.europe-bfc.eu/nos-aides/fonds-asile-migrations-et-integration-fami&t=Fonds%20Asile,%20Migrations%20et%20Int%C3%A9gration%20-%20FAMI | https://twitter.com/share?url=https://www.europe-bfc.eu/nos-aides/fonds-asile-migrations-et-integration-fami&text=Fonds%20Asile,%20Migrations%20et%20Int%C3%A9gration%20-%20FAMI&hashtags=BFC | https://www.linkedin.com/sharing/share-offsite/?url=https://www.europe-bfc.eu/nos-aides/fonds-asile-migrations-et-integration-fami | https://www.immigration.interieur.gouv.fr/Info-ressources/Fonds-europeens/Les-fonds-europeens-programmation-2014-2020/Le-Fonds-Asile-Migration-Integration-FAMI-et-le-Fonds-Securite-Interieure-FSI | https://www.europe-bfc.eu/sites/bfceurope/files/2024-12/FA%20egouvernement.pdf | https://www.europe-bfc.eu/sites/bfceurope/files/2024-11/Fiche_action_infrastructures_vertes.pdf | https://www.europe-bfc.eu/sites/bfceurope/files/2024-11/Fiche_action_mobilite_rural.pdf | https://www.europe-bfc.eu/sites/bfceurope/files/2024-11/Fiche_action_mobilit%C3%A9_urbain.pdf | https://www.europe-bfc.eu/sites/bfceurope/files/2024-11/Fiche_action_eeducation.pdf | https://www.europe-bfc.eu/sites/bfceurope/files/2024-11/Fiche_action_ecare.pdf | https://www.europe-bfc.eu/sites/bfceurope/files/2024-11/Fiche_action_methanisation.pdf","VERIFIE","94","100"
"hdf_aHR0cHM6Ly9ndWlkZS1haWRlcy5o","Document officiel","AIDE","REGIONAL","Hauts-de-France","Région Hauts-de-France | Hauts-de-France Innovation Développement | Europe en Hauts-de-France","SUBVENTION | PRET_TAUX_ZERO | AVANCE_REMBOURSABLE","STARTUP | PME | GE | ETI","800","2200","1000","5000","","","2022-09-03","non","https://delibinternet.hautsdefrance.fr/Docs/CommissionPermanente/2025/12/11/DELIBERATION/2025.01479_deliberation.PDF","https://guide-aides.hautsdefrance.fr/dispositif820 | https://guide-aides.hautsdefrance.fr/dispositif901 | https://guide-aides.hautsdefrance.fr/dispositif1029 | http://www.ac-amiens.fr/ | https://www.crous-amiens.fr/ | https://guide-aides.hautsdefrance.fr/spip.php?page=fichier_dispositif&fichier_dispositif=2689 | https://guide-aides.hautsdefrance.fr/spip.php?page=fichier_dispositif&fichier_dispositif=2443 | https://guide-aides.hautsdefrance.fr/spip.php?page=fichier_dispositif&fichier_dispositif=2457 | https://guide-aides.hautsdefrance.fr/spip.php?page=fichier_dispositif&fichier_dispositif=2462 | http://www.generation.hautsdefrance.fr/categorie/faq/ | https://mce_host/opengrc/modules/documentation/dispositif/Universit%C3%A9%20de%20Lille,%20avec%20contrat-etudiant-region@univ-lille.fr%20l'Institut%20des%20Etudes%20Politiques%20de%20Lille%20(IEP),%20contrat-etudiant-region@sciencespo-lille.eu%20l'Ecole%20Nationale%20d'Architecture%20et%20des%20Paysages%20de%20Lille%20(ENSAPL),contrat-etudiant-region@lille.archi.fr%20l'Ecole%20Nationale%20des%20Arts%20et%20Industries%20Textiles%20(ENSAIT),%20contrat-etudiant-region@ensait.fr%20%20et%20l'Ecole%20Sup%C3%A9rieure%20de%20Journalisme%20de%20Lille%20(ESJ%20Lille)%20contrat-etudiant-region@esj-lille.fr%20Universit%C3%A9%20d'Artois,%20contrat-etudiant-region@univ-artois.fr%20Universit%C3%A9%20du%20Littoral%20C%C3%B4te%20d'Opale%20(ULCO),%20avec%20l'Ecole%20d'Ing%C3%A9nieur%20du%20Littoral%20C%C3%B4te%20d'Opale%20(EILCO),%20contrat-etudiant-region@univ-littoral.fr%20Universit%C3%A9%20Polytechnique%20Hauts-de-France%20(UPHF),%20avec%20contrat-etudiant-region@uphf.fr%20l'Institut%20National%20des%20Sciences%20Appliqu%C3%A9es%20des%20Hauts%20de%20France%20(INSA%20HdF),contrat-etudiant-region@insa-hdf.fr%20Universit%C3%A9%20de%20Picardie%20Jules%20Verne%20(UPJV),%20contrat-etudiant-region@u-picardie.fr%20Universit%C3%A9%20de%20Technologie%20de%20Compi%C3%A8gne%20(UTC),%20contrat-etudiant-region@utc.fr%20Le%20CROUS%20de%20Lille,%20contrat-etudiant-region@crous-lille.fr%20Le%20CROUS%20d'Amiens,%20contrat-etudiant-region@crous-amiens.fr%20F%C3%A9d%C3%A9ration%20Universitaire%20et%20Pluridisciplinaire%20de%20Lille%20(FUPL),%20avec%20l'Institut%20Catholique%20de%20Lille%20(ICL),%20contrat-etudiant-region@univ-catholille.fr%20l'Institut%20des%20Strat%C3%A9gies%20et%20des%20Techniques%20de%20Communication%20(ISTC),%20contrat-etudiant-region@istc.fr%20l'Institut%20Catholique%20des%20Arts%20et%20M%C3%A9tiers%20(ICAM),%20contrat-etudiant-region@icam.fr%20%20et%20Junia,%20contrat-etudiant-region@junia.com%20L'Ecole%20Nationale%20Sup%C3%A9rieure%20d'Arts%20et%20M%C3%A9tiers%20(ENSAM),%20contrat-etudiant-region@ensam.eu%20L'Institut%20Mines%20Telecom%20Nord-Europe%20(IMT%20NE),%20contrat-etudiant-region@imt-nord-europe.fr%20UNILASALLE%20Beauvais,%20contrat-etudiant-campus-beauvais@unilasalle.fr | https://mce_host/opengrc/modules/documentation/dispositif/contrat-etudiant-region@crous-amiens.fr | https://guide-aides.hautsdefrance.fr/spip.php?page=fichier_dispositif&fichier_dispositif=3035 | https://guide-aides.hautsdefrance.fr/spip.php?page=fichier_dispositif&fichier_dispositif=3028 | https://guide-aides.hautsdefrance.fr/spip.php?page=fichier_dispositif&fichier_dispositif=2981 | https://guide-aides.hautsdefrance.fr/spip.php?page=fichier_dispositif&fichier_dispositif=2545 | https://guide-aides.hautsdefrance.fr/spip.php?page=fichier_dispositif&fichier_dispositif=3086 | https://guide-aides.hautsdefrance.fr/spip.php?page=fichier_dispositif&fichier_dispositif=2728 | http://www.ac-amiens.fr/768-delegation-academique-aux-relationseurop%C3%A9ennes | https://guide-aides.hautsdefrance.fr/spip.php?page=fichier_dispositif&fichier_dispositif=2893 | https://guide-aides.hautsdefrance.fr/spip.php?page=fichier_dispositif&fichier_dispositif=2950 | https://www.collectivites-locales.gouv.fr/finances-locales/annexe-1-nomenclature-des-meubles-consideres-comme-valeurs-immobilisees | https://guide-aides.hautsdefrance.fr/spip.php?page=fichier_dispositif&fichier_dispositif=1914 | https://guide-aides.hautsdefrance.fr/spip.php?page=fichier_dispositif&fichier_dispositif=3052 | https://guide-aides.hautsdefrance.fr/spip.php?page=fichier_dispositif&fichier_dispositif=3053 | https://guide-aides.hautsdefrance.fr/spip.php?page=fichier_dispositif&fichier_dispositif=3054 | https://guide-aides.hautsdefrance.fr/spip.php?page=fichier_dispositif&fichier_dispositif=3056 | https://guide-aides.hautsdefrance.fr/spip.php?page=fichier_dispositif&fichier_dispositif=3044 | https://guide-aides.hautsdefrance.fr/spip.php?page=fichier_dispositif&fichier_dispositif=2903 | https://guide-aides.hautsdefrance.fr/spip.php?page=fichier_dispositif&fichier_dispositif=2904 | https://guide-aides.hautsdefrance.fr/spip.php?page=fichier_dispositif&fichier_dispositif=2792 | https://guide-aides.hautsdefrance.fr/spip.php?page=fichier_dispositif&fichier_dispositif=2794 | https://guide-aides.hautsdefrance.fr/spip.php?page=fichier_dispositif&fichier_dispositif=2550 | https://guide-aides.hautsdefrance.fr/spip.php?page=fichier_dispositif&fichier_dispositif=2551 | https://aspqol.sphinxonline.net/surveyserver/s/CRCAmiens/PASS2024/saisieetudiant.htm | https://www.pass-renovation.hautsdefrance.fr/formulaire-coproprietes/ | https://guide-aides.hautsdefrance.fr/spip.php?page=fichier_dispositif&fichier_dispositif=2935 | https://guide-aides.hautsdefrance.fr/spip.php?page=fichier_dispositif&fichier_dispositif=2937 | https://guide-aides.hautsdefrance.fr/spip.php?page=fichier_dispositif&fichier_dispositif=2938 | https://guide-aides.hautsdefrance.fr/spip.php?page=fichier_dispositif&fichier_dispositif=2829 | https://guide-aides.hautsdefrance.fr/spip.php?page=fichier_dispositif&fichier_dispositif=2650 | https://guide-aides.hautsdefrance.fr/spip.php?page=fichier_dispositif&fichier_dispositif=2651 | https://guide-aides.hautsdefrance.fr/spip.php?page=fichier_dispositif&fichier_dispositif=2652 | https://guide-aides.hautsdefrance.fr/spip.php?page=fichier_dispositif&fichier_dispositif=2656 | https://guide-aides.hautsdefrance.fr/spip.php?page=fichier_dispositif&fichier_dispositif=2586 | https://guide-aides.hautsdefrance.fr/spip.php?page=fichier_dispositif&fichier_dispositif=2940 | https://guide-aides.hautsdefrance.fr/spip.php?page=fichier_dispositif&fichier_dispositif=2591 | https://guide-aides.hautsdefrance.fr/spip.php?page=fichier_dispositif&fichier_dispositif=2592 | https://guide-aides.hautsdefrance.fr/spip.php?page=fichier_dispositif&fichier_dispositif=2579 | https://guide-aides.hautsdefrance.fr/spip.php?page=fichier_dispositif&fichier_dispositif=2947 | https://mce_host/opengrc/modules/documentation/dispositif/aapindustriedufutur@hautsdefrance.fr | mailto:aapindustriedufutur@hautsdefrance.fr | https://guide-aides.hautsdefrance.fr/spip.php?page=fichier_dispositif&fichier_dispositif=3010 | https://guide-aides.hautsdefrance.fr/spip.php?page=fichier_dispositif&fichier_dispositif=3011 | https://guide-aides.hautsdefrance.fr/spip.php?page=fichier_dispositif&fichier_dispositif=3012 | https://guide-aides.hautsdefrance.fr/spip.php?page=fichier_dispositif&fichier_dispositif=3027 | https://aides.hautsdefrance.fr/guides/PAS/COST/COST_FicheSimplifiee.pdf | https://guide-aides.hautsdefrance.fr/spip.php?page=fichier_dispositif&fichier_dispositif=2965 | https://guide-aides.hautsdefrance.fr/spip.php?page=fichier_dispositif&fichier_dispositif=2986 | https://guide-aides.hautsdefrance.fr/spip.php?page=fichier_dispositif&fichier_dispositif=3025 | https://guide-aides.hautsdefrance.fr/spip.php?page=fichier_dispositif&fichier_dispositif=2267 | https://guide-aides.hautsdefrance.fr/spip.php?page=fichier_dispositif&fichier_dispositif=2696 | https://guide-aides.hautsdefrance.fr/spip.php?page=fichier_dispositif&fichier_dispositif=2987 | https://guide-aides.hautsdefrance.fr/spip.php?page=fichier_dispositif&fichier_dispositif=2988 | https://guide-aides.hautsdefrance.fr/spip.php?page=fichier_dispositif&fichier_dispositif=2958 | https://delibinternet.hautsdefrance.fr/Docs/CommissionPermanente/2025/12/11/DELIBERATION/2025.01479_deliberation.PDF | https://guide-aides.hautsdefrance.fr/spip.php?page=fichier_dispositif&fichier_dispositif=2730 | https://guide-aides.hautsdefrance.fr/spip.php?page=fichier_dispositif&fichier_dispositif=3080 | https://guide-aides.hautsdefrance.fr/spip.php?page=fichier_dispositif&fichier_dispositif=3081 | https://guide-aides.hautsdefrance.fr/spip.php?page=fichier_dispositif&fichier_dispositif=2855 | https://guide-aides.hautsdefrance.fr/spip.php?page=fichier_dispositif&fichier_dispositif=2856 | https://guide-aides.hautsdefrance.fr/spip.php?page=fichier_dispositif&fichier_dispositif=2857 | https://guide-aides.hautsdefrance.fr/spip.php?page=fichier_dispositif&fichier_dispositif=2577 | mailto:axe2aapfondsdesoutien@hautsdefrance.fr | https://guide-aides.hautsdefrance.fr/spip.php?page=fichier_dispositif&fichier_dispositif=3031 | https://guide-aides.hautsdefrance.fr/spip.php?page=fichier_dispositif&fichier_dispositif=3032 | https://formulaires.pasdecalais.fr/urgence-inondations-habitants-sinistres-pas-de-calais-prise-en-charge-franchise | https://guide-aides.hautsdefrance.fr/spip.php?page=fichier_dispositif&fichier_dispositif=2908 | https://guide-aides.hautsdefrance.fr/spip.php?page=fichier_dispositif&fichier_dispositif=2906 | https://guide-aides.hautsdefrance.fr/spip.php?page=fichier_dispositif&fichier_dispositif=3085 | https://guide-aides.hautsdefrance.fr/spip.php?page=fichier_dispositif&fichier_dispositif=2820 | https://guide-aides.hautsdefrance.fr/spip.php?page=fichier_dispositif&fichier_dispositif=3004 | https://guide-aides.hautsdefrance.fr/spip.php?page=fichier_dispositif&fichier_dispositif=3006 | https://guide-aides.hautsdefrance.fr/spip.php?page=fichier_dispositif&fichier_dispositif=2699 | https://guide-aides.hautsdefrance.fr/spip.php?page=fichier_dispositif&fichier_dispositif=2843 | https://guide-aides.hautsdefrance.fr/spip.php?page=fichier_dispositif&fichier_dispositif=2859 | https://guide-aides.hautsdefrance.fr/spip.php?page=fichier_dispositif&fichier_dispositif=3068 | https://guide-aides.hautsdefrance.fr/spip.php?page=fichier_dispositif&fichier_dispositif=3072 | https://guide-aides.hautsdefrance.fr/spip.php?page=fichier_dispositif&fichier_dispositif=3074 | https://guide-aides.hautsdefrance.fr/spip.php?page=fichier_dispositif&fichier_dispositif=2879 | https://guide-aides.hautsdefrance.fr/spip.php?page=fichier_dispositif&fichier_dispositif=2919 | https://guide-aides.hautsdefrance.fr/spip.php?page=fichier_dispositif&fichier_dispositif=2746 | https://guide-aides.hautsdefrance.fr/spip.php?page=fichier_dispositif&fichier_dispositif=2747 | https://guide-aides.hautsdefrance.fr/spip.php?page=fichier_dispositif&fichier_dispositif=2750 | https://guide-aides.hautsdefrance.fr/spip.php?page=fichier_dispositif&fichier_dispositif=2983 | https://guide-aides.hautsdefrance.fr/spip.php?page=fichier_dispositif&fichier_dispositif=2989 | https://guide-aides.hautsdefrance.fr/spip.php?page=fichier_dispositif&fichier_dispositif=2990 | https://guide-aides.hautsdefrance.fr/spip.php?page=fichier_dispositif&fichier_dispositif=2991 | https://guide-aides.hautsdefrance.fr/spip.php?page=fichier_dispositif&fichier_dispositif=2994 | https://guide-aides.hautsdefrance.fr/spip.php?page=fichier_dispositif&fichier_dispositif=2995 | https://guide-aides.hautsdefrance.fr/spip.php?page=fichier_dispositif&fichier_dispositif=2996 | https://guide-aides.hautsdefrance.fr/spip.php?page=fichier_dispositif&fichier_dispositif=2998 | https://guide-aides.hautsdefrance.fr/spip.php?page=fichier_dispositif&fichier_dispositif=2999 | https://guide-aides.hautsdefrance.fr/spip.php?page=fichier_dispositif&fichier_dispositif=3000 | https://guide-aides.hautsdefrance.fr/spip.php?page=fichier_dispositif&fichier_dispositif=3001 | https://guide-aides.hautsdefrance.fr/spip.php?page=fichier_dispositif&fichier_dispositif=3014 | https://www.hautsdefrance.fr/accessibilite/ | https://formulaire.defenseurdesdroits.fr/ | https://www.bioeconomie-hautsdefrance.fr/lancement-de-nouveaux-appels-a-manifestation-dinteret-ami-bioeconomie-en-hauts-de-france/ | https://www.europe-en-france.gouv.fr/sites/default/files/sa.111723_regime_exempte_rdi.pdf | mailto:aapindustriedufutur@hautsdefrance.fr | https://www.hautsdefrance-id.fr/wp-content/uploads/2026/06/Reglement-AAP-IDF-2026.pdf | https://www.hautsdefrance-id.fr/wp-content/uploads/2023/02/AAP-Industrie-du-Futur-2026-pre-dossier-de-candidature.docx | https://www.hautsdefrance-id.fr/wp-content/uploads/2023/02/Annexe-financiere-Entreprises-et-centres-techniques.xlsx | https://www.hautsdefrance-id.fr/wp-content/uploads/2026/06/Annexe-financiere-Laboratoires1.xlsx | https://inno-avenir.hautsdefrance.fr/storage/sites/5/2023/01/AAP_Innovation_HDF_France_2030.pdf | https://inno-avenir.hautsdefrance.fr/Projets-d-Innovation/ | https://www.bpifrance.fr/faq-pour-les-porteurs-de-projets-france-2030 | https://www.hautsdefrance-id.fr/wp-content/uploads/2026/07/Pass-Innovation-Pieces-dossier-finalise.pdf | mailto:amiregion@eurasante.com | https://www.hautsdefrance-id.fr/wp-content/uploads/2026/05/Formulaire-de-Candidature_entreprises_innovation_biotech-et-medtech.pdf | https://www.hautsdefrance-id.fr/wp-content/uploads/2026/05/Formulaire-de-Candidature_laboratoires_innovation-Biotech-Medtech.pdf | https://www.hautsdefrance-id.fr/wp-content/uploads/2026/05/Note_cadrage_AMI_innovation-biotech-et-medtech.pdf | https://rev3.hautsdefrance.fr/ | https://www.hautsdefrance-id.fr/wp-content/uploads/2026/01/AMI-cycle-vie-batteries-document-reponse.docx | https://www.hautsdefrance-id.fr/wp-content/uploads/2026/01/ami_cycle_vie_batteries_note_de_cadrage.pdf | mailto:ami-IASante@hautsdefrance.fr | https://www.hautsdefrance-id.fr/wp-content/uploads/2026/05/Formulaire-de-Candidature_IA-en-Sante.docx | https://www.hautsdefrance-id.fr/wp-content/uploads/2026/05/Note_cadrage_AMI_IASante.docx | https://www.hautsdefrance-id.fr/wp-content/uploads/2026/05/Note_cadrage_AMI_ECORESPONSABILITE.pdf | https://www.hautsdefrance-id.fr/wp-content/uploads/2026/05/Formulaire-de-Candidature_laboratoires_structurer-une-filiere-ecoresponsable-.pdf | https://www.hautsdefrance-id.fr/wp-content/uploads/2026/05/Formulaire-de-Candidature_entreprises_structurer-une-filiere-ecoresponsable-.pdf | https://www.crossroads-frwvl.eu/fr/_files/ugd/393373_dc02a739de3b4aeb8c0cec598dc2b31c.pdf | https://www.touteleurope.eu/fonctionnement-de-l-ue/budget-a-long-terme-de-l-ue-qu-est-ce-que-le-cadre-financier-pluriannuel-cfp/ | https://europe-en-hautsdefrance.eu/fileadmin/DOCUMENTS/TABLEAU_AAP_PR_AU16022026.xlsx | https://europe-en-hautsdefrance.eu/fileadmin/DOCUMENTS/TABLEAU_AAP_FEAMPA_AU07112024.xlsx | https://europe-en-hautsdefrance.eu/appels-a-projets?tx_aap_aap%5Bcontroller%5D=AAP&tx_aap_aap%5BcurrentPage%5D=1&cHash=7ed4807acb447f4b489340f9e282f8b2 | https://europe-en-hautsdefrance.eu/appels-a-projets?tx_aap_aap%5Bcontroller%5D=AAP&tx_aap_aap%5BcurrentPage%5D=2&cHash=d3bed2d41232717e0ba7ffb38b63e78e | https://europe-en-hautsdefrance.eu/appels-a-projets?tx_aap_aap%5Bcontroller%5D=AAP&tx_aap_aap%5BcurrentPage%5D=3&cHash=8b8610ec3c0032698948fd40ca4681a1 | https://europe-en-hautsdefrance.eu/appels-a-projets?tx_aap_aap%5Bcontroller%5D=AAP&tx_aap_aap%5BcurrentPage%5D=4&cHash=4204da1ced474a95dfb6360d05caa896 | https://europe-en-hautsdefrance.eu/appels-a-projets?tx_aap_aap%5Bcontroller%5D=AAP&tx_aap_aap%5BcurrentPage%5D=5&cHash=426a507f57b9fc2ec9f8144e4735b9a5 | https://europe-en-hautsdefrance.eu/appels-a-projets?tx_aap_aap%5Bcontroller%5D=AAP&tx_aap_aap%5BcurrentPage%5D=6&cHash=a14a897456f830756336ecc85ad6d07e | https://europe-en-hautsdefrance.eu/appels-a-projets?tx_aap_aap%5Bcontroller%5D=AAP&tx_aap_aap%5BcurrentPage%5D=7&cHash=418d10d0f93642015464fca4cd60975f | https://europe-en-hautsdefrance.eu/appels-a-projets?tx_aap_aap%5Bcontroller%5D=AAP&tx_aap_aap%5BcurrentPage%5D=8&cHash=b3453a68ee2b840fe3e1de39cbea548d | https://europe-en-hautsdefrance.eu/appels-a-projets?tx_aap_aap%5Bcontroller%5D=AAP&tx_aap_aap%5BcurrentPage%5D=9&cHash=b61f87b8ad3295b9d0e38cb615c75758 | https://europe-en-hautsdefrance.eu/appels-a-projets?tx_aap_aap%5Bcontroller%5D=AAP&tx_aap_aap%5BcurrentPage%5D=10&cHash=36bf5236ec27b088a32b5decaa5ed78c | https://europe-en-hautsdefrance.eu/appels-a-projets?tx_aap_aap%5Bcontroller%5D=AAP&tx_aap_aap%5BcurrentPage%5D=11&cHash=3054e8107307eae77b45057cd7dad941 | https://europe-en-hautsdefrance.eu/appels-a-projets?tx_aap_aap%5Bcontroller%5D=AAP&tx_aap_aap%5BcurrentPage%5D=12&cHash=424ce7e1b7e9aead3c38501451119e5e | https://europe-en-hautsdefrance.eu/appels-a-projets?tx_aap_aap%5Bcontroller%5D=AAP&tx_aap_aap%5BcurrentPage%5D=13&cHash=cc010dcff75250c5b2f39d1e26422b5b | https://europe-en-hautsdefrance.eu/appels-a-projets?tx_aap_aap%5Bcontroller%5D=AAP&tx_aap_aap%5BcurrentPage%5D=14&cHash=d7ed95c242f8c54d8e10527648a3f864 | https://europe-en-hautsdefrance.eu/appels-a-projets?tx_aap_aap%5Bcontroller%5D=AAP&tx_aap_aap%5BcurrentPage%5D=15&cHash=12f2cd4f391fbf4f3a378e3bd27f17d0 | https://europe-en-hautsdefrance.eu/appels-a-projets?tx_aap_aap%5Bcontroller%5D=AAP&tx_aap_aap%5BcurrentPage%5D=16&cHash=259e0537985af851878952ea6f8b2cf5 | https://europe-en-hautsdefrance.eu/appels-a-projets?tx_aap_aap%5Bcontroller%5D=AAP&tx_aap_aap%5BcurrentPage%5D=17&cHash=8a68192e54db6f1ff85843d22c0d0678 | https://europe-en-hautsdefrance.eu/appels-a-projets?tx_aap_aap%5Bcontroller%5D=AAP&tx_aap_aap%5BcurrentPage%5D=18&cHash=00b6d70a725f5e1a1aafb99cc1404f1a | https://europe-en-hautsdefrance.eu/appels-a-projets?tx_aap_aap%5Bcontroller%5D=AAP&tx_aap_aap%5BcurrentPage%5D=19&cHash=16224b31dfb19e0035557306e8c8c9ee | https://europe-en-hautsdefrance.eu/appels-a-projets?tx_aap_aap%5Bcontroller%5D=AAP&tx_aap_aap%5BcurrentPage%5D=20&cHash=ce79f8b45ee3046617ef73f27f1c667f | https://europe-en-hautsdefrance.eu/fse | https://europe-en-hautsdefrance.eu/feder-appel-a-projets-espaces-delaisses | https://europe-en-hautsdefrance.eu/feder-os-26-action-1-accompagner-et-consolider-les-dynamiques-de-projets-et-dacteurs-visant-a-favoriser-la-production-et-lusage-de-ressources-dans-une-logique-deconomie-circulaire | https://europe-en-hautsdefrance.eu/fse#c748 | https://europe-en-hautsdefrance.eu/fileadmin/DOCUMENTS_AAP/DOCUMENTS_AAP_FSE/FSE_AAP_INNOVATION_PEDAGOGIQUE_CC_V2.pdf | https://europe-en-hautsdefrance.eu/fileadmin/DOCUMENTS/GUIDE_ESYNERGIE_UTILISATEUR_V3.pdf | https://europe-en-hautsdefrance.eu/fileadmin/DOCUMENTS/PROGRAMME_HDF_FEDER_FSE_FTJ.pdf | https://europe-en-hautsdefrance.eu/fileadmin/DOCUMENTS/20240516_DOMO_V8.pdf | https://europe-en-hautsdefrance.eu/fileadmin/DOCUMENTS_AAP/DOCUMENTS_AAP_FSE/FSE_AAP_SOUTENIR_EVENEMENTIELS_CC_V2.pdf | https://europe-en-hautsdefrance.eu/fileadmin/DOCUMENTS_AAP/DOCUMENTS_AAP_FSE/FSE_AAP_SOUTENIR_EVENEMENTIELS_PRESENTATION.pptx | https://europe-en-hautsdefrance.eu/documents_europe/DOMO_REGION_HAUTS-DE-FRANCE_V4.pdf | https://europe-en-hautsdefrance.eu/fileadmin/DOCUMENTS_AAP/DOCUMENTS_AAP_FSE/FSE_AAP_PARCOURS_CC.pdf | https://europe-en-hautsdefrance.eu/feader-appel-a-projets-2023-agroenvironnement#c1305 | https://europe-en-hautsdefrance.eu/fileadmin/DOCUMENTS/FEADER_AAP2023_PREAD_VEGETAL_CC_V2.pdf | https://europe-en-hautsdefrance.eu/fileadmin/DOCUMENTS/EUROPAC_TUTO1.pdf | https://europe-en-hautsdefrance.eu/fileadmin/DOCUMENTS_AAP/DOCUMENTS_AAP_FEADER/FEADER_AAP2023_PREAD_AGROENVI_CC_V3.pdf | https://europe-en-hautsdefrance.eu/fileadmin/DOCUMENTS_AAP/DOCUMENTS_AAP_FEADER/FEADER_AAP2023_PREAD_AGROENVI_ANNEXE6_V2.XLSX | https://europe-en-hautsdefrance.eu/fileadmin/DOCUMENTS_AAP/DOCUMENTS_AAP_FEADER/FEADER_AAP2023_PREAD_Zonages_AEAP.xlsx | https://europe-en-hautsdefrance.eu/fileadmin/DOCUMENTS_AAP/DOCUMENTS_AAP_FEADER/FEADER_AAP2023_PREAD_AGROENVI_PJ.pdf | https://europe-en-hautsdefrance.eu/feder-os-27-action-2-recyclage-foncier-des-sols-contamines-au-benefice-doperations-de-rehabilitation-a-forte-ambition-en-matiere-de-transition-ecologique | https://europe-en-hautsdefrance.eu/fileadmin/DOCUMENTS/FEDER_FTJ_RECHERCHE_FAQ.pdf | https://europe-en-hautsdefrance.eu/feder-os-28-action-2-augmenter-lusage-des-transports-durables-voyageurs-et-marchandises-dans-une-strategie-dintermodalite-et-de-reduction-des-pollutions | https://europe-en-hautsdefrance.eu/fileadmin/DOCUMENTS/LIFE_PRESENTATION_300726.pdf | https://europe-en-hautsdefrance.eu/feampa-aap-innovation-decarbonation-de-la-filiere-vers-une-utilisation-durable-de-lenergie-pour-les-engins-de-peche-les-fermes-aquacoles-et-les-entreprises-de-transformation-des-produits-de-la-mer | https://europe-en-hautsdefrance.eu/feampa-aap-innovation-valorisation-des-coproduits-des-produits-de-la-mer-et-des-especes-invasives-animales-et-vegetales-marines | https://europe-en-hautsdefrance.eu/fileadmin/DOCUMENTS/PSN_FRANCE.pdf | https://europe-en-hautsdefrance.eu/fileadmin/DOCUMENTS_LEADER/202410_Carte_GAL-select.pdf | https://europe-en-hautsdefrance.eu/fileadmin/DOCUMENTS/FEAMPA_PLAQUETTE_NATIONALE_AG.pdf | https://europe-en-hautsdefrance.eu/fileadmin/DOCUMENTS/FEAMPA_2021-2027_FAQ.pdf | https://europe-en-hautsdefrance.eu/feder-ami-soutien-aux-experimentations-dinteret-public-en-ia-dans-les-territoires | https://europe-en-hautsdefrance.eu/feampa-aap-maec-protection-des-races-menacees | https://northsearegion.eu/media/19492/eoi.pdf | https://northsearegion.eu/media/19493/fa.pdf | https://northsearegion.eu/media/19494/ssp.pdf | https://europe-en-hautsdefrance.eu/horizon-europe-aap-projets-collaboratifs-europeens-pour-linnovation-dans-leconomie-circulaire | https://europe-en-hautsdefrance.eu/feder-ami-2026-soutien-aux-experimentations-dinteret-public-en-ia-dans-les-territoires | https://europe-en-hautsdefrance.eu/feder-os-21-appel-a-projets-feder-ftj-2025-pour-la-rehabilitation-energetique-du-parc-de-logements-locatifs-sociaux-par-public-conventionne-apl-sous-maitrise-douvrage-hlm | https://europe-en-hautsdefrance.eu/feader-aap-pread-2026-elevage | https://europe-en-hautsdefrance.eu/feader-aap-2026-mesure-agro-environnementale-et-climatique-protection-des-races-menacees-prm | https://europe-en-hautsdefrance.eu/feader-aap-2026-mesure-agroenvironnementale-et-climatique-amelioration-du-potentiel-pollinisateur-des-abeilles | https://europe-en-hautsdefrance.eu/feader-aap-pread-2025-methanisation | https://europe-en-hautsdefrance.eu/feader-aap-pread-2025-agroenvironnnement | https://europe-en-hautsdefrance.eu/feader-aap-pread-2025-vegetal | https://europe-en-hautsdefrance.eu/feader-aap-pread-2025-transformation | https://europe-en-hautsdefrance.eu/feader-aap-pread-2025-ruminants | https://europe-en-hautsdefrance.eu/feader-aap-pread-2025-elevage | https://europe-en-hautsdefrance.eu/feader-aap-pread-2025-aide-aux-activites-daccueil-a-la-ferme | https://europe-en-hautsdefrance.eu/feampa-1114n-aap-national-2025-peche | https://europe-en-hautsdefrance.eu/feampa-162n-aap-national-2025-ecosystemes | https://europe-en-hautsdefrance.eu/feampa-213n-aap-national-2025-aquaculture | https://europe-en-hautsdefrance.eu/feampa-222n-aap-national-2025-commercialisation | https://europe-en-hautsdefrance.eu/fileadmin/DOCUMENTS/NATURA2327_AAP_CONTRAT_2_CC.pdf | https://europe-en-hautsdefrance.eu/fileadmin/DOCUMENTS/NATURA2327_AAP_CONTRAT_FICHE.xlsx | https://europe-en-hautsdefrance.eu/fileadmin/DOCUMENTS/NATURA2327_AAP_CONTRAT_FORMULAIRE_V4.docx | https://europe-en-hautsdefrance.eu/fileadmin/DOCUMENTS/NATURA2327_ANNEXE_MP1_MARCHES_FICHE_SUIVI.xlsx | https://europe-en-hautsdefrance.eu/fileadmin/DOCUMENTS/GRILLE_DEFINITION_PROJET.docx | https://europe-en-hautsdefrance.eu/fileadmin/DOCUMENTS/LETTRE_INTENTION_DDE_AIDE.docx | https://europe-en-hautsdefrance.eu/fileadmin/DOCUMENTS/PR_LISTE_PIECES_A_FOURNIR_V3.docx | https://europe-en-hautsdefrance.eu/fileadmin/DOCUMENTS/LETTRE_INTENTION_DDE_AIDE02.docx | https://europe-en-hautsdefrance.eu/fileadmin/DOCUMENTS/LETTRES_MISSION.docx | https://europe-en-hautsdefrance.eu/fileadmin/DOCUMENTS/ATTESTATION_NON_RECUPERABILITE_TVA.docx | https://europe-en-hautsdefrance.eu/fileadmin/DOCUMENTS/FICHE_DE_POSTE_V3.docx | https://europe-en-hautsdefrance.eu/fileadmin/DOCUMENTS/FEUILLE_DE_TEMPS_PR_MODELE_V3.xlsx | https://europe-en-hautsdefrance.eu/fileadmin/DOCUMENTS/DECLARATION_STATUT_ENTREPRISE_V3.docx | https://europe-en-hautsdefrance.eu/fileadmin/DOCUMENTS/ATTESTATION_AIDE_DE_MINIMIS_ENTREPRISES.docx | https://europe-en-hautsdefrance.eu/fileadmin/DOCUMENTS/ATTESTATION_AIDE_DE_MINIMIS_FINANCEURS.docx | https://europe-en-hautsdefrance.eu/fileadmin/DOCUMENTS/LETTRE_INTENTION_COFINANCEMENT.docx | https://europe-en-hautsdefrance.eu/fileadmin/DOCUMENTS/NOTICE_CONFLITS_INTERETS.docx | https://europe-en-hautsdefrance.eu/fileadmin/DOCUMENTS/ATTESTATION_CONFLITS_INTERETS.doc | https://europe-en-hautsdefrance.eu/fileadmin/DOCUMENTS/PR_GUIDE_PAIEMENT.pdf | https://europe-en-hautsdefrance.eu/fileadmin/DOCUMENTS/ERDA_MODELE.xlsx | https://europe-en-hautsdefrance.eu/fileadmin/DOCUMENTS/20240717_PTTJ_v6.pdf | https://europe-en-hautsdefrance.eu/fileadmin/DOCUMENTS/23.09_FTJ_Recherche.pdf | https://europe-en-hautsdefrance.eu/fileadmin/DOCUMENTS/DAME_ELIGIBILITE.pdf | https://europe-en-hautsdefrance.eu/fileadmin/DOCUMENTS/PROGRAMME_HDF_FEDER_FSE_FTJ_V9.pdf | https://europe-en-hautsdefrance.eu/fileadmin/DOCUMENTS/GUIDE_INDICATEURS_PR_HDF_V6.pdf | https://europe-en-hautsdefrance.eu/fileadmin/DOCUMENTS/20260622_DOMO_V17.pdf | https://europe-en-hautsdefrance.eu/fileadmin/DOCUMENTS/PTTJ_V7.pdf | https://europe-en-hautsdefrance.eu/fileadmin/DOCUMENTS/S3_HDF_2127.pdf | https://europe-en-hautsdefrance.eu/fileadmin/DOCUMENTS/GUIDE_ESYNERGIE_GESTIONNAIRE.pdf | https://europe-en-hautsdefrance.eu/fileadmin/DOCUMENTS/GUIDE_OBLIGATIONS_COMMUNICATION_PR_FEADER_FEAMPA_20212027.pdf | https://europe-en-hautsdefrance.eu/fileadmin/DOCUMENTS/PRINCIPE_HORIZONTAL_DROITS_FONDAMENTAUX.pdf | https://europe-en-hautsdefrance.eu/fileadmin/DOCUMENTS/CHARTE_DROITS_FONDAMENTAUX_UE.pdf | https://europe-en-hautsdefrance.eu/fileadmin/DOCUMENTS/PRINCIPE_HORIZONTAL_DEVELOPPEMENT_DURABLE.pdf | https://europe-en-hautsdefrance.eu/fileadmin/DOCUMENTS/PRINCIPE_HORIZONTAL_NON-DISCRIMINATION.pdf | https://europe-en-hautsdefrance.eu/fileadmin/DOCUMENTS/PRINCIPE_HORIZONTAL_EGALITE_HOMME-FEMME.pdf | https://europe-en-hautsdefrance.eu/fileadmin/DOCUMENTS_AAP/DOCUMENTS_AAP_FEADER/FEADER_AAP2023_PREAD_VEGETAL_ANNEXE5_V2.xlsx | https://europe-en-hautsdefrance.eu/feader-appel-a-projets-2023-vegetal#c1353 | https://europe-en-hautsdefrance.eu/fileadmin/DOCUMENTS_AAP/DOCUMENTS_AAP_FEADER/FEADER_AAP2023_PREAD_VEGETAL_CC_V2.pdf | https://europe-en-hautsdefrance.eu/fileadmin/DOCUMENTS_AAP/DOCUMENTS_AAP_FEADER/FEADER_AAP2023_PREAD_VEGETAL_CC_V3.pdf | https://europe-en-hautsdefrance.eu/fileadmin/DOCUMENTS_AAP/DOCUMENTS_AAP_FEADER/FEADER_AAP2023_PREAD_VEGETAL_PJ.pdf | https://europe-en-hautsdefrance.eu/fileadmin/DOCUMENTS_AAP/DOCUMENTS_AAP_FEADER/FEADER_AAP2023_TRANSFORMATION_COMMERCIALISATION_CC_V3.pdf | https://europe-en-hautsdefrance.eu/fileadmin/DOCUMENTS_AAP/DOCUMENTS_AAP_FEADER/FEADER_AAP2023_TRANSFORMATION_COMMUNICATION_PJ.pdf | https://europe-en-hautsdefrance.eu/fileadmin/DOCUMENTS_AAP/DOCUMENTS_AAP_FEADER/FEADER_AAP2023_PREAD_ELEVAGE_ANNEXE5_V2.xlsx | https://europe-en-hautsdefrance.eu/feader-appel-a-projets-2023-elevage#c1329 | https://europe-en-hautsdefrance.eu/fileadmin/DOCUMENTS_AAP/DOCUMENTS_AAP_FEADER/FEADER_AAP2023_PREAD_ELEVAGE_CC_V2.pdf | https://europe-en-hautsdefrance.eu/fileadmin/DOCUMENTS_AAP/DOCUMENTS_AAP_FEADER/FEADER_AAP2023_PREAD_ELEVAGE_CC_V3.pdf | https://europe-en-hautsdefrance.eu/fileadmin/DOCUMENTS_AAP/DOCUMENTS_AAP_FEADER/FEADER_AAP2023_PREAD_ELEVAGE_PJ.pdf | https://europe-en-hautsdefrance.eu/fileadmin/DOCUMENTS/PSN_STRATEGIE_REGIONALE_HDF.pdf | https://europe-en-hautsdefrance.eu/fileadmin/DOCUMENTS/LEADER_GABARIT_AFFICHE.docx | https://europe-en-hautsdefrance.eu/fileadmin/user_upload/Tutoriel_1-_Choisir_son_tiers-1.pdf | https://europe-en-hautsdefrance.eu/fileadmin/user_upload/Tutoriel_2_-_Creation_de_compte-1.pdf | https://europe-en-hautsdefrance.eu/fileadmin/user_upload/Tutoriel_3_-_En_cas_de_probleme.pdf | https://europe-en-hautsdefrance.eu/fileadmin/user_upload/Tutoriel_4_-_Rechercher_une_aide_et_verifier_son_eligibilite-1.pdf | https://europe-en-hautsdefrance.eu/fileadmin/DOCUMENTS/EUROPAC_TUTO5.pdf | https://europe-en-hautsdefrance.eu/fileadmin/user_upload/Tutoriel_6_-_Demande_de_complements.pdf | https://europe-en-hautsdefrance.eu/fileadmin/user_upload/Tutoriel_7_-_Deposer_une_demande_de_paiement-1.pdf | https://europe-en-hautsdefrance.eu/fileadmin/user_upload/Tutoriel_8_-_Invitation_a_collaborer.pdf | https://europe-en-hautsdefrance.eu/fileadmin/DOCUMENTS_AAP/DOCUMENTS_AAP_FEADER/FEADER_AAP2023_DESSERTE_FORESTIERE_CC_V2.pdf | https://europe-en-hautsdefrance.eu/fileadmin/DOCUMENTS_AAP/DOCUMENTS_AAP_FEADER/FEADER_AAP2023_PEI_CC.pdf | https://europe-en-hautsdefrance.eu/fileadmin/DOCUMENTS_AAP/DOCUMENTS_AAP_FEADER/FEADER_AAP2023_MAEC_CC.pdf | https://europe-en-hautsdefrance.eu/fileadmin/DOCUMENTS_AAP/DOCUMENTS_AAP_FEADER/FEADER_AAP2023_MAEC_Annexes.xlsx | https://europe-en-hautsdefrance.eu/fileadmin/DOCUMENTS/NATURA2327_AAP_ELABO_REV_DOCOB_2_CC.pdf | https://europe-en-hautsdefrance.eu/fileadmin/DOCUMENTS/NATURA2327_AAP_ELABO_REV_DOCOB_FORMULAIRE_V4.docx | https://europe-en-hautsdefrance.eu/fileadmin/DOCUMENTS_AAP/DOCUMENTS_AAP_FEDER/FEDER_AAP_ESPACES_DELAISSES_CC.pdf | https://europe-en-hautsdefrance.eu/fileadmin/DOCUMENTS_AAP/DOCUMENTS_AAP_FEDER/FEDER_AAP_ESPACES_DELAISSES_FAQ.pdf | https://europe-en-hautsdefrance.eu/fileadmin/DOCUMENTS_AAP/DOCUMENTS_AAP_FEDER/FEDER_AAP_ESPACES_DELAISSES_CANDIDATURE.docx | https://europe-en-hautsdefrance.eu/fileadmin/DOCUMENTS_AAP/DOCUMENTS_AAP_FEDER/FEDER_AAP_ESPACES_DELAISSES_DELIB.pdf | https://europe-en-hautsdefrance.eu/fileadmin/DOCUMENTS_AAP/DOCUMENTS_AAP_FEDER/FEDER_AAP_ESPACES_DELAISSES_PRESENTATION.pdf | https://europe-en-hautsdefrance.eu/fileadmin/DOCUMENTS_AAP/DOCUMENTS_AAP_FEDER/FEDER_AAP1_LOGEMENT_CC.pdf | https://europe-en-hautsdefrance.eu/fileadmin/DOCUMENTS_AAP/DOCUMENTS_AAP_FEDER/FEDER_AAP1_LOGEMENT_ANNEXE2_COMPENSATION.pdf | https://europe-en-hautsdefrance.eu/fileadmin/DOCUMENTS_AAP/DOCUMENTS_AAP_FEDER/FEDER_AAP1_LOGEMENT_ANNEXE2_COMPENSATION.xls | https://europe-en-hautsdefrance.eu/fileadmin/DOCUMENTS_AAP/DOCUMENTS_AAP_FEDER/FEDER_AAP1_LOGEMENT_DELIB.pdf | https://europe-en-hautsdefrance.eu/fileadmin/DOCUMENTS_AAP/DOCUMENTS_AAP_FEDER/FEDER_AAP_EMILE_CC.pdf | https://europe-en-hautsdefrance.eu/fileadmin/DOCUMENTS_AAP/DOCUMENTS_AAP_FEDER/FEDER_AAP_RESEAU_ENERGETIQUE_INTELLIGENT_CC.pdf | https://europe-en-hautsdefrance.eu/fileadmin/DOCUMENTS_AAP/DOCUMENTS_AAP_FEDER/AAP_REI_DOSSIER_CANDIDATURE.docx | https://europe-en-hautsdefrance.eu/fileadmin/DOCUMENTS_AAP/DOCUMENTS_AAP_FEDER/AAP_REI_PRESENTATION_WEBINAIRE.pdf | https://europe-en-hautsdefrance.eu/fileadmin/DOCUMENTS/NATURA2000_ANIMATION_CC_V2.pdf | https://europe-en-hautsdefrance.eu/fileadmin/DOCUMENTS/NATURA2327_AAP_ANIMATION_2_CC.pdf | https://europe-en-hautsdefrance.eu/fileadmin/DOCUMENTS/NATURA2327_AAP_ANIMATION_DOCOB_FICHE.xlsx | https://europe-en-hautsdefrance.eu/fileadmin/DOCUMENTS_AAP/DOCUMENTS_AAP_FEADER/NATURA2327_AAP_ANIMATION_DOCOB_FORMULAIRE_V4.docx | https://europe-en-hautsdefrance.eu/fileadmin/DOCUMENTS_AAP/DOCUMENTS_AAP_FEADER/FEADER_AAP2023-2025_FORMATION_CC.pdf | https://europe-en-hautsdefrance.eu/fileadmin/DOCUMENTS_AAP/DOCUMENTS_AAP_FEDER/FEDER_AAP_SANTE_CC.pdf | https://europe-en-hautsdefrance.eu/fileadmin/DOCUMENTS_AAP/DOCUMENTS_AAP_FEDER/FEDER_AAP_SANTE_FAQ.pdf | https://europe-en-hautsdefrance.eu/fileadmin/DOCUMENTS/Support_webinairepresentation_AAP_OS5-2.pptx | https://europe-en-hautsdefrance.eu/fileadmin/DOCUMENTS_AAP/DOCUMENTS_AAP_FEDER/FEDER_AAP_BM_CANDIDATURE.docx | https://europe-en-hautsdefrance.eu/fileadmin/DOCUMENTS_AAP/DOCUMENTS_AAP_FEDER/FEDER_AAP_BM_CC.pdf | https://europe-en-hautsdefrance.eu/fileadmin/DOCUMENTS_AAP/DOCUMENTS_AAP_FEDER/FEDER_AAP_BM_DELIB.pdf | https://europe-en-hautsdefrance.eu/fileadmin/DOCUMENTS_AAP/DOCUMENTS_AAP_FEDER/FEDER_AAP_BM_WEBINAIRE.pdf | https://europe-en-hautsdefrance.eu/fileadmin/DOCUMENTS_AAP/DOCUMENTS_AAP_FEDER/FEDER_AAP_BM_FAQ.pdf | https://europe-en-hautsdefrance.eu/fileadmin/DOCUMENTS_AAP/DOCUMENTS_AAP_FEAMPA/FEAMPA_AAP_DECARBONATION_FILIERE_CC.pdf | https://europe-en-hautsdefrance.eu/fileadmin/DOCUMENTS_AAP/DOCUMENTS_AAP_FEAMPA/FEAMPA_AAP_VALORISATION_COPRODUITS_CC.pdf | https://europe-en-hautsdefrance.eu/fileadmin/DOCUMENTS_AAP/DOCUMENTS_AAP_FEDER/FEDER_AAP_EMILE_2024_CC.pdf | https://europe-en-hautsdefrance.eu/fileadmin/DOCUMENTS_AAP/DOCUMENTS_AAP_FEADER/FEADER_AAP2024_PEI_DISPOSITIF_ACCOMPAGNEMENT.pdf | https://europe-en-hautsdefrance.eu/fileadmin/DOCUMENTS_AAP/DOCUMENTS_AAP_FEADER/FEADER_AAP2024_PEI_FICHE_PREPROJET.docx | https://europe-en-hautsdefrance.eu/fileadmin/DOCUMENTS_AAP/DOCUMENTS_AAP_FEADER/FEADER_AAP2024_PEI_PRESENTATION_PROJET.pptx | https://europe-en-hautsdefrance.eu/fileadmin/DOCUMENTS_AAP/DOCUMENTS_AAP_FEADER/FEADER_AAP2024_PEI_CC.pdf | https://europe-en-hautsdefrance.eu/fileadmin/DOCUMENTS_AAP/DOCUMENTS_AAP_FEADER/FEADER_AAP2024_PEI_CANDIDATURE_FONCTIONNEMENT.docx | https://europe-en-hautsdefrance.eu/fileadmin/DOCUMENTS_AAP/DOCUMENTS_AAP_FEADER/FEADER_AAP2024_PEI_CANDIDATURE_EMERGENCE.docx | https://europe-en-hautsdefrance.eu/fileadmin/DOCUMENTS_AAP/DOCUMENTS_AAP_FEADER/FEADER_AAP2024_PEI_ANNEXE1_DEPENSES.xlsx | https://europe-en-hautsdefrance.eu/fileadmin/DOCUMENTS_AAP/DOCUMENTS_AAP_FEADER/FEADER_AAP2024_PEI_ANNEXE2_DEMINIMIS.docx | https://europe-en-hautsdefrance.eu/fileadmin/DOCUMENTS_AAP/DOCUMENTS_AAP_FEADER/FEADER_AAP2024_PEI_ANNEXE3_CONVENTION.docx | https://europe-en-hautsdefrance.eu/fileadmin/DOCUMENTS_AAP/DOCUMENTS_AAP_FEADER/FEADER_AAP2024_PEI_ANNEXE4_MANDAT.docx | https://europe-en-hautsdefrance.eu/fileadmin/DOCUMENTS_AAP/DOCUMENTS_AAP_FEADER/FEADER_AAP2024_PEI_ANNEXEMP1_SUIVI.xlsx | https://europe-en-hautsdefrance.eu/fileadmin/DOCUMENTS_AAP/DOCUMENTS_AAP_FEADER/FEADER_AAP2024_PEI_ANNEXEMP2_FORMALISEE.xlsx | https://europe-en-hautsdefrance.eu/fileadmin/DOCUMENTS_AAP/DOCUMENTS_AAP_FEADER/FEADER_AAP2024_PEI_ANNEXEMP3_ADAPTEE.xlsx | https://europe-en-hautsdefrance.eu/fileadmin/DOCUMENTS_AAP/DOCUMENTS_AAP_FEADER/FEADER_AAP2024_AJA_CC_V2.pdf | https://europe-en-hautsdefrance.eu/fileadmin/DOCUMENTS/SEMINAIRE_CULTURE_CR_ARRAS_190124.pdf | https://europe-en-hautsdefrance.eu/fileadmin/DOCUMENTS_AAP/DOCUMENTS_AAP_FEADER/FEADER_AAP2024_MAEC_PRM_CC.pdf | https://europe-en-hautsdefrance.eu/fileadmin/DOCUMENTS_AAP/DOCUMENTS_AAP_FEADER/FEADER_AAP2024_MAEC_PRM_DOSSIER_CANDIDATURE_V2.docx | https://europe-en-hautsdefrance.eu/fileadmin/DOCUMENTS_AAP/DOCUMENTS_AAP_FEADER/FEADER_AAP2024_MAEC_PRM_FAQ.xlsx | https://europe-en-hautsdefrance.eu/fileadmin/DOCUMENTS_AAP/DOCUMENTS_AAP_FEADER/FEADER_AAP2024_MAEC_API_CC_V3.pdf | https://europe-en-hautsdefrance.eu/fileadmin/DOCUMENTS_AAP/DOCUMENTS_AAP_FEADER/FEADER_AAP2024_MAEC_API_DOSSIER_CANDIDATURE.docx | https://europe-en-hautsdefrance.eu/fileadmin/DOCUMENTS_AAP/DOCUMENTS_AAP_FEADER/FEADER_AAP2024_MAEC_API_FAQ.xlsx | https://europe-en-hautsdefrance.eu/fileadmin/DOCUMENTS/PEI_PRESENTATION_DU_PROJET.pdf | https://europe-en-hautsdefrance.eu/feader-contrat-natura-2000-appel-a-projets-permanent | https://europe-en-hautsdefrance.eu/feader-appel-a-projets-permanent-animation-natura-2000 | https://europe-en-hautsdefrance.eu/feader-appel-a-projets-permanent-elaboration-revision-docob-natura-2000 | https://europe-en-hautsdefrance.eu/fileadmin/DOCUMENTS_AVANCEMENT_PR/2025_decembre_donnees_cumul_PR.pdf | https://europe-en-hautsdefrance.eu/fileadmin/DOCUMENTS_AVANCEMENT_PR/2026_mars_donnees_cumul_PR.pdf | https://europe-en-hautsdefrance.eu/fileadmin/DOCUMENTS_AVANCEMENT_PR/2026_juin_donnees_cumul_PR.pdf | https://europe-en-hautsdefrance.eu/fileadmin/DOCUMENTS_AVANCEMENT_PR/2025_novembre_donnees_cumul_PR.pdf | https://europe-en-hautsdefrance.eu/fileadmin/DOCUMENTS_AVANCEMENT_PR/2025_septembre_donnees_cumul_PR.pdf | https://europe-en-hautsdefrance.eu/fileadmin/DOCUMENTS_AVANCEMENT_PR/2025_juillet_donnees_cumul_PR.pdf | https://europe-en-hautsdefrance.eu/fileadmin/DOCUMENTS_AVANCEMENT_PR/2025_avril_donnees_cumul_PR.pdf | https://europe-en-hautsdefrance.eu/fileadmin/DOCUMENTS_AVANCEMENT_PR/2024_decembre_donnees_cumul_PR.pdf | https://europe-en-hautsdefrance.eu/fileadmin/DOCUMENTS_AVANCEMENT_PR/2024_octobre_donnees_cumul_PR.pdf | https://europe-en-hautsdefrance.eu/fileadmin/DOCUMENTS_AVANCEMENT_PR/2024_avril_donnees_cumul_PR.pdf | https://europe-en-hautsdefrance.eu/fileadmin/DOCUMENTS_AVANCEMENT_PR/2024_janvier_donnees_cumul_PR.pdf | https://europe-en-hautsdefrance.eu/fileadmin/DOCUMENTS_AVANCEMENT_PR/2023_novembre_donnees_cumul_PR.pdf | https://europe-en-hautsdefrance.eu/fileadmin/DOCUMENTS_AVANCEMENT_PR/2023_aout_donnees_cumul_PR.pdf | https://europe-en-hautsdefrance.eu/fileadmin/DOCUMENTS_AVANCEMENT_PR/2023_juin_donnees_cumul_PR.pdf | https://europe-en-hautsdefrance.eu/fileadmin/DOCUMENTS_AVANCEMENT_PR/2023_mars_donnees_cumul_PR.pdf | https://europe-en-hautsdefrance.eu/fileadmin/DOCUMENTS_AVANCEMENT_PR/2022_dec_donnees_cumul_PR.pdf | https://invitations-hdf.hautsdefrance.fr/SOUTENIR-LA-TRANSITION-DU-NORD-ET-DU-PAS-DE-CALAIS-AVEC-LE-FTJ.html?k=fa4ddaeb0c7331bf0f97f3938996a7cd&utm_source=Sarbacane&utm_medium=email&utm_campaign=Lancement%20de%20l%E2%80%99%C3%A9v%C3%A9nement%20du%20Fonds%20de%20Transition%20Juste","VERIFIE","100","100"
"naquitaine_aHR0cHM6Ly9sZXMtYWlkZXMubm91","Document officiel","AIDE","REGIONAL","Nouvelle-Aquitaine","Région Nouvelle-Aquitaine | Nouvelle-Aquitaine","SUBVENTION | PRET_TAUX_ZERO","STARTUP | PME | ETI | GE","2000","2000","0","500000","3","80","2028-12-31","non","https://les-aides.nouvelle-aquitaine.fr/system/files/specific_pj_files/1_formulaire_D1_equipes_27.pdf","https://les-aides.nouvelle-aquitaine.fr/system/files/specific_pj_files/1_formulaire_D1_equipes_27.pdf | https://les-aides.nouvelle-aquitaine.fr/system/files/specific_pj_files/2_BP_2027_.pdf | https://les-aides.nouvelle-aquitaine.fr/system/files/specific_pj_files/4_Charte%20d%27engagement.pdf | https://les-aides.nouvelle-aquitaine.fr/system/files/specific_pj_files/5_Guide_RI_Autoeval_trame_2027.pdf | https://les-aides.nouvelle-aquitaine.fr/system/files/specific_pj_files/3_D1_CIES_Tableaux_cr%C3%A9a_diff_0.xlsx | https://les-aides.nouvelle-aquitaine.fr/system/files/specific_pj_files/2_BP_synth_budg_2027.pdf | https://les-aides.nouvelle-aquitaine.fr/system/files/specific_pj_files/4_Guide_RI_Autoeval_trame_0.pdf | https://les-aides.nouvelle-aquitaine.fr/system/files/specific_pj_files/1_D1_orchestres_2027.pdf | https://les-aides.nouvelle-aquitaine.fr/system/files/specific_pj_files/3_Charte%20d%27engagement_nouvelleversion.pdf | https://les-aides.nouvelle-aquitaine.fr/system/files/specific_pj_files/1_formulaire_D2_labels_27_guideRI.pdf | https://les-aides.nouvelle-aquitaine.fr/system/files/specific_pj_files/2_BP_2027__1.pdf | https://les-aides.nouvelle-aquitaine.fr/system/files/specific_pj_files/4_Charte%20d%27engagement_nouvelleversion_0.pdf | https://les-aides.nouvelle-aquitaine.fr/system/files/specific_pj_files/3_D2_LABELS_Tableaux_cr%C3%A9a_diff_0.xlsx | https://les-aides.nouvelle-aquitaine.fr/system/files/specific_pj_files/2bis_Synthese%20_budgetaire__D2_27_.pdf | https://forms.cloud.microsoft/e/EHHuAuaaZh | https://les-aides.nouvelle-aquitaine.fr/system/files/specific_pj_files/1_FORMULAIRE_D2_LCP_27_guideRI.pdf | https://les-aides.nouvelle-aquitaine.fr/system/files/specific_pj_files/3_2027_D2_LCP_Tableaux_cr%C3%A9a_diff.xlsx | https://les-aides.nouvelle-aquitaine.fr/system/files/specific_pj_files/2_BP_2027__0.pdf | https://les-aides.nouvelle-aquitaine.fr/system/files/specific_pj_files/4_Charte%20d%27engagement_nouvelleversion.pdf | https://les-aides.nouvelle-aquitaine.fr/system/files/specific_pj_files/2bis_Synthese%20_budgetaire__D2_27__0.pdf | https://les-aides.nouvelle-aquitaine.fr/system/files/specific_pj_files/Reglement_projet_participatifs_et_citoyens_pour_la_transition_energetique.pdf | https://les-aides.nouvelle-aquitaine.fr/system/files/specific_pj_files/Candidature_AAPPPC%20%281%29.docx | https://les-aides.nouvelle-aquitaine.fr/system/files/specific_pj_files/contrat-filiere-2023-2026_signe.pdf | https://les-aides.nouvelle-aquitaine.fr/system/files/specific_pj_files/Fdr_TransitionEcologiqueCulture_livret-copie%20%281%29.pdf | https://les-aides.nouvelle-aquitaine.fr/system/files/specific_pj_files/Tutoriel_MDNA_APV.pdf | https://les-aides.nouvelle-aquitaine.fr/system/files/specific_pj_files/R%C3%A8glement_intervention_DSECSI.pdf | https://les-aides.nouvelle-aquitaine.fr/system/files/specific_pj_files/fichecomplementaire_axeCOMPRENDRE.docx | https://les-aides.nouvelle-aquitaine.fr/system/files/specific_pj_files/fichecomplementaire_axeAGIR.docx | https://les-aides.nouvelle-aquitaine.fr/system/files/specific_pj_files/liste_APD.pdf | https://les-aides.nouvelle-aquitaine.fr/system/files/specific_pj_files/synthese_calendrier_budgetdetaille.xlsx | https://les-aides.nouvelle-aquitaine.fr/system/files/specific_pj_files/Tableau_synthetique_aides.pdf | https://les-aides.nouvelle-aquitaine.fr/system/files/specific_pj_files/Tableau_estimation_bourse_0.pdf | https://les-aides.nouvelle-aquitaine.fr/system/files/specific_pj_files/RI_revision%20.pdf | https://les-aides.nouvelle-aquitaine.fr/system/files/specific_pj_files/4P_BRSS_Access.pdf | https://les-aides.nouvelle-aquitaine.fr/system/files/specific_pj_files/Simulateur_Bourses_R%C3%A9gionales_Sanitaires_Sociales%20.xlsx | https://les-aides.nouvelle-aquitaine.fr/system/files/specific_pj_files/2026.712.SP_deliberation_RI-Remu_AI_Fonds_0.pdf | https://les-aides.nouvelle-aquitaine.fr/system/files/specific_pj_files/Tableau_bareme.pdf | https://les-aides.nouvelle-aquitaine.fr/system/files/specific_pj_files/Reglement_remuneration_et_protection_sociale_des_stagiaires_0.pdf | https://les-aides.nouvelle-aquitaine.fr/contact | https://les-aides.nouvelle-aquitaine.fr/sites/default/files/2026-08/d%C3%A9p%C3%B4t_TutorielAideRegionNA_MobiliteInternationale.pdf | https://les-aides.nouvelle-aquitaine.fr/sites/default/files/2026-08/REGLEMENT%20REGIONAL%20ERSAMUS%2B%20ENSEIGNEMENT%20SUP.pdf | https://les-aides.nouvelle-aquitaine.fr/sites/default/files/2026-08/Contrat%20de%20mobilit%C3%A9%20-%20fiche%20entreprise.pdf | https://les-aides.nouvelle-aquitaine.fr/sites/default/files/2026-08/Contrat%20p%C3%A9dagogique%20AVANT%20la%20mobilit%C3%A9%202627-1-4.pdf | https://les-aides.nouvelle-aquitaine.fr/sites/default/files/2026-08/Contrat%20p%C3%A9dagogique%20APRES%20la%20mobilit%C3%A9%202627.pdf | https://les-aides.nouvelle-aquitaine.fr/system/files/specific_pj_files/Fiche_candidature_Flexibilite_Stockage.pdf | https://les-aides.nouvelle-aquitaine.fr/system/files/specific_pj_files/Modalites_de_soutien_Flexibilite_Stockage.pdf | https://les-aides.nouvelle-aquitaine.fr/system/files/specific_pj_files/carte_vulnerabilit%C3%A9s_1.pdf | https://les-aides.nouvelle-aquitaine.fr/system/files/specific_pj_files/carte_vulnerabilit%C3%A9s.pdf | https://les-aides.nouvelle-aquitaine.fr/system/files/specific_pj_files/carte_vulnerabilit%C3%A9s_3.pdf | https://les-aides.nouvelle-aquitaine.fr/system/files/specific_pj_files/carte_vulnerabilit%C3%A9s_2.pdf | https://les-aides.nouvelle-aquitaine.fr/system/files/specific_pj_files/carte_vulnerabilit%C3%A9s_4.pdf | https://les-aides.nouvelle-aquitaine.fr/system/files/specific_pj_files/Contacts%20Charg%C3%A9s%20de%20mission%20ESS.pdf | https://les-aides.nouvelle-aquitaine.fr/system/files/specific_pj_files/carte_vulnerabilit%C3%A9s_0.pdf | https://les-aides.nouvelle-aquitaine.fr/system/files/specific_pj_files/Contacts%20Charg%C3%A9s%20de%20mission%20ESS_1.pdf | https://les-aides.nouvelle-aquitaine.fr/system/files/specific_pj_files/Contacts%20Charg%C3%A9s%20de%20mission%20ESS_0.pdf | https://les-aides.nouvelle-aquitaine.fr/system/files/specific_pj_files/Contacts%20Charg%C3%A9s%20de%20mission%20ESS_2.pdf | https://les-aides.nouvelle-aquitaine.fr/system/files/specific_pj_files/FORMULAIRE_AIDE_EXCEP_INTEMPERIES.xlsx | https://les-aides.nouvelle-aquitaine.fr/system/files/specific_pj_files/LISTE_COMMUNES_CATANAT.pdf | https://les-aides.nouvelle-aquitaine.fr/system/files/specific_pj_files/R%C3%A8glement%20d%27intervention_4.pdf | https://les-aides.nouvelle-aquitaine.fr/system/files/specific_pj_files/MODELE-Formulaire-en-ligne-%20%281%29.docx | https://les-aides.nouvelle-aquitaine.fr/system/files/specific_pj_files/Mode%CC%80le-Budget-pre%CC%81visionnel-Association%20et%20projet_1.doc | https://les-aides.nouvelle-aquitaine.fr/system/files/specific_pj_files/IPS_%20%C3%A9tablissements_RNA_.xlsx | https://les-aides.nouvelle-aquitaine.fr/system/files/specific_pj_files/Zones%20rurales_QPV.pdf | https://forms.office.com/e/725PPEBeZk | https://les-aides.nouvelle-aquitaine.fr/system/files/specific_pj_files/Cahier_Charges_Offres.pdf | https://les-aides.nouvelle-aquitaine.fr/system/files/specific_pj_files/Grille_evaluation_offres.xlsx | https://les-aides.nouvelle-aquitaine.fr/system/files/specific_pj_files/referentiel_RSE_Neo_terra_0.xlsx | https://les-aides.nouvelle-aquitaine.fr/system/files/specific_pj_files/DOSSIER-DE-CANDIDATURE_OFFRES_2303.docx | https://les-aides.nouvelle-aquitaine.fr/system/files/specific_pj_files/notice_information_donnees.pdf | https://les-aides.nouvelle-aquitaine.fr/system/files/specific_pj_files/Cahier_charges_Labels.pdf | https://les-aides.nouvelle-aquitaine.fr/system/files/specific_pj_files/Grille_%C3%A9valuation_label.xlsx | https://les-aides.nouvelle-aquitaine.fr/system/files/specific_pj_files/referentiel_RSE_Neo_terra.xlsx | https://les-aides.nouvelle-aquitaine.fr/system/files/specific_pj_files/DOSSIER_DE_CANDIDATURE_LABEL_2303.docx | https://les-aides.nouvelle-aquitaine.fr/system/files/specific_pj_files/notice_information_donnees_0.pdf | https://les-aides.nouvelle-aquitaine.fr/system/files/specific_pj_files/RI%20-parcours%20accompagnement.pdf | https://les-aides.nouvelle-aquitaine.fr/system/files/specific_pj_files/dossier%20candidature__0.docx | https://les-aides.nouvelle-aquitaine.fr/system/files/specific_pj_files/Demande_prealable_ACC.pdf | https://les-aides.nouvelle-aquitaine.fr/system/files/specific_pj_files/ACC_annexe_technique.xlsx | https://les-aides.nouvelle-aquitaine.fr/system/files/specific_pj_files/reglement_investissement_ACC_2026.pdf | https://les-aides.nouvelle-aquitaine.fr/system/files/specific_pj_files/Charte%20coll%C3%A8ges%202024.1954.SP_annexe.PDF | https://les-aides.nouvelle-aquitaine.fr/system/files/specific_pj_files/FDD_Transport_0.xlsx | https://les-aides.nouvelle-aquitaine.fr/system/files/specific_pj_files/Cahier%20des%20charges_7.pdf | https://les-aides.nouvelle-aquitaine.fr/system/files/specific_pj_files/Declaration_de_minimis.docx | https://les-aides.nouvelle-aquitaine.fr/system/files/specific_pj_files/formulaire_demande_aide.docx | https://les-aides.nouvelle-aquitaine.fr/system/files/specific_pj_files/formulaire_demande_aide.pdf | https://les-aides.nouvelle-aquitaine.fr/system/files/specific_pj_files/d%C3%A9p%C3%B4t_TutorielAideRegionNA_MobiliteInternationale_1.pdf | https://les-aides.nouvelle-aquitaine.fr/system/files/specific_pj_files/2025%20RI_1_V1_1.pdf | https://les-aides.nouvelle-aquitaine.fr/system/files/specific_pj_files/2024_%20MAJ%20Attestation%20fin%20de%20stage_s%C3%A9jour_3.pdf | https://les-aides.nouvelle-aquitaine.fr/system/files/specific_pj_files/RI_FDS_Cine_Audiovisuel_2026.pdf | https://les-aides.nouvelle-aquitaine.fr/system/files/specific_pj_files/Calendrier_Experts.pdf | https://les-aides.nouvelle-aquitaine.fr/system/files/specific_pj_files/COMMENT%20BIEN%20SAISIR%20MA%20DEMANDE_0.pdf | https://les-aides.nouvelle-aquitaine.fr/system/files/specific_pj_files/REGLEMENT%20REGIONAL%20SEJOUR%20A%20L%27ETRANGER%20POST%20BAC.pdf | https://les-aides.nouvelle-aquitaine.fr/system/files/specific_pj_files/CALCULATEUR%20REVENU%20PONDERE%20%28POINTS%20DE%20CHARGE%29_0.xlsx | https://les-aides.nouvelle-aquitaine.fr/system/files/specific_pj_files/ATTESTATION%20DE%20PRESENCE_0.pdf | https://les-aides.nouvelle-aquitaine.fr/system/files/specific_pj_files/PROCEDURE%20DE%20DEPOT%20D%27UNE%20DEMANDE%20DE%20SOLDE_0.pdf | https://les-aides.nouvelle-aquitaine.fr/system/files/specific_pj_files/COMMENT%20BIEN%20SAISIR%20MA%20DEMANDE.pdf | https://les-aides.nouvelle-aquitaine.fr/system/files/specific_pj_files/REGLEMENT%20REGIONAL%20STAGES%20A%20L%27ETRANGER%20POST%20BAC.pdf | https://les-aides.nouvelle-aquitaine.fr/system/files/specific_pj_files/CALCULATEUR%20REVENU%20PONDERE%20%28POINTS%20DE%20CHARGE%29.xlsx | https://les-aides.nouvelle-aquitaine.fr/system/files/specific_pj_files/ATTESTATION%20DE%20PRESENCE.pdf | https://les-aides.nouvelle-aquitaine.fr/system/files/specific_pj_files/PROCEDURE%20DE%20DEPOT%20D%27UNE%20DEMANDE%20DE%20SOLDE.pdf | https://les-aides.nouvelle-aquitaine.fr/system/files/specific_pj_files/20240813_Annexe_DepensesPrevisionnelles_ETF_V2.0.xlsx | https://les-aides.nouvelle-aquitaine.fr/system/files/specific_pj_files/20240813_Annexe_description_entreprise_selection_V2.0_0.xlsx | https://les-aides.nouvelle-aquitaine.fr/system/files/specific_pj_files/250110_CDC_ETF_V2_0.pdf | https://les-aides.nouvelle-aquitaine.fr/system/files/specific_pj_files/Carte_CI_2024_VF_0.pdf | https://les-aides.nouvelle-aquitaine.fr/system/files/specific_pj_files/20250317_Reglement_FCI_Vdef_0.pdf | https://les-aides.nouvelle-aquitaine.fr/system/files/specific_pj_files/Procedure_Depot_DemandeAide_1.pdf | https://les-aides.nouvelle-aquitaine.fr/system/files/specific_pj_files/20250317_Reglement_FCI_Vdef_1.pdf | https://les-aides.nouvelle-aquitaine.fr/system/files/specific_pj_files/Carte_CI_2024_VF_1.pdf | https://les-aides.nouvelle-aquitaine.fr/system/files/specific_pj_files/Procedure_Depot_DemandeAide_3.pdf | https://les-aides.nouvelle-aquitaine.fr/system/files/specific_pj_files/Carte_CI_2024_VF_2.pdf | https://les-aides.nouvelle-aquitaine.fr/system/files/specific_pj_files/20250317_Reglement_FCI_Vdef_2.pdf | https://les-aides.nouvelle-aquitaine.fr/system/files/specific_pj_files/Procedure_Depot_DemandeAide_4.pdf | https://les-aides.nouvelle-aquitaine.fr/system/files/specific_pj_files/2025-2026_r%C3%A8glement%20%C3%A9tudes%20ACC%20multi-acteurs.pdf | https://les-aides.nouvelle-aquitaine.fr/system/files/specific_pj_files/2025-fiche%20de%20demande%20pr%C3%A9alable%20ACC%20multi-acteurs.pdf | https://les-aides.nouvelle-aquitaine.fr/system/files/specific_pj_files/AMIfoncier2025_cahier_des_charges.pdf | https://les-aides.nouvelle-aquitaine.fr/system/files/specific_pj_files/Formulaire_candidature_AMI_sobri%C3%A9t%C3%A9_fonci%C3%A8re.docx | https://les-aides.nouvelle-aquitaine.fr/system/files/specific_pj_files/R%C3%A8glement%20AAP%20Fonds%20NAture.pdf | https://les-aides.nouvelle-aquitaine.fr/system/files/specific_pj_files/Reglement_AAP_0.pdf | https://les-aides.nouvelle-aquitaine.fr/system/files/specific_pj_files/Fiche_demande_prealable_FC_7.pdf | https://les-aides.nouvelle-aquitaine.fr/system/files/specific_pj_files/Fiche_demande_prealable_FC_8.pdf | https://les-aides.nouvelle-aquitaine.fr/system/files/specific_pj_files/Fiche_demande_prealable_FC_9.pdf | https://les-aides.nouvelle-aquitaine.fr/system/files/specific_pj_files/Fiche_demande_prealable_FC_10.pdf | https://les-aides.nouvelle-aquitaine.fr/system/files/specific_pj_files/2026_fiche_etudesmulti%20acteurs_mobilit%C3%A9_H2.pdf | https://les-aides.nouvelle-aquitaine.fr/system/files/specific_pj_files/2026_R%C3%A8glement_dispositif_renforcement_ecosysteme_hydrogene.pdf | https://les-aides.nouvelle-aquitaine.fr/system/files/specific_pj_files/Formulaire_RNA_efficacit%C3%A9_hydrique_V1.docx | https://les-aides.nouvelle-aquitaine.fr/system/files/specific_pj_files/Modalites_colloques_2027vf.pdf | https://les-aides.nouvelle-aquitaine.fr/system/files/specific_pj_files/Dossier_candidatures_colloques_2027_0.docx | https://les-aides.nouvelle-aquitaine.fr/system/files/specific_pj_files/tableau_colloques_2027_0.xlsx | https://les-aides.nouvelle-aquitaine.fr/system/files/specific_pj_files/AMI_FAS__2024.pdf | https://les-aides.nouvelle-aquitaine.fr/system/files/specific_pj_files/Dossier%20de%20candidature%20AMI%20FAS.docx | https://les-aides.nouvelle-aquitaine.fr/system/files/specific_pj_files/DEP_AMI_AccesSoin_web.pdf | https://les-aides.nouvelle-aquitaine.fr/system/files/specific_pj_files/Grilles%20tarifaires%20-%20Tarification%20solidaire%202026-2027.pdf | https://les-aides.nouvelle-aquitaine.fr/system/files/specific_pj_files/Tarification%20solidaire%20cantines%20-%20FAQ%20familles%202026.pdf | https://les-aides.nouvelle-aquitaine.fr/system/files/specific_pj_files/FlyerTarification%20solidaire%202026_web.pdf | https://les-aides.nouvelle-aquitaine.fr/system/files/specific_pj_files/240206_Cdc_24-27_dessertes_V1.0_0.pdf | https://les-aides.nouvelle-aquitaine.fr/system/files/specific_pj_files/Annexe_1_D%C3%A9penses_pr%C3%A9visionnelles_Desserte_0.xlsx | https://les-aides.nouvelle-aquitaine.fr/system/files/specific_pj_files/Annexe_2_Impact_sur_la_mobilisation_des_bois_Desserte.pdf | https://les-aides.nouvelle-aquitaine.fr/system/files/specific_pj_files/Annexe_3_%20Aspects_environnementaux_Desserte.pdf | https://les-aides.nouvelle-aquitaine.fr/system/files/specific_pj_files/Ann_Etes_vous_soumis_CP.pdf | https://les-aides.nouvelle-aquitaine.fr/system/files/specific_pj_files/240112_CDC_DFCI_24_27_V1.0.pdf | https://les-aides.nouvelle-aquitaine.fr/system/files/specific_pj_files/Annexe_1_D%C3%A9pense_pr%C3%A9visionnelle_Risque.xlsx | https://les-aides.nouvelle-aquitaine.fr/system/files/specific_pj_files/Annexe%202%20Fiche%20Aspects%20environnementaux_Risques%20V1.0.docx | https://les-aides.nouvelle-aquitaine.fr/system/files/specific_pj_files/Annexe%204%20Postes%20de%20d%C3%A9penses_Risques%20V1.0.docx | https://les-aides.nouvelle-aquitaine.fr/system/files/specific_pj_files/Annexe%205%20Etes_vous_soumis_CP%20V2.0.pdf | https://les-aides.nouvelle-aquitaine.fr/system/files/specific_pj_files/260903-Pre_demande_Peuplement-V4.1.docx | https://les-aides.nouvelle-aquitaine.fr/system/files/specific_pj_files/260903_V4.1_CDC_PEUPLEMENT_730801.pdf | https://les-aides.nouvelle-aquitaine.fr/system/files/specific_pj_files/260903-Diagnostic_sylvicole-V4.1.docx | https://les-aides.nouvelle-aquitaine.fr/system/files/specific_pj_files/Annexe_V4.1-DepensesPrevisionnelles_FEADER_Peuplement.xlsx | https://les-aides.nouvelle-aquitaine.fr/system/files/specific_pj_files/260903-Attestation_honneur_proprietaire_operations_sylvicoles-V4.1.docx | https://les-aides.nouvelle-aquitaine.fr/sites/default/files/2025-05/Guide_utilisateur_MDNA.pdf | https://les-aides.nouvelle-aquitaine.fr/system/files/specific_pj_files/2025.07.11-RI_1_V6.pdf | https://les-aides.nouvelle-aquitaine.fr/system/files/specific_pj_files/ATTESTATION%20DE%20FIN%20DE%20STAGE_0.docx | https://les-aides.nouvelle-aquitaine.fr/system/files/specific_pj_files/2Aide_RegionNA_MobiliteInternationale_TutorielAide%20%281%29_0.pdf | https://les-aides.nouvelle-aquitaine.fr/system/files/specific_pj_files/DOSSIER%20de%20demande%20logement%20social%20jeunes_1.pdf | https://observatoire-des-territoires.gouv.fr/outils/cartographie-interactive | https://les-aides.nouvelle-aquitaine.fr/system/files/specific_pj_files/Dossier_Demande_Parasport.pdf | https://les-aides.nouvelle-aquitaine.fr/system/files/specific_pj_files/Dossier_Animations_territoriales_PDFModifiable.pdf | https://les-aides.nouvelle-aquitaine.fr/system/files/specific_pj_files/1_formulaire_D2_labels_27_guideRI.pdf | https://les-aides.nouvelle-aquitaine.fr/system/files/specific_pj_files/2_BP_2027__1.pdf | https://les-aides.nouvelle-aquitaine.fr/system/files/specific_pj_files/4_Charte%20d%27engagement_nouvelleversion_0.pdf | https://les-aides.nouvelle-aquitaine.fr/system/files/specific_pj_files/2bis_Synthese%20_budgetaire__D2_27_.pdf | https://les-aides.nouvelle-aquitaine.fr/system/files/specific_pj_files/2_BP_synth_budg_2027.pdf | https://les-aides.nouvelle-aquitaine.fr/system/files/specific_pj_files/4_Guide_RI_Autoeval_trame_0.pdf | https://les-aides.nouvelle-aquitaine.fr/system/files/specific_pj_files/1_D1_orchestres_2027.pdf | https://les-aides.nouvelle-aquitaine.fr/system/files/specific_pj_files/3_Charte%20d%27engagement_nouvelleversion.pdf | https://les-aides.nouvelle-aquitaine.fr/system/files/specific_pj_files/R%C3%A8glement%20d%27intervention_3.pdf | https://les-aides.nouvelle-aquitaine.fr/system/files/specific_pj_files/Dossier_Candidature.docx | https://les-aides.nouvelle-aquitaine.fr/system/files/specific_pj_files/Dossier_Candidature.pdf | https://les-aides.nouvelle-aquitaine.fr/system/files/specific_pj_files/Dossier_demande_aide_manifestations_sportives_0.pdf | https://les-aides.nouvelle-aquitaine.fr/system/files/specific_pj_files/RI_VA_Annexe_7.pdf | https://les-aides.nouvelle-aquitaine.fr/system/files/specific_pj_files/RI_ELCDS_Annexe.pdf | https://les-aides.nouvelle-aquitaine.fr/system/files/specific_pj_files/PREZ_FALC%20%282%29.pdf | https://les-aides.nouvelle-aquitaine.fr/system/files/specific_pj_files/RI_ELCDS_Annexe_1.pdf | https://les-aides.nouvelle-aquitaine.fr/system/files/specific_pj_files/PREZ_FALC.pdf | https://les-aides.nouvelle-aquitaine.fr/system/files/specific_pj_files/2026_DossierDemandeSubventionEVAS_ELCDS_AA.docx | https://les-aides.nouvelle-aquitaine.fr/system/files/specific_pj_files/2026_DossierDemandeSubventionEVAS_ELCDS_IP.docx | https://les-aides.nouvelle-aquitaine.fr/system/files/specific_pj_files/RI_ELCDS_Annexe_0.pdf | https://les-aides.nouvelle-aquitaine.fr/system/files/specific_pj_files/PREZ_FALC%20%281%29.pdf | https://les-aides.nouvelle-aquitaine.fr/system/files/specific_pj_files/CarteVulnerabiliteEPCI_2022.pdf | https://les-aides.nouvelle-aquitaine.fr/system/files/specific_pj_files/RI_VA_Annexe_2.pdf | https://les-aides.nouvelle-aquitaine.fr/system/files/specific_pj_files/PourGDA_NoteOrientation.pdf | https://les-aides.nouvelle-aquitaine.fr/system/files/specific_pj_files/RI_VA_Annexe_4.pdf | https://les-aides.nouvelle-aquitaine.fr/system/files/specific_pj_files/DEP_AIEI_A5_imp_1.pdf | https://les-aides.nouvelle-aquitaine.fr/system/files/specific_pj_files/DEP_360Export_PP.pdf | https://les-aides.nouvelle-aquitaine.fr/system/files/specific_pj_files/Candidature%20360%20export_1.pdf | https://les-aides.nouvelle-aquitaine.fr/system/files/specific_pj_files/GuideSolutions_360Export_2026_A4_web_compressed_0.pdf | https://les-aides.nouvelle-aquitaine.fr/system/files/specific_pj_files/Fiche_renseignements_Innovation_Numerique_responsable__0.docx | https://les-aides.nouvelle-aquitaine.fr/system/files/specific_pj_files/FORMULAIRE_SUBVENTION_ENTREPRISES_DU_QUOTIDIEN_V290324_0.xlsx | https://les-aides.nouvelle-aquitaine.fr/sites/default/files/2023-07/Demande%20pr%C3%A9alable%20DET-FEDER_InvestTrans_TransfNum_TPEPtentiel_R%26D_2.docx | https://les-aides.nouvelle-aquitaine.fr/sites/default/files/2023-05/Liste%20ConseillersTransmission.xlsx | https://les-aides.nouvelle-aquitaine.fr/system/files/specific_pj_files/FORMULAIRE_SUBVENTION_REPRISE_ENTREPRISE_AVEC_AUTODIAG.xlsx | https://les-aides.nouvelle-aquitaine.fr/system/files/specific_pj_files/Base%20des%20conseillers%20prescripteurs%20PTI29102024.xlsx | https://les-aides.nouvelle-aquitaine.fr/system/files/specific_pj_files/Base%20de%20diffusion%20des%20Organismes%20prescripteurs%20PTI13122024.xlsx | https://les-aides.nouvelle-aquitaine.fr/system/files/specific_pj_files/FORMULAIRE_SUBVENTION_ENTREPRISES_DU_QUOTIDIEN_V20240730.xlsx | https://les-aides.nouvelle-aquitaine.fr/system/files/specific_pj_files/CSQ_%20ELIGIBILITE_COMMUNES_RNA10122024.xlsx | https://les-aides.nouvelle-aquitaine.fr/system/files/specific_pj_files/Demande%20pr%C3%A9alable%20DET-FEDER_InvestTrans_TransfNum_TPEPtentiel_R%26D_1.docx | https://les-aides.nouvelle-aquitaine.fr/system/files/specific_pj_files/FLY_AAP_InnovezInventez_WEB.pdf | https://les-aides.nouvelle-aquitaine.fr/system/files/specific_pj_files/REFERENTS%20INNOVATION.xlsx | https://www.demarches-simplifiees.fr/commencer/aap-innovation-au-coeur-des-tpe | https://les-aides.nouvelle-aquitaine.fr/system/files/specific_pj_files/Dossier_candidature_RI.xlsx | https://les-aides.nouvelle-aquitaine.fr/system/files/specific_pj_files/notice_AFEST.pdf | https://les-aides.nouvelle-aquitaine.fr/system/files/specific_pj_files/R%C3%A8glement_14.pdf | https://les-aides.nouvelle-aquitaine.fr/system/files/specific_pj_files/Formulaire_dde_3.pdf | https://les-aides.nouvelle-aquitaine.fr/system/files/specific_pj_files/Formulaire_dde_2.docx | https://les-aides.nouvelle-aquitaine.fr/system/files/specific_pj_files/D%C3%A9fiNum_conseillers_num_CMA-CCI_0825_1.xlsx | https://les-aides.nouvelle-aquitaine.fr/system/files/specific_pj_files/WEB-DEPLIANT-3-VOLETS_148X210.pdf | https://les-aides.nouvelle-aquitaine.fr/system/files/specific_pj_files/ri-brevets.pdf | https://les-aides.nouvelle-aquitaine.fr/system/files/specific_pj_files/autorisation-versement-mineur.pdf | https://les-aides.nouvelle-aquitaine.fr/system/files/specific_pj_files/aide-depot-suividemande-bbb.pdf | https://les-aides.nouvelle-aquitaine.fr/system/files/specific_pj_files/Dispositif.pdf | https://les-aides.nouvelle-aquitaine.fr/system/files/specific_pj_files/RI_VA_Annexe_6.pdf | https://les-aides.nouvelle-aquitaine.fr/system/files/specific_pj_files/GrilleCommunaleDensite7Nniveaux_2025.pdf | https://les-aides.nouvelle-aquitaine.fr/system/files/specific_pj_files/OBJECTIFS_ET_MODALITES_PFMO_0.pdf | https://les-aides.nouvelle-aquitaine.fr/system/files/specific_pj_files/R%C3%A8glement%20Intervention_Equipements%20culturels.pdf | https://les-aides.nouvelle-aquitaine.fr/system/files/specific_pj_files/Tutoriel_Soutien_Equipements_Culturels_2022_0.pdf | https://les-aides.nouvelle-aquitaine.fr/system/files/specific_pj_files/Fiches%20techniques.pdf | https://les-aides.nouvelle-aquitaine.fr/system/files/specific_pj_files/AMI%20tiers-lieux_RegionNouvelleAquitaine.pdf | https://les-aides.nouvelle-aquitaine.fr/system/files/specific_pj_files/PlanDeFinancement_Invest%2BFonct_TiersLieux_0.xlsx | https://les-aides.nouvelle-aquitaine.fr/system/files/specific_pj_files/AMI_TiersLieux%2025-28_DossierCandidature_Developpement_0.docx | https://les-aides.nouvelle-aquitaine.fr/system/files/specific_pj_files/AMI_TiersLieux%2025-28_DossierCandidature_Creation.docx | https://les-aides.nouvelle-aquitaine.fr/system/files/specific_pj_files/DOSSIER_MECENAT_PAIRS_A_PAIRS1.docx | https://les-aides.nouvelle-aquitaine.fr/system/files/specific_pj_files/2026_DossierDemandeSubventionEVAS_VA_IVA.docx | https://les-aides.nouvelle-aquitaine.fr/system/files/specific_pj_files/RI_VA_Annexe_5.pdf | https://les-aides.nouvelle-aquitaine.fr/system/files/specific_pj_files/Formulaire_UsineduFutur.pdf | https://les-aides.nouvelle-aquitaine.fr/system/files/specific_pj_files/presentation_Usine_du_Futur.pdf | https://cvip.sphinxonline.net/surveyserver/s/RNA-Pole-DEE/UsineduFutur/questionnaire.htm | https://les-aides.nouvelle-aquitaine.fr/system/files/specific_pj_files/Dossier_identif_qualif_fournisseurs.xlsx | https://les-aides.nouvelle-aquitaine.fr/system/files/specific_pj_files/REGLEMENT%20INTERVENTION%20ET%20PIECES%20JUSTIFICATIVES_0_0.pdf | https://les-aides.nouvelle-aquitaine.fr/system/files/specific_pj_files/Autorisation%20versement%20jeune%20mineur_1.pdf | https://les-aides.nouvelle-aquitaine.fr/system/files/specific_pj_files/Attestation%20r%C3%A9ussite%20au%20code%20de%20la%20route_1.pdf | https://les-aides.nouvelle-aquitaine.fr/system/files/specific_pj_files/Fiche%20Evaluation%20socio-professionnelle%20d%C3%A9taill%C3%A9e%20_0.pdf | https://les-aides.nouvelle-aquitaine.fr/sites/default/files/2021-08/APC_comment_bien_saisir_ma_demande_1.pdf | https://les-aides.nouvelle-aquitaine.fr/system/files/specific_pj_files/formulaire%20alignement%20peuplier.pdf | https://les-aides.nouvelle-aquitaine.fr/system/files/specific_pj_files/Plan_controle_HVE_v4_2022.pdf | https://les-aides.nouvelle-aquitaine.fr/system/files/specific_pj_files/Structures%20r%C3%A9f%C3%A9rentes%202023.xlsx | https://les-aides.nouvelle-aquitaine.fr/system/files/specific_pj_files/Dossier_candidatureAAPtechnologies2025_2026_VF%20%281%29.docx | https://les-aides.nouvelle-aquitaine.fr/system/files/specific_pj_files/reglement_VF_AAPtechnologies_vecteurs_innovants_2025_2026.pdf | mailto:dynamique.design@nouvelle-aquitaine.fr | https://les-aides.nouvelle-aquitaine.fr/system/files/specific_pj_files/Dossier_candidature_AMI_Codesign.doc | https://les-aides.nouvelle-aquitaine.fr/system/files/specific_pj_files/Charte%20d%27engagement_culture_0.pdf | https://les-aides.nouvelle-aquitaine.fr/system/files/specific_pj_files/ORGANIGRAMME_SERVICE_1.docx | https://les-aides.nouvelle-aquitaine.fr/system/files/specific_pj_files/RI_0.pdf | https://les-aides.nouvelle-aquitaine.fr/system/files/specific_pj_files/Valorisations%20des%20contributions.pdf | https://les-aides.nouvelle-aquitaine.fr/sites/default/files/2025-12/Fiche_Renseignements_StartUp.docx | https://les-aides.nouvelle-aquitaine.fr/sites/default/files/2026-04/Cartographie_Structures_Innovation.pdf | https://les-aides.nouvelle-aquitaine.fr/system/files/specific_pj_files/Fiche_prealable_2025_2.docx | https://les-aides.nouvelle-aquitaine.fr/system/files/specific_pj_files/RI_EquipementPro_2020_0.pdf | https://les-aides.nouvelle-aquitaine.fr/system/files/specific_pj_files/LISTE_FORMATIONS_2022_2023.pdf | https://les-aides.nouvelle-aquitaine.fr/system/files/specific_pj_files/Liste_structures_2025.pdf | https://les-aides.nouvelle-aquitaine.fr/system/files/specific_pj_files/Fiche_prealable_2025_1.docx | https://les-aides.nouvelle-aquitaine.fr/system/files/specific_pj_files/PJ%20DE%20s%C3%A9lectionn%C3%A9%20GDA.pdf | https://les-aides.nouvelle-aquitaine.fr/system/files/specific_pj_files/RI_2V1_2024_DE.pdf | https://les-aides.nouvelle-aquitaine.fr/system/files/specific_pj_files/Fiche_prealable_2025.docx | https://les-aides.nouvelle-aquitaine.fr/system/files/specific_pj_files/1_formulaire_D1_equipes_27.pdf | https://les-aides.nouvelle-aquitaine.fr/system/files/specific_pj_files/2_BP_2027_.pdf | https://les-aides.nouvelle-aquitaine.fr/system/files/specific_pj_files/4_Charte%20d%27engagement.pdf | https://les-aides.nouvelle-aquitaine.fr/system/files/specific_pj_files/5_Guide_RI_Autoeval_trame_2027.pdf | https://les-aides.nouvelle-aquitaine.fr/system/files/specific_pj_files/Aide_RegionNA_Outils_linguistiques_culturels_DossierCandidature.pdf | https://les-aides.nouvelle-aquitaine.fr/system/files/specific_pj_files/Aide_RegionNA_Outils_linguistiques_culturels_DossierCandidature.docx | https://les-aides.nouvelle-aquitaine.fr/system/files/specific_pj_files/CARTE_enjeux_culture_patrimoine_0.pdf | https://les-aides.nouvelle-aquitaine.fr/system/files/specific_pj_files/Tutoriel_Mediation.pdf | https://les-aides.nouvelle-aquitaine.fr/system/files/specific_pj_files/Tutoriel_Operations_globales_de_sites_patrimoniaux_etudes_0.pdf | https://les-aides.nouvelle-aquitaine.fr/sites/default/files/2023-08/Tutoriel_Dossier_Equipements_Sportifs.pdf | https://les-aides.nouvelle-aquitaine.fr/system/files/specific_pj_files/RI%20Actions%20Educatives%20en%20Nouvelle-Aquitaine%2017%20mars%202025.pdf | https://les-aides.nouvelle-aquitaine.fr/system/files/specific_pj_files/IPS_%20%C3%A9tablissements_RNA_%20Guide%20des%20Aides%20AENA_3.xlsx | https://les-aides.nouvelle-aquitaine.fr/system/files/specific_pj_files/Carte_CEINA.pdf | https://les-aides.nouvelle-aquitaine.fr/system/files/specific_pj_files/Tutoriel_Operations_globales_de_sites_patrimoniaux_etudes.pdf | https://les-aides.nouvelle-aquitaine.fr/system/files/specific_pj_files/R%C3%A8glement-dintervention-1.pdf | https://les-aides.nouvelle-aquitaine.fr/system/files/specific_pj_files/MODELE-Formulaire-en-ligne-.docx | https://les-aides.nouvelle-aquitaine.fr/system/files/specific_pj_files/Mode%CC%80le-Budget-pre%CC%81visionnel-Association%20et%20projet.doc | https://les-aides.nouvelle-aquitaine.fr/system/files/specific_pj_files/bilan_activites_budget_definitif.docx | https://les-aides.nouvelle-aquitaine.fr/system/files/specific_pj_files/RegionNouvelleAquitaine_R%C3%A9glement%20Intervention%20EAU%202024.pdf | https://les-aides.nouvelle-aquitaine.fr/system/files/specific_pj_files/RegionNouvelleAquitaine_EAU-dossier_demande%20subvention_2024.docx | https://les-aides.nouvelle-aquitaine.fr/system/files/specific_pj_files/RegionNouvelleAquitaine_EAU_dossier_plan%20financement_2024.xlsx | https://les-aides.nouvelle-aquitaine.fr/system/files/specific_pj_files/Conditions-et-Modalites-AAP-lutte-decrochage-scolaire.pdf | https://les-aides.nouvelle-aquitaine.fr/system/files/specific_pj_files/Attestation-Chef-etablissement-projet-lutte-decrochage-scolaire.pdf | https://les-aides.nouvelle-aquitaine.fr/system/files/specific_pj_files/Fiche_prealable_2025_0.docx | https://teleprocedures-jeunes.nouvelle-aquitaine.pro/initiatives-jeunesse.html | https://les-aides.nouvelle-aquitaine.fr/system/files/specific_pj_files/MODELE-Formulaire-en-ligne_.docx | https://les-aides.nouvelle-aquitaine.fr/system/files/specific_pj_files/r%C3%A9glement%20d%27intervention%20initiative%20de%20jeunes_1.pdf | https://les-aides.nouvelle-aquitaine.fr/system/files/specific_pj_files/bilan_activites_budget_definitif_0.docx | https://les-aides.nouvelle-aquitaine.fr/system/files/specific_pj_files/Mode%CC%80le-Budget-pre%CC%81visionnel-Association%20et%20projet_0.doc | https://les-aides.nouvelle-aquitaine.fr/system/files/specific_pj_files/Dossier%20LI.pdf | https://les-aides.nouvelle-aquitaine.fr/system/files/specific_pj_files/2025_Fiche_demande_prealable_FC_CEE_VF.pdf | https://les-aides.nouvelle-aquitaine.fr/system/files/specific_pj_files/AAP_Competitivite_energetique_2025_VF.pdf | https://les-aides.nouvelle-aquitaine.fr/system/files/specific_pj_files/ANN-Laureats-2023_AAP_CEE_def%20web.pdf | https://les-aides.nouvelle-aquitaine.fr/system/files/specific_pj_files/Guide_aide_decision_methanisation_2025_VFP2.pdf | https://les-aides.nouvelle-aquitaine.fr/system/files/specific_pj_files/Mod%C3%A8le_Fiche%20de%20premier%20contact.docx | https://les-aides.nouvelle-aquitaine.fr/system/files/specific_pj_files/MesDemarchesEnNouvelleAquitaine_Tutoriel_EvenementTerritoriauxEconomique.pdf | https://les-aides.nouvelle-aquitaine.fr/system/files/specific_pj_files/Liste%20des%20pi%C3%A8ces%20%C3%A0%20fournir.pdf | https://les-aides.nouvelle-aquitaine.fr/system/files/specific_pj_files/cerfa_12156-06_1.pdf | https://les-aides.nouvelle-aquitaine.fr/system/files/specific_pj_files/2020.1139.SP_deliberation.pdf | https://les-aides.nouvelle-aquitaine.fr/system/files/specific_pj_files/Notice_dispositif_Harcelement.pdf | https://les-aides.nouvelle-aquitaine.fr/system/files/specific_pj_files/RI%20Actions%20Educatives%20en%20Nouvelle-Aquitaine%2017%20mars%202025_2.pdf | https://les-aides.nouvelle-aquitaine.fr/system/files/specific_pj_files/IPS_%20%C3%A9tablissements_RNA_%20Guide%20des%20Aides%20AENA_6.xlsx | https://les-aides.nouvelle-aquitaine.fr/system/files/specific_pj_files/Synth%C3%A8se%20R%C3%A8glement%20Volontariat%20et%20%C3%A9changes%20internationaux.pdf | https://les-aides.nouvelle-aquitaine.fr/system/files/specific_pj_files/fiche%20frais%20exceptionnels.xls | https://les-aides.nouvelle-aquitaine.fr/system/files/specific_pj_files/budget%20PROJET.xls | https://les-aides.nouvelle-aquitaine.fr/system/files/specific_pj_files/Compte%20rendu%20financier%20de%20subvention.pdf | https://les-aides.nouvelle-aquitaine.fr/system/files/specific_pj_files/D%C3%A9lib%C3%A9ration_1.pdf | https://les-aides.nouvelle-aquitaine.fr/system/files/specific_pj_files/DEP_AIEI_A5_imp.pdf | https://les-aides.nouvelle-aquitaine.fr/system/files/specific_pj_files/RI%20Actions%20Educatives%20en%20Nouvelle-Aquitaine%2017%20mars%202025_0.pdf | https://les-aides.nouvelle-aquitaine.fr/system/files/specific_pj_files/IPS_%20%C3%A9tablissements_RNA_%20Guide%20des%20Aides%20AENA_4.xlsx | https://les-aides.nouvelle-aquitaine.fr/system/files/specific_pj_files/RI%20Actions%20Educatives%20en%20Nouvelle-Aquitaine%2017%20mars%202025_3.pdf | https://les-aides.nouvelle-aquitaine.fr/system/files/specific_pj_files/IPS_%20%C3%A9tablissements_RNA_%20Guide%20des%20Aides%20AENA_5.xlsx | https://les-aides.nouvelle-aquitaine.fr/system/files/specific_pj_files/DEP_AIEI_A5_imp_0.pdf | https://les-aides.nouvelle-aquitaine.fr/system/files/specific_pj_files/Charte%20d%27engagement%20Culture%20et%20Patrimoine.pdf | https://les-aides.nouvelle-aquitaine.fr/system/files/specific_pj_files/Soutien%20aux%20Maisons%20des%20Lyceens%20et%20Alesa.pdf | https://les-aides.nouvelle-aquitaine.fr/system/files/specific_pj_files/MDNA_Tuto_FormulaireUniforme_MDL_ALESA.pdf | https://les-aides.nouvelle-aquitaine.fr/system/files/specific_pj_files/cerfa_13971-03.pdf | https://les-aides.nouvelle-aquitaine.fr/system/files/specific_pj_files/IPS_%C3%A9tablissements_RNA_%20Guide%20des%20Aides%20AENA%20.xlsx | https://les-aides.nouvelle-aquitaine.fr/sites/default/files/2019-09/fiche-de-demande-prealable-IAA_0.docx | https://les-aides.nouvelle-aquitaine.fr/system/files/specific_pj_files/Fiche_demande%20%28xls%29.xlsx | https://les-aides.nouvelle-aquitaine.fr/system/files/specific_pj_files/Fiche_demande%20%28pdf%29.pdf | https://les-aides.nouvelle-aquitaine.fr/system/files/specific_pj_files/20250317_Reglement_FCI_Vdef.pdf | https://les-aides.nouvelle-aquitaine.fr/system/files/specific_pj_files/Carte_CI_2024_VF.pdf | https://les-aides.nouvelle-aquitaine.fr/system/files/specific_pj_files/Procedure_Depot_DemandeAide_2.pdf | https://les-aides.nouvelle-aquitaine.fr/system/files/specific_pj_files/Conditions_Attribution.pdf | https://les-aides.nouvelle-aquitaine.fr/system/files/specific_pj_files/Liste_bin%C3%B4mes_0.pdf | https://les-aides.nouvelle-aquitaine.fr/system/files/specific_pj_files/CARTE_enjeux_culture_patrimoine_1.pdf | https://les-aides.nouvelle-aquitaine.fr/system/files/specific_pj_files/Tutoriel_Villes_Pays_Art_Histoire.pdf | https://les-aides.nouvelle-aquitaine.fr/system/files/specific_pj_files/Formulaire%20de%20demande%20d%27aide%20animation.docx | https://les-aides.nouvelle-aquitaine.fr/system/files/specific_pj_files/Dispositif_0.pdf | https://les-aides.nouvelle-aquitaine.fr/system/files/specific_pj_files/Formulaire%20demande_0_3.pdf | https://les-aides.nouvelle-aquitaine.fr/system/files/specific_pj_files/Liste_structures_2025_0.pdf | https://les-aides.nouvelle-aquitaine.fr/system/files/specific_pj_files/Liste_structures_2025_1.pdf | https://les-aides.nouvelle-aquitaine.fr/system/files/specific_pj_files/Affiche_PREVANA_0.pdf | https://les-aides.nouvelle-aquitaine.fr/system/files/specific_pj_files/Programme_TBTB.pdf | https://les-aides.nouvelle-aquitaine.fr/system/files/specific_pj_files/Cahier_des_charges_AMI_0.pdf | https://les-aides.nouvelle-aquitaine.fr/system/files/specific_pj_files/dossier_dde_sub_PREVA_NA_TBTB_2024_2028_0.doc | https://les-aides.nouvelle-aquitaine.fr/system/files/specific_pj_files/WEBINAIRE_AMI_PREVANA_2024_2028.pdf | https://www.europe-en-nouvelle-aquitaine.eu/sites/default/files/2026-07/260715_V2_AAP2026_fonctionnement_PEI_1.pdf | https://www.europe-en-nouvelle-aquitaine.eu/sites/default/files/2026-07/260715_V2_AAP2026_PEI_Annexe1_liste_partenaires_GO.xlsx | https://www.europe-en-nouvelle-aquitaine.eu/sites/default/files/2026-07/260715_V2_AAP2026_PEI_Annexe2_conv-partenariat.docx | https://www.europe-en-nouvelle-aquitaine.eu/sites/default/files/2026-07/260715_V2_AAP2026_PEI_Tableau_Depenses_Previ.xlsx | https://www.europe-en-nouvelle-aquitaine.eu/sites/default/files/2026-07/260715_V2_AAP2026_PEI_Annexe3_valorisation.docx | https://www.europe-en-nouvelle-aquitaine.eu/sites/default/files/2026-06/Ann_Etes_vous_soumis_CP.DOCX | https://www.europe-en-nouvelle-aquitaine.eu/sites/default/files/2026-07/260715_V2_AAP2026_PEI_Annexe-fin-conv-partenariat.xls | https://www.europe-en-nouvelle-aquitaine.eu/sites/default/files/2026-07/fichier_excel_EIP_2023-2027_V2.xlsx | https://www.europe-en-nouvelle-aquitaine.eu/sites/default/files/2026-06/Formulaire_respectCP.docx | https://www.europe-en-nouvelle-aquitaine.eu/sites/default/files/2026-06/GuidePorteur_AnnCP.pdf | https://www.europe-en-nouvelle-aquitaine.eu/fr/contact/aap_partenariat_europeen_d_innov | https://www.europe-en-nouvelle-aquitaine.eu/sites/default/files/2025-11/20251117_V1_AAP_AccompagnementInstallation2026.pdf | https://www.europe-en-nouvelle-aquitaine.eu/fr/media/6812 | https://www.europe-en-nouvelle-aquitaine.eu/fr/media/6813 | https://www.europe-en-nouvelle-aquitaine.eu/fr/media/6814 | https://www.europe-en-nouvelle-aquitaine.eu/fr/media/6815 | https://www.europe-en-nouvelle-aquitaine.eu/fr/media/6816 | https://www.europe-en-nouvelle-aquitaine.eu/sites/default/files/2025-11/20251117_V1_Annexe6_Annexe1_TFUE.pdf | https://www.europe-en-nouvelle-aquitaine.eu/sites/default/files/2026-09/annexe1_diagnostic.docx | https://www.europe-en-nouvelle-aquitaine.eu/sites/default/files/2026-09/annexe2_rendu_EE_0.docx | https://www.europe-en-nouvelle-aquitaine.eu/sites/default/files/2026-09/annexe3_suivi_0.docx | https://www.europe-en-nouvelle-aquitaine.eu/sites/default/files/2026-09/annexe4_formulaire.docx | https://www.europe-en-nouvelle-aquitaine.eu/sites/default/files/2026-09/AAC_2027.pdf | https://www.europe-en-nouvelle-aquitaine.eu/fr/media/7704 | https://www.europe-en-nouvelle-aquitaine.eu/fr/media/7701 | https://www.europe-en-nouvelle-aquitaine.eu/fr/media/7702 | https://www.europe-en-nouvelle-aquitaine.eu/sites/default/files/2026-06/ANNEXE1_masses_deau_desequilibre.xlsx | https://www.europe-en-nouvelle-aquitaine.eu/sites/default/files/2026-06/ANNEXE4_AA_Pieces_justificatives.xlsx | https://www.europe-en-nouvelle-aquitaine.eu/sites/default/files/2026-06/ANNEXE5_formulaire_demande_amelioration.pdf | https://www.europe-en-nouvelle-aquitaine.eu/fr/media/7703 | https://www.europe-en-nouvelle-aquitaine.eu/sites/default/files/2026-09/2026_AAP_ReUse_osp2_4_VF.pdf | https://www.europe-en-nouvelle-aquitaine.eu/sites/default/files/2026-09/Formulaire_technique_V3_1.docx | http://www.facebook.com/share.php?u=https://www.europe-en-nouvelle-aquitaine.eu/fr/appels-%C3%A0-projets/appel-projets-feder-reutilisation-des-eaux-non-conventionnelles-2eme-session.html&title=Appel%20%C3%A0%20projets%20FEDER%20-%20%22R%C3%A9utilisation%20des%20eaux%20non%20conventionnelles%22%202%C3%A8me%20session | https://twitter.com/intent/tweet?url=https://www.europe-en-nouvelle-aquitaine.eu/fr/appels-%C3%A0-projets/appel-projets-feder-reutilisation-des-eaux-non-conventionnelles-2eme-session.html&status=Appel+%C3%A0+projets+FEDER+-+%22R%C3%A9utilisation+des+eaux+non+conventionnelles%22+2%C3%A8me+session+https://www.europe-en-nouvelle-aquitaine.eu/fr/appels-%C3%A0-projets/appel-projets-feder-reutilisation-des-eaux-non-conventionnelles-2eme-session.html | https://www.europe-en-nouvelle-aquitaine.eu/social-media-forward?subject=Appel%20%C3%A0%20projets%20FEDER%20-%20%22R%C3%A9utilisation%20des%20eaux%20non%20conventionnelles%22%202%C3%A8me%20session&body=https://www.europe-en-nouvelle-aquitaine.eu/fr/appels-%C3%A0-projets/appel-projets-feder-reutilisation-des-eaux-non-conventionnelles-2eme-session.html&destination=/node/11847 | https://www.europe-en-nouvelle-aquitaine.eu/sites/default/files/2026-03/260316_V1_AAP2026_73.01.04_MecaZM.pdf | https://www.europe-en-nouvelle-aquitaine.eu/sites/default/files/2026-03/Annexe_DepensesPrevisionnelles_MecaZM2026_V1.xlsx | https://www.europe-en-nouvelle-aquitaine.eu/sites/default/files/2026-03/Convention%20de%20partenariat%2Bannexes%20RDR4_V1.0_0.docx | https://www.europe-en-nouvelle-aquitaine.eu/sites/default/files/2026-03/Mod%C3%A8le_convention_mandat.docx | https://www.europe-en-nouvelle-aquitaine.eu/sites/default/files/2026-03/13032026_Criteres_selection_73.01.04_PCAE_Inv_MecaMontagne_2026_A%20REMPLIR.xlsx | https://www.europe-en-nouvelle-aquitaine.eu/sites/default/files/2026-03/Annexe%201_sous-zone_ICHN_2023.xlsx | https://www.europe-en-nouvelle-aquitaine.eu/sites/default/files/2026-03/Arr%C3%AAt%C3%A9%20ICHN-2023-2027_1.pdf | https://www.europe-en-nouvelle-aquitaine.eu/sites/default/files/2026-03/ListePJ_M%C3%A9caZM2026_DemandeAide.pdf | https://www.europe-en-nouvelle-aquitaine.eu/fr/contact/aap_2024_gardiennage | https://www.europe-en-nouvelle-aquitaine.eu/sites/default/files/2026-06/Reglement_AAP_ICU_2ndesession_VF_DEf.pdf | https://www.europe-en-nouvelle-aquitaine.eu/sites/default/files/2026-06/20260616_Webinaire_AAP_ICU_2_VF.pdf","VERIFIE","100","100"
"pdl_aHR0cHM6Ly93d3cucGF5c2RlbGFs","Document officiel","AIDE","REGIONAL","Pays de la Loire","Région Pays de la Loire | Pays de la Loire | Pays de la Loire Innovation","SUBVENTION | PRET_TAUX_ZERO | AVANCE_REMBOURSABLE","PME | GE | ETI | STARTUP","9200","150000","","","","","2026-05-22","oui","https://www.paysdelaloire.fr/sites/default/files/2026-07/A5-flyer-Campus-a2pas-WEB.pdf","https://www.paysdelaloire.fr/les-aides/aap-handicap-et-tourisme | https://www.paysdelaloire.fr/les-aides/accelerateur-dinamic-pour-les-entreprises | https://www.paysdelaloire.fr/sites/default/files/2026-07/A5-flyer-Campus-a2pas-WEB.pdf | https://www.paysdelaloire.fr/sites/default/files/2026-03/Coordonn%C3%A9es%20GAL%20LEADER%2023-27.zip | https://www.paysdelaloire.fr/sites/default/files/2024-04/Liste%20GAL%20et%20enveloppe%2023-27.pdf | https://www.paysdelaloire.fr/sites/default/files/2026-01/202601_guide%20d%C3%A9penses%20de%20personnel.pdf | https://www.paysdelaloire.fr/sites/default/files/2024-03/2024_03_Guide_taux_7_LEADER.pdf | https://www.paysdelaloire.fr/sites/default/files/2026-07/Note_soumission_commande_publique_FEADER_FEDER-FSE-FTJ_V4_02042026.docx | https://www.paysdelaloire.fr/sites/default/files/2025-02/Guide%20comm%20FEADER%20VF%20%287%29.pdf | https://www.paysdelaloire.fr/sites/default/files/2026-07/Guide%20de%20vigilance%20du%20porteur%20de%20projet%2021-27.pdf | https://www.paysdelaloire.fr/sites/default/files/2024-03/LEADER_attestation_delegation_signature_representant_legal.docx | https://www.paysdelaloire.fr/sites/default/files/2024-03/Mod%C3%A8le_lettre%20de%20mission_personnel_V1.doc | https://www.paysdelaloire.fr/sites/default/files/2024-03/Porteur%20priv%C3%A9_Attestation-non-recuperation-TVA.docx | https://www.paysdelaloire.fr/sites/default/files/2024-10/Formulaire%20d%27autorisation%20de%20d%C3%A9p%C3%B4t%20portail%20des%20aides.docx | https://www.paysdelaloire.fr/sites/default/files/2026-03/Plan_Financement_d%C3%A9taill%C3%A9_V13.zip | https://www.paysdelaloire.fr/sites/default/files/2026-07/Modele-Declaration-absence-conflit-d-interet_FEDER-FSE-FTJ-FEADER_V4.docx | https://www.paysdelaloire.fr/sites/default/files/2026-07/Annexe%20CP_Pi%C3%A8ces%20justificatives%20pour%20march%C3%A9s%20publics_FEDER-FSE-FTJ_V4.docx | https://www.paysdelaloire.fr/sites/default/files/2026-07/Annexe_Modifications%20de%20march%C3%A9_Recensement.zip | https://www.paysdelaloire.fr/sites/default/files/2026-07/Annexe_Titulaire%20%26%20Sous-traitants_Recensement%20donn%C3%A9es_FEADER.zip | https://www.paysdelaloire.fr/sites/default/files/2026-03/Annexe%20d%C3%A9penses%20r%C3%A9alis%C3%A9es%20V3.zip | https://www.paysdelaloire.fr/sites/default/files/2025-11/V2%20de%20Etat_versements_cofinanceurs_publics_.zip | https://www.paysdelaloire.fr/sites/default/files/2025-11/Temps%20variable__fiche_suivi_temps_0.zip | https://www.paysdelaloire.fr/sites/default/files/2023-09/Coordonn%C3%A9es%20GAL%20LEADER.zip | https://www.paysdelaloire.fr/sites/default/files/2020-01/livret_iti_2019_web.pdf | https://www.paysdelaloire.fr/les-aides/bourses-regionales-pour-les-eleves-et-etudiants-en-formation-initiale-sociale-paramedicale-et-de | https://www.paysdelaloire.fr/les-aides/contrat-pour-la-loire-et-ses-annexes | https://aleop.paysdelaloire.fr/aleop-en-loire-atlantique | https://aleop.paysdelaloire.fr/aleop-en-maine-et-loire-0 | https://aleop.paysdelaloire.fr/aleop-en-mayenne-0 | https://aleop.paysdelaloire.fr/aleop-en-sarthe-0 | https://aleop.paysdelaloire.fr/aleop-en-vendee | https://www.paysdelaloire.fr/sites/default/files/2019-10/dtee_2018_plaquette-transition-energetique.pdf | https://www.paysdelaloire.fr/sites/default/files/2025-03/SRB%202024-2030_0.pdf | https://www.paysdelaloire.fr/sites/default/files/2020-02/cp_18-05-23_environnement_club-mecene-biodiversite.pdf | https://www.paysdelaloire.fr/sites/default/files/2026-03/R%C3%A9gion%20Pays%20de%20la%20Loire%20-%20Update%202026%20-%20Document%20d%27Information%20%28FINAL%29.pdf | https://www.paysdelaloire.fr/sites/default/files/2025-03/Document%20d%27Information%202025.pdf | https://www.paysdelaloire.fr/sites/default/files/2025-04/Document%20d%27Information%20EMTN%20ENG%20-%204%20mars%202025.pdf | https://www.paysdelaloire.fr/sites/default/files/2025-03/Suppl%C3%A9ment%20Document%20d%27Information%202025.pdf | https://www.paysdelaloire.fr/sites/default/files/2024-03/Document%20d%27Information%202024.pdf | https://www.paysdelaloire.fr/sites/default/files/2023-01/Document%20d%27Information%20EMTN%20-%2023%20janvier%202023.pdf | https://www.paysdelaloire.fr/sites/default/files/2021-10/prospectus-emtn-15-octobre-2021.pdf | https://www.paysdelaloire.fr/sites/default/files/2020-10/prospectus-emtn-2020.pdf | https://www.paysdelaloire.fr/sites/default/files/2021-02/supplement-document-dinformation_vf_cl.pdf | https://www.paysdelaloire.fr/sites/default/files/2020-01/prospectus-emtn-23mai2019.pdf | https://www.paysdelaloire.fr/sites/default/files/2020-07/supplement-1-au-prospectus-emtn-du-23-mai-2019.pdf | https://www.paysdelaloire.fr/sites/default/files/2020-01/prospectus-emtn-14-mai-2018.pdf | https://www.paysdelaloire.fr/sites/default/files/2020-01/supplement-1-prospectus-emtn-14-mai-2018.pdf | https://www.paysdelaloire.fr/sites/default/files/2020-01/supplement-2-prospectus-emtn-14-mai-2018.pdf | https://www.paysdelaloire.fr/sites/default/files/2020-01/prospectus-emtn-19-juillet-2016.pdf | https://www.paysdelaloire.fr/sites/default/files/2020-01/supplement-prospectus-emtn-19-juillet-2016.pdf | https://www.paysdelaloire.fr/sites/default/files/2020-01/prospectus_131014.pdf | https://www.paysdelaloire.fr/sites/default/files/2020-01/supplement-1-prospectus-emtn-13-octobre-2014.pdf | https://www.paysdelaloire.fr/sites/default/files/2020-01/supplement-2-prospectus-emtn-13-octobre-2014.pdf | https://www.paysdelaloire.fr/sites/default/files/2020-01/supplement-3-prospectus-emtn-13-octobre-2014.pdf | https://www.paysdelaloire.fr/sites/default/files/2020-01/prospectus_230413.pdf | https://www.paysdelaloire.fr/sites/default/files/2020-01/supplement-1-prospectus-emtn-23-avril-2013.pdf | https://www.paysdelaloire.fr/sites/default/files/2020-01/supplement-2-prospectus-emtn-23-avril-2013.pdf | https://www.paysdelaloire.fr/sites/default/files/2020-01/prospectus-emtn-19-octobre-2011.pdf | https://www.paysdelaloire.fr/sites/default/files/2020-01/supplement-1-prospectus-19-octobre-2011.pdf | https://www.paysdelaloire.fr/sites/default/files/2020-01/supplement-2-prospectus-emtn-19-octobre-2011.pdf | https://www.paysdelaloire.fr/sites/default/files/2023-01/Reporting%20Sustainable%20Bond%202021.pdf | https://www.paysdelaloire.fr/sites/default/files/2024-07/Reporting%202024.pdf | https://www.paysdelaloire.fr/sites/default/files/2021-10/presentation_sustainable_2021_0.pdf | https://www.paysdelaloire.fr/sites/default/files/2021-10/presentation-sustainable-2021-en.pdf | https://www.paysdelaloire.fr/sites/default/files/2021-10/framework-fr.pdf | https://www.paysdelaloire.fr/sites/default/files/2021-10/framework-en.pdf | https://www.paysdelaloire.fr/sites/default/files/2021-10/second-party-opinion-fr.pdf | https://www.paysdelaloire.fr/sites/default/files/2021-10/second-party-opinion-en.pdf | https://www.paysdelaloire.fr/sites/default/files/2020-01/presentation-green-bond-fr.pdf | https://www.paysdelaloire.fr/sites/default/files/2020-01/presentation-green-bond-en.pdf | https://www.paysdelaloire.fr/sites/default/files/2020-01/framework-fr.pdf | https://www.paysdelaloire.fr/sites/default/files/2020-01/framework-en.pdf | https://www.paysdelaloire.fr/sites/default/files/2020-01/second-party-opinion-fr.pdf | https://www.paysdelaloire.fr/sites/default/files/2020-01/second-party-opinion-en.pdf | https://www.paysdelaloire.fr/sites/default/files/2020-11/reporting-2019.pdf | https://www.paysdelaloire.fr/sites/default/files/2021-06/reporting-2020.pdf | https://www.paysdelaloire.fr/sites/default/files/2025-07/2025.77.PDF | https://www.paysdelaloire.fr/sites/default/files/2025-07/2025.76.PDF | https://www.paysdelaloire.fr/sites/default/files/2025-07/2025.75.PDF | https://www.paysdelaloire.fr/sites/default/files/2025-06/2025.72.2031.06.12.pdf | https://www.paysdelaloire.fr/sites/default/files/2024-11/2024.64.2041.10.30.pdf | https://www.paysdelaloire.fr/sites/default/files/2024-11/2024.63.2037.10.30.pdf | https://www.paysdelaloire.fr/sites/default/files/2024-11/2024.62.2037.10.30.pdf | https://www.paysdelaloire.fr/sites/default/files/2024-06/2024.61.2042.04.08.pdf | https://www.paysdelaloire.fr/sites/default/files/2024-04/2024.60.2039.03.28.pdf | https://www.paysdelaloire.fr/sites/default/files/2024-04/2024.59.2038.03.28.pdf | https://www.paysdelaloire.fr/sites/default/files/2023-10/2023.57.20238.10.24.pdf | https://www.paysdelaloire.fr/sites/default/files/2022-06/2022.52.2037.06.09.pdf | https://www.paysdelaloire.fr/sites/default/files/2022-06/2022.51.2042.06.09.pdf | https://www.paysdelaloire.fr/sites/default/files/2022-06/2022.50.2042.06.02.pdf | https://www.paysdelaloire.fr/sites/default/files/2021-03/2021.47.2035.03.09.pdf | https://www.paysdelaloire.fr/sites/default/files/2021-03/2021.46.2034.03.09.pdf | https://www.paysdelaloire.fr/sites/default/files/2021-03/2021.45.2033.03.09.pdf | https://www.paysdelaloire.fr/sites/default/files/2021-03/2021.44.2031.03.10.pdf | https://www.paysdelaloire.fr/sites/default/files/2021-03/2021.43.2036.03.10.pdf | https://www.paysdelaloire.fr/sites/default/files/2021-03/2021.42.2028.02.03.pdf | https://www.paysdelaloire.fr/sites/default/files/2020-10/2020.41.2039.12.20.pdf | https://www.paysdelaloire.fr/sites/default/files/2020-10/2020.40.2028.02.01.pdf | https://www.paysdelaloire.fr/sites/default/files/2020-10/2020.39.2040.09.25.pdf | https://www.paysdelaloire.fr/sites/default/files/2020-07/2020.38.2032.05.18.pdf | https://www.paysdelaloire.fr/sites/default/files/2020-07/2020.37.2036.05.12.pdf | https://www.paysdelaloire.fr/sites/default/files/2020-07/2019.36.2031.12.19.pdf | https://www.paysdelaloire.fr/sites/default/files/2020-07/2019.35.2031.12.17.pdf | https://www.paysdelaloire.fr/sites/default/files/2020-01/2019.34.2028.04.03.pdf | https://www.paysdelaloire.fr/sites/default/files/2020-01/2019.33.2024.03.12.pdf | https://www.paysdelaloire.fr/sites/default/files/2020-01/2019.32.2035.03.15.pdf | https://www.paysdelaloire.fr/sites/default/files/2020-01/2019.31.2023.03.12.pdf | https://www.paysdelaloire.fr/sites/default/files/2020-01/2018.27.2027.06.04.pdf | https://www.paysdelaloire.fr/sites/default/files/2020-01/2018.26.2030.06.04.pdf | https://www.paysdelaloire.fr/sites/default/files/2020-01/2017.25.2031.12.08.pdf | https://www.paysdelaloire.fr/sites/default/files/2020-01/2017.24.2028.12.08.pdf | https://www.paysdelaloire.fr/sites/default/files/2020-01/2017.23.2023.10.29.pdf | https://www.paysdelaloire.fr/sites/default/files/2020-01/2017.22.2024.04.10.pdf | https://www.paysdelaloire.fr/sites/default/files/2020-01/2017.21.2027.04.06.pdf | https://www.paysdelaloire.fr/sites/default/files/2020-01/2017.20.2026.04.20.pdf | https://www.paysdelaloire.fr/sites/default/files/2020-01/2016.19.2026.08.10.pdf | https://www.paysdelaloire.fr/sites/default/files/2020-01/2016.18.2033.08.08.pdf | https://www.paysdelaloire.fr/sites/default/files/2020-01/2016.17.2026.08.05.pdf | https://www.paysdelaloire.fr/sites/default/files/2020-01/2016.16.2034.08.03.pdf | https://www.paysdelaloire.fr/sites/default/files/2020-01/2015.15.2019.10.08.pdf | https://www.paysdelaloire.fr/sites/default/files/2020-01/2015.14.2035.09.18.pdf | https://www.paysdelaloire.fr/sites/default/files/2020-01/2015.13.2020.09.18.pdf | https://www.paysdelaloire.fr/sites/default/files/2020-01/2015.12.2020.09.18.pdf | https://www.paysdelaloire.fr/sites/default/files/2020-01/2015.11.2019.06.24.pdf | https://www.paysdelaloire.fr/sites/default/files/2020-01/2015.10.2021.06.03.pdf | https://www.paysdelaloire.fr/sites/default/files/2020-01/2014.9.2020.12.23.pdf | https://www.paysdelaloire.fr/sites/default/files/2020-01/2014.8.2032.12.12.pdf | https://www.paysdelaloire.fr/sites/default/files/2020-01/2014.7.2034.05.05.pdf | https://www.paysdelaloire.fr/sites/default/files/2020-01/2014.6.2029.04.11.pdf | https://www.paysdelaloire.fr/sites/default/files/2020-01/2013.5.2024.06.14.pdf | https://www.paysdelaloire.fr/sites/default/files/2020-01/2013.4.2025.06.13.pdf | https://www.paysdelaloire.fr/sites/default/files/2020-01/2012.3.2023.10.19.pdf | https://www.paysdelaloire.fr/sites/default/files/2020-01/2012.2.2018.10.24.pdf | https://www.paysdelaloire.fr/sites/default/files/2020-01/2012.1.2022.02.12.pdf | https://www.paysdelaloire.fr/sites/default/files/2026-04/2026_04_CONTRAT_EMPRUNT_GFI_20262.pdf | https://www.paysdelaloire.fr/sites/default/files/2026-04/2026_04_CONTRAT_EMPRUNT_GFI_20263.pdf | https://www.paysdelaloire.fr/sites/default/files/2026-04/2026_04_CONTRAT_EMPRUNT_GFI_20264.pdf | https://www.paysdelaloire.fr/sites/default/files/2026-06/2026_06_CONTRAT_TPICAP_20265.pdf | https://www.paysdelaloire.fr/sites/default/files/2026-07/2026_06_CONTRAT_TPICAP_20266.pdf | https://www.paysdelaloire.fr/sites/default/files/2025-07/2025.74.PDF | https://www.paysdelaloire.fr/sites/default/files/2025-06/2025.73.2032.05.25.pdf | https://www.paysdelaloire.fr/sites/default/files/2025-06/2025.71.2037.05.30.pdf | https://www.paysdelaloire.fr/sites/default/files/2025-06/2025.70.2039.05.28.pdf | https://www.paysdelaloire.fr/sites/default/files/2025-06/2025.69.2030.05.23.pdf | https://www.paysdelaloire.fr/sites/default/files/2025-06/2025.68.2039.05.26.pdf | https://www.paysdelaloire.fr/sites/default/files/2025-06/2025.67.2030.05.26.pdf | https://www.paysdelaloire.fr/sites/default/files/2025-06/2025.66.2037.05.26.pdf | https://www.paysdelaloire.fr/sites/default/files/2025-11/Reporting%20sustainable%202025.pdf | https://www.paysdelaloire.fr/sites/default/files/2024-11/2024.65.2035.10.30.pdf | https://www.paysdelaloire.fr/sites/default/files/2024-03/2024.58.2044.03.22.pdf | https://www.paysdelaloire.fr/sites/default/files/2023-06/2023.56.2032.06.06.pdf | https://www.paysdelaloire.fr/sites/default/files/2023-06/2023.55.2039.06.06.pdf | https://www.paysdelaloire.fr/sites/default/files/2023-06/2023.54.2043.04.27.pdf | https://www.paysdelaloire.fr/sites/default/files/2023-06/2023.53.2038.04.21.pdf | https://www.paysdelaloire.fr/sites/default/files/2021-11/2021.49.2044.11.04.pdf | https://www.paysdelaloire.fr/sites/default/files/2021-10/2021.48.2041.10.28.pdf | https://www.paysdelaloire.fr/sites/default/files/2020-01/2018.30.2040.10.23.pdf | https://www.paysdelaloire.fr/sites/default/files/2020-01/2018.29.2033.10.12.pdf | https://www.paysdelaloire.fr/sites/default/files/2020-01/2018.28.2030.10.12.pdf | https://www.paysdelaloire.fr/sites/default/files/2026-08/Documentation%20Financi%C3%A8re%202026.pdf | https://www.paysdelaloire.fr/sites/default/files/2025-10/Rapport%20de%20notation%20S%C2%A7P%20Global%20Ratings%20211025.pdf.pdf | https://www.paysdelaloire.fr/sites/default/files/2025-10/Rapport%20de%20notation%20ENG%20S%C2%A7P%20Global%20Ratings%20211025.pdf | https://www.paysdelaloire.fr/sites/default/files/2025-06/Rapport%20de%20notation%20S%C2%A7P%20Global%20Ratings%20090625%20ENG.pdf | https://www.paysdelaloire.fr/sites/default/files/2025-03/Rapport%20de%20notation%20S%C2%A7P%20Global%20Ratings%20040325.pdf | https://www.paysdelaloire.fr/mon-conseil-regional/toute-lactu-de-ma-region/les-actualites/un-budget-2026-responsable-et-exigeant | https://www.paysdelaloire.fr/mon-conseil-regional/toute-lactu-de-ma-region/les-actualites/la-region-engagee-pour-ses-eleveurs | https://www.paysdelaloire.fr/mon-conseil-regional/toute-lactu-de-ma-region/les-actualites/la-region-vos-soins-un-centre-mobile-pour-les-besoins-de-sante-en-milieu-rural | https://www.paysdelaloire.fr/sites/default/files/2024-10/A4_CharteGraphique_Panneaux%20de%20chantier%2Bsupports%20d%27affichage%20permanents.pdf | https://www.paysdelaloire.fr/sites/default/files/2023-09/Dossier-420x297-Panneau-Chantier.zip | https://www.paysdelaloire.fr/sites/default/files/2023-09/Dossier-800x600-Panneau-Chantier.zip | https://www.paysdelaloire.fr/sites/default/files/2023-09/Dossier-2000x1500-Panneau-Chantier.zip | https://www.paysdelaloire.fr/sites/default/files/2023-09/Dossier-3000x2500-Panneau-Chantier.zip | https://www.paysdelaloire.fr/sites/default/files/2024-11/Dossier%20210x297-support-affichage-permanent.zip | https://www.paysdelaloire.fr/sites/default/files/2024-10/RPDL_NOTICE%20POSE%20SIGNALETIQUE%20REGION_01102024.pdf | https://www.paysdelaloire.fr/les-aides/aap-handicap-et-tourisme#tab-objectives | https://www.paysdelaloire.fr/les-aides/aap-handicap-et-tourisme#tab-recipients | https://www.paysdelaloire.fr/les-aides/aap-handicap-et-tourisme#tab-calendar | https://www.paysdelaloire.fr/les-aides/aap-handicap-et-tourisme#tab-application | https://www.paysdelaloire.fr/les-aides/aap-handicap-et-tourisme#tab-onglet-objectives | https://www.paysdelaloire.fr/les-aides/aap-handicap-et-tourisme#tab-onglet-recipients | https://www.paysdelaloire.fr/sites/default/files/aides/deb7a048-91af-11ed-a9ad-fb3691ea8939/subvention_cahier-des-charges-2024_deb7a048_ri.pdf | https://www.paysdelaloire.fr/les-aides/aap-handicap-et-tourisme#tab-onglet-calendar | https://les-aides.paysdelaloire.fr/aides/#/prod/connecte/F_AAP_HANDITOUR/depot/simple | https://www.paysdelaloire.fr/sites/default/files/aides/deb7a048-91af-11ed-a9ad-fb3691ea8939/subvention_flyer-2025_deb7a048_annexe-3.pdf | https://www.paysdelaloire.fr/sites/default/files/aides/deb7a048-91af-11ed-a9ad-fb3691ea8939/subvention_liste-des-pieces-a-fournir_deb7a048_annexe-4.pdf | https://www.paysdelaloire.fr/les-aides/aap-handicap-et-tourisme#tab-onglet-application | https://www.paysdelaloire.fr/les-aides/accelerateur-dinamic-pour-les-entreprises#tab-objectives | https://www.paysdelaloire.fr/les-aides/accelerateur-dinamic-pour-les-entreprises#tab-recipients | https://www.paysdelaloire.fr/les-aides/accelerateur-dinamic-pour-les-entreprises#tab-calendar | https://www.paysdelaloire.fr/les-aides/accelerateur-dinamic-pour-les-entreprises#tab-application | https://www.paysdelaloire.fr/les-aides/accelerateur-dinamic-pour-les-entreprises#tab-onglet-objectives | https://www.paysdelaloire.fr/les-aides/accelerateur-dinamic-pour-les-entreprises#tab-onglet-recipients | https://www.paysdelaloire.fr/les-aides/accelerateur-dinamic-pour-les-entreprises#tab-onglet-calendar | https://www.paysdelaloire.fr/sites/default/files/aides/76047fc6-732b-11ea-9902-cf7bd8c3a851/subvention_plaquette-dinamic--entreprises_76047fc6_annexe-1.pdf | https://www.paysdelaloire.fr/les-aides/accelerateur-dinamic-pour-les-entreprises#tab-onglet-application | https://www.paysdelaloire.fr/sites/default/files/aides/152ce59c-34a7-11eb-8197-dbd4da752b8b/_accroitre-la-competitivite-des-pme-pour-faire-fac_152ce59c_ri.docx | https://www.paysdelaloire.fr/sites/default/files/aides/786159c3-80d5-11ea-8bbf-7f58f3cb78fa/subvention_rijeunes-en-difficulte_786159c3_ri.pdf | https://www.paysdelaloire.fr/sites/default/files/aides/51b0b796-cad4-11f0-83e9-6f54862e0916/aide-en-nature_information_51b0b796_papier_individuel.pdf | https://www.paysdelaloire.fr/sites/default/files/aides/a697745a-ff57-11ef-b6c0-1f0459bdc226/subvention_reglement-aap-ace-2026_a697745a_ri.pdf | https://www.paysdelaloire.fr/sites/default/files/aides/a697745a-ff57-11ef-b6c0-1f0459bdc226/subvention_formulaire-de-demande_a697745a_papier_individuel.docx | https://www.paysdelaloire.fr/sites/default/files/aides/a697745a-ff57-11ef-b6c0-1f0459bdc226/subvention_declaration-aides-de-minimis-20232831_a697745a_annexe-4.docx | https://www.paysdelaloire.fr/sites/default/files/aides/a697745a-ff57-11ef-b6c0-1f0459bdc226/subvention_annexe-financiere-demande-aap-ace-2026_a697745a_annexe-5.xlsx | https://www.paysdelaloire.fr/sites/default/files/aides/a697745a-ff57-11ef-b6c0-1f0459bdc226/subvention_presentationprojetace2026_a697745a_annexe-6.pptx | https://www.paysdelaloire.fr/sites/default/files/aides/009a2cf0-51d2-11f0-83b7-bfcc515cc681/subvention_reglement-dintervention-cuma_009a2cf0_ri.pdf | https://www.paysdelaloire.fr/sites/default/files/aides/009a2cf0-51d2-11f0-83b7-bfcc515cc681/subvention_attestation-de-minimis-agricole_009a2cf0_annexe-1.pdf | https://www.paysdelaloire.fr/sites/default/files/aides/009a2cf0-51d2-11f0-83b7-bfcc515cc681/subvention_attestation-dacquisition-de-parts-sociales-en-cum_009a2cf0_annexe-2.pdf | https://www.paysdelaloire.fr/sites/default/files/aides/597cf09c-a593-11ee-b1ef-6b668e3d285f/subvention_042025ri-desserte-forestiere_597cf09c_ri.pdf | https://www.paysdelaloire.fr/sites/default/files/aides/e647d0d8-2274-11ea-99a2-6fe47e6a9894/subvention_reglement-dintervention-janvier-2024_e647d0d8_ri.pdf | https://www.paysdelaloire.fr/sites/default/files/aides/8c7bbd98-a633-11ee-9069-eb00cba25781/subvention_042025rifriches-de-peupliers_8c7bbd98_ri.pdf | https://www.paysdelaloire.fr/sites/default/files/aides/e63982c6-2274-11ea-996a-c3cf9419424e/subvention_reglement-dinterventionariaafeader2327_e63982c6_ri.pdf | https://www.paysdelaloire.fr/sites/default/files/aides/e63982c6-2274-11ea-996a-c3cf9419424e/subvention_annexe-matieres-premieres-et-produits-sortants-2-_e63982c6_annexe-19.xlsx | https://www.paysdelaloire.fr/sites/default/files/aides/e63982c6-2274-11ea-996a-c3cf9419424e/subvention_annexe-comptes-de-resultat-previsionnels-de-lentr_e63982c6_annexe-21.pdf | https://www.paysdelaloire.fr/sites/default/files/aides/e63982c6-2274-11ea-996a-c3cf9419424e/subvention_annexe-note-de-presentation-entreprise-et-projet_e63982c6_annexe-22.pdf | https://www.paysdelaloire.fr/sites/default/files/aides/e63982c6-2274-11ea-996a-c3cf9419424e/subvention_annexe-depenses-previsionnelles_e63982c6_annexe-23.xlsx | https://www.paysdelaloire.fr/sites/default/files/aides/e63982c6-2274-11ea-996a-c3cf9419424e/subvention_annexe-liste-aides-publiques-obtenues-ou-en-cours_e63982c6_annexe-24.pdf | https://www.paysdelaloire.fr/sites/default/files/aides/e63982c6-2274-11ea-996a-c3cf9419424e/subvention_annexe-1-du-tfue-produits-agricoles_e63982c6_annexe-26.pdf | https://www.paysdelaloire.fr/sites/default/files/aides/e63982c6-2274-11ea-996a-c3cf9419424e/subvention_attestation-autofinancement_e63982c6_annexe-28.pdf | https://www.paysdelaloire.fr/sites/default/files/aides/e63982c6-2274-11ea-996a-c3cf9419424e/subvention_attestation-donnees-entreprise-selection_e63982c6_annexe-29.pdf | https://www.paysdelaloire.fr/sites/default/files/aides/e63982c6-2274-11ea-996a-c3cf9419424e/subvention_attestation-entreprise-non-en-difficulte_e63982c6_annexe-30.pdf | https://www.paysdelaloire.fr/sites/default/files/aides/e63982c6-2274-11ea-996a-c3cf9419424e/subvention_kit-commande-publique_e63982c6_annexe-32.zip | https://www.paysdelaloire.fr/sites/default/files/aides/e63982c6-2274-11ea-996a-c3cf9419424e/subvention_declaration-aides-de-minimis-iaa_e63982c6_annexe-33.pdf | https://www.paysdelaloire.fr/sites/default/files/aides/e63982c6-2274-11ea-996a-c3cf9419424e/subvention_mandat-depot-feader_e63982c6_annexe-34.pdf | https://www.paysdelaloire.fr/sites/default/files/aides/e63982c6-2274-11ea-996a-c3cf9419424e/subvention_6grille-de-selection-des-projets-ariaa-feader-a-c_e63982c6_annexe-35.xlsx | https://www.paysdelaloire.fr/sites/default/files/aides/cfab0520-a597-11ee-a833-afb440b530fa/subvention_042025riplan-simple-de-gestion-volontaire_cfab0520_ri.pdf | https://www.paysdelaloire.fr/les-aides/ami-industrie-du-futur | https://www.paysdelaloire.fr/les-aides/ami-tourisme-de-savoir-faire | https://www.paysdelaloire.fr/les-aides/dinamic-rebond | https://www.paysdelaloire.fr/les-aides/convention-de-cooperation-pour-la-realisation-doperations-dinventaire-general-du-patrimoine-culturel | https://www.paysdelaloire.fr/les-aides/fonds-social-lyceen-regional | https://www.paysdelaloire.fr/les-aides/girpehaction-region-lyceens-handicap | https://www.paysdelaloire.fr/les-aides/gratuite-des-ressources-pedagogiques-et-manuels-scolaires | https://www.paysdelaloire.fr/les-aides/stationnement-velo-securise-au-niveau-des-points-darrets-routiers-structurants-du-reseau-aleop | https://www.paysdelaloire.fr/sites/default/files/aides/e1c054ba-baf5-11ec-a455-b73cb05ecff0/subvention_reglements-dintervention-demarrage-et-diversifica_e1c054ba_ri.pdf | https://www.paysdelaloire.fr/les-aides/modalites-de-labellisation-des-organismes-souhaitant-participer-au-service-public-regional-de | https://www.paysdelaloire.fr/sites/default/files/aides/39e626ac-a590-11ee-b1ee-ebad6b437957/subvention_042025rirenouvellement-forestier_39e626ac_ri.pdf | https://www.paysdelaloire.fr/sites/default/files/aides/99f70f3c-cd66-11ed-9cc2-7763c2de33e9/subvention_reglement-dintervention_99f70f3c_ri.pdf | https://www.paysdelaloire.fr/sites/default/files/aides/e6325e7a-2274-11ea-9945-77effebbdd66/_aide-regionale-a-linstallation-des-jeunes-entrain_e6325e7a_ri.pdf | https://www.paysdelaloire.fr/sites/default/files/aides/e6325e7a-2274-11ea-9945-77effebbdd66/aide-regionale-a-linstallation-des-jeunes-entrai_e6325e7a_papier_individuel.pdf | https://www.paysdelaloire.fr/sites/default/files/aides/e6325e7a-2274-11ea-9945-77effebbdd66/subvention_attestation-de-minimis_e6325e7a_annexe-1.pdf | https://www.paysdelaloire.fr/sites/default/files/aides/e6456e8d-2274-11ea-999c-97e2f052fc25/_aide-regionale-a-la-pisciculture-extensive-en-eta_e6456e8d_ri.pdf | https://www.paysdelaloire.fr/sites/default/files/aides/e6456e8d-2274-11ea-999c-97e2f052fc25/subvention_aideregionalealapiscicultureextensiveenetangspapi_e6456e8d_papier_individuel.pdf | https://www.paysdelaloire.fr/sites/default/files/aides/962a8ce3-6a0e-11eb-86f1-f3e3e66abdb0/subvention_reglement-dintervention-adc-2026_962a8ce3_ri.pdf | https://www.paysdelaloire.fr/sites/default/files/aides/962a8ce3-6a0e-11eb-86f1-f3e3e66abdb0/subvention_trame-de-depot-2026_962a8ce3_annexe-48.docx | https://www.paysdelaloire.fr/sites/default/files/aides/962a8ce3-6a0e-11eb-86f1-f3e3e66abdb0/subvention_liste-des-pieces-et-modalites-de-versement_962a8ce3_annexe-51.pdf | https://www.paysdelaloire.fr/sites/default/files/aides/962a8ce3-6a0e-11eb-86f1-f3e3e66abdb0/subvention_engagement-directeur-de-these_962a8ce3_annexe-53.docx | https://www.paysdelaloire.fr/sites/default/files/aides/962a8ce3-6a0e-11eb-86f1-f3e3e66abdb0/subvention_modele-dattestation-rqth_962a8ce3_annexe-54.docx | https://www.paysdelaloire.fr/sites/default/files/aides/962a8ce3-6a0e-11eb-86f1-f3e3e66abdb0/subvention_guide-csti-2026_962a8ce3_annexe-55.pdf | https://www.paysdelaloire.fr/sites/default/files/aides/962a8ce3-6a0e-11eb-86f1-f3e3e66abdb0/subvention_memento-des-dispositifs-recherche_962a8ce3_annexe-56.pdf | https://www.paysdelaloire.fr/sites/default/files/aides/962a8ce3-6a0e-11eb-86f1-f3e3e66abdb0/subvention_fiche-bilan-sciences-et-societe_962a8ce3_annexe-57.xlsx | https://www.paysdelaloire.fr/sites/default/files/aides/962a8ce3-6a0e-11eb-86f1-f3e3e66abdb0/subvention_publication-echosciences_962a8ce3_annexe-58.pdf | https://www.paysdelaloire.fr/sites/default/files/aides/962a8ce3-6a0e-11eb-86f1-f3e3e66abdb0/subvention_avis-du-doctorant_962a8ce3_annexe-59.docx | https://www.paysdelaloire.fr/sites/default/files/aides/962a8ce3-6a0e-11eb-86f1-f3e3e66abdb0/subvention_engagement-du-doctorant_962a8ce3_annexe-60.docx | https://www.paysdelaloire.fr/sites/default/files/aides/962a8ce3-6a0e-11eb-86f1-f3e3e66abdb0/subvention_livret-des-aidesjuillet-2026_962a8ce3_annexe-61.pdf | https://www.paysdelaloire.fr/sites/default/files/aides/e6325e75-2274-11ea-9940-3bbd17f53a92/subvention_ri202504modernisationhippodromes_e6325e75_ri.pdf | https://www.paysdelaloire.fr/sites/default/files/aides/e6325e75-2274-11ea-9940-3bbd17f53a92/subvention_aide-regionale-a-la-modernisation-des-hippodromes_e6325e75_papier_individuel.doc | https://www.paysdelaloire.fr/sites/default/files/aides/e6325e75-2274-11ea-9940-3bbd17f53a92/subvention_annexebudget-previsionnelinvestissement_e6325e75_annexe-4.pdf | https://www.paysdelaloire.fr/sites/default/files/aides/e6325e75-2274-11ea-9940-3bbd17f53a92/subvention_attestation-minimis_e6325e75_annexe-5.pdf | https://www.paysdelaloire.fr/sites/default/files/aides/9e6afd36-90c5-11ed-8f21-478fd4db6e69/subvention_202603riactiv_9e6afd36_ri.pdf | https://www.paysdelaloire.fr/sites/default/files/aides/9e6afd36-90c5-11ed-8f21-478fd4db6e69/subvention_liste-des-pieces-a-fournir_9e6afd36_annexe-3.pdf | https://www.paysdelaloire.fr/les-aides/ami-tourisme-de-savoir-faire#tab-objectives | https://www.paysdelaloire.fr/les-aides/ami-tourisme-de-savoir-faire#tab-recipients | https://www.paysdelaloire.fr/les-aides/ami-tourisme-de-savoir-faire#tab-calendar | https://www.paysdelaloire.fr/les-aides/ami-tourisme-de-savoir-faire#tab-application | https://www.paysdelaloire.fr/les-aides/ami-tourisme-de-savoir-faire#tab-onglet-objectives | https://www.paysdelaloire.fr/les-aides/ami-tourisme-de-savoir-faire#tab-onglet-recipients | https://www.paysdelaloire.fr/les-aides/ami-tourisme-de-savoir-faire#tab-onglet-calendar | https://les-aides.paysdelaloire.fr/aides/#/prod/connecte/F_AMI_TSF/depot/simple | https://www.paysdelaloire.fr/sites/default/files/aides/dac9cb66-40e4-11ee-8e35-3740358d9768/subvention_cahier-des-charges_dac9cb66_annexe-1.pdf | https://www.paysdelaloire.fr/sites/default/files/aides/dac9cb66-40e4-11ee-8e35-3740358d9768/subvention_flyer_dac9cb66_annexe-2.pdf | https://www.paysdelaloire.fr/les-aides/ami-tourisme-de-savoir-faire#tab-onglet-application | https://www.paysdelaloire.fr/les-aides/ami-industrie-du-futur#tab-objectives | https://www.paysdelaloire.fr/les-aides/ami-industrie-du-futur#tab-recipients | https://www.paysdelaloire.fr/les-aides/ami-industrie-du-futur#tab-calendar | https://www.paysdelaloire.fr/les-aides/ami-industrie-du-futur#tab-application | https://www.paysdelaloire.fr/les-aides/ami-industrie-du-futur#tab-onglet-objectives | https://www.paysdelaloire.fr/les-aides/ami-industrie-du-futur#tab-onglet-recipients | https://www.paysdelaloire.fr/sites/default/files/aides/e6325e7c-2274-11ea-9947-9ba12bad1fec/subvention%2Cpret_2025-cahier-des-charges_e6325e7c_ri.pdf | https://www.paysdelaloire.fr/les-aides/ami-industrie-du-futur#tab-onglet-calendar | https://www.paysdelaloire.fr/sites/default/files/aides/e6325e7c-2274-11ea-9947-9ba12bad1fec/subvention%2Cpret_dossier-de-candidature-ami-idf-2026-v2_e6325e7c_papier_individuel.doc | https://www.paysdelaloire.fr/sites/default/files/aides/e6325e7c-2274-11ea-9947-9ba12bad1fec/subvention%2Cpret_flyer-2026-ami-industrie-du-futur_e6325e7c_annexe-7.pdf | https://www.paysdelaloire.fr/les-aides/ami-industrie-du-futur#tab-onglet-application | https://www.paysdelaloire.fr/sites/default/files/aides/c5b070ca-732b-11ea-be34-2f601b87af82/subvention_amenagements-urbains-des-pcc_c5b070ca_ri.pdf | https://www.paysdelaloire.fr/sites/default/files/aides/962a8ce2-6a0e-11eb-86f0-03cb5a716e95/subvention_reglement-dintervention_962a8ce2_ri.docx | https://www.paysdelaloire.fr/sites/default/files/aides/edafe9b6-4aad-11eb-a5a0-57dc0dea7516/subvention_reglement-eau-2026v4pdf_edafe9b6_ri.pdf | https://www.paysdelaloire.fr/sites/default/files/aides/c96f2984-1f8f-11f0-b732-dfd34c8bc2c7/aide-en-nature_cahier-des-chargesami-territoires-bocalablife-bio_c96f2984_ri.pdf | https://www.paysdelaloire.fr/sites/default/files/aides/c96f2984-1f8f-11f0-b732-dfd34c8bc2c7/aide-en-nature_formulaire-ami-territoires-bacalab_c96f2984_papier_individuel.pdf | https://www.paysdelaloire.fr/sites/default/files/aides/c96f2984-1f8f-11f0-b732-dfd34c8bc2c7/aide-en-nature_plaquette-du-life-biodivfrance_c96f2984_annexe-3.pdf | https://www.paysdelaloire.fr/sites/default/files/aides/c96f2984-1f8f-11f0-b732-dfd34c8bc2c7/aide-en-nature_plan-regional-haie_c96f2984_annexe-4.pdf | https://www.paysdelaloire.fr/sites/default/files/aides/c96f2984-1f8f-11f0-b732-dfd34c8bc2c7/aide-en-nature_support-du-webinaire-dinformation_c96f2984_annexe-5.pdf | https://www.paysdelaloire.fr/sites/default/files/aides/ed523e04-f816-11ef-b613-dfe610237c8f/aide-en-nature_ami-ingenierie-territoriale-2025cahier-des-charge_ed523e04_ri.pdf | https://www.demarches-simplifiees.fr/commencer/ami-edition-2025-soutien-a-l-elaboration-d-actions | https://www.paysdelaloire.fr/sites/default/files/aides/98e08f90-3b46-11ed-9558-532ee63eeab0/subvention_reglementaapdeveloppementexperimentalagrivote2025_98e08f90_ri.pdf | https://www.paysdelaloire.fr/sites/default/files/aides/98e08f90-3b46-11ed-9558-532ee63eeab0/subvention_demande-daidenotice-pour-depot-sur-le-portail_98e08f90_annexe-72.pdf | https://www.paysdelaloire.fr/sites/default/files/aides/98e08f90-3b46-11ed-9558-532ee63eeab0/subvention_demande-daidemodele-description-detaillee-du-proj_98e08f90_annexe-73.docx | https://www.paysdelaloire.fr/sites/default/files/aides/98e08f90-3b46-11ed-9558-532ee63eeab0/subvention_demande-daidemodele-budget-previsionnel-detaille_98e08f90_annexe-74.xlsx | https://www.paysdelaloire.fr/sites/default/files/aides/98e08f90-3b46-11ed-9558-532ee63eeab0/subvention_demande-daidemodele-contrat-dengagement-republica_98e08f90_annexe-75.docx | https://www.paysdelaloire.fr/sites/default/files/aides/98e08f90-3b46-11ed-9558-532ee63eeab0/subvention_demande-de-paiementmodele-rapport-final_98e08f90_annexe-76.docx | https://www.paysdelaloire.fr/sites/default/files/aides/98e08f90-3b46-11ed-9558-532ee63eeab0/subvention_demande-de-paiementmodele-bilan-financier--etat-r_98e08f90_annexe-77.xlsx | https://www.paysdelaloire.fr/sites/default/files/aides/e64a333e-2274-11ea-99af-d7aa483b9c17/subvention_reglement-dintervention-ct20262027_e64a333e_ri.pdf | https://www.paysdelaloire.fr/sites/default/files/aides/e64a333e-2274-11ea-99af-d7aa483b9c17/subvention_fiche-bilan-actions-sciences-societe_e64a333e_annexe-15.xls | https://www.paysdelaloire.fr/sites/default/files/aides/e64a333e-2274-11ea-99af-d7aa483b9c17/subvention_guide-actions-sciences-societe_e64a333e_annexe-17.pdf | https://www.paysdelaloire.fr/sites/default/files/aides/e64a333e-2274-11ea-99af-d7aa483b9c17/subvention_trame-de-depot-ct20262027_e64a333e_annexe-23.docx | https://www.paysdelaloire.fr/sites/default/files/aides/e64a333e-2274-11ea-99af-d7aa483b9c17/subvention_liste-des-pieces-jointes-20262027_e64a333e_annexe-24.docx | https://www.paysdelaloire.fr/sites/default/files/aides/e64a333e-2274-11ea-99af-d7aa483b9c17/subvention_dossier-scientifique-en-francais-ct20262027_e64a333e_annexe-25.docx | https://www.paysdelaloire.fr/sites/default/files/aides/e64a333e-2274-11ea-99af-d7aa483b9c17/subvention_dossier-scientifique-en-anglais-ct20262027_e64a333e_annexe-26.docx | https://www.paysdelaloire.fr/sites/default/files/aides/e64a333e-2274-11ea-99af-d7aa483b9c17/subvention_rapport-final-20262027_e64a333e_annexe-29.docx | https://www.paysdelaloire.fr/sites/default/files/aides/e64a333e-2274-11ea-99af-d7aa483b9c17/subvention_livret-des-aidesjuillet-2026_e64a333e_annexe-30.pdf | https://www.paysdelaloire.fr/sites/default/files/aides/e64a333e-2274-11ea-99af-d7aa483b9c17/subvention_rapport-de-caracterisation-du-labo-20262027_e64a333e_annexe-31.docx | https://www.paysdelaloire.fr/sites/default/files/aides/e64ef7eb-2274-11ea-99c8-3313256e2c10/subvention_cahier-des-charges-aap-peche-aqua-20252026_e64ef7eb_ri.pdf | https://www.paysdelaloire.fr/sites/default/files/aides/e64ef7eb-2274-11ea-99c8-3313256e2c10/subvention_dossierdecandidatureaappecheaqua20252026vf_e64ef7eb_papier_individuel.docx | https://www.paysdelaloire.fr/sites/default/files/aides/e64ef7eb-2274-11ea-99c8-3313256e2c10/subvention_annexe-financiere-20242025_e64ef7eb_annexe-8.xlsx | https://www.paysdelaloire.fr/sites/default/files/aides/e634be1c-2274-11ea-9954-8f1482252194/subvention_cahierdeschargesaapfilierebio2025_e634be1c_ri.pdf | https://www.paysdelaloire.fr/sites/default/files/aides/e634be1c-2274-11ea-9954-8f1482252194/subvention_demandetechniqueaapfilierebio2025_e634be1c_papier_individuel.doc | https://www.paysdelaloire.fr/sites/default/files/aides/e634be1c-2274-11ea-9954-8f1482252194/subvention_demandefinanciereaapfilierebio2025_e634be1c_annexe-7.xlsx | https://www.paysdelaloire.fr/sites/default/files/aides/5ec780be-59ae-11eb-bcae-d389fabc95f1/subvention_cahier-des-charges_5ec780be_ri.pdf | https://www.paysdelaloire.fr/sites/default/files/aides/5ec780be-59ae-11eb-bcae-d389fabc95f1/subvention_v2formulaire-aap_5ec780be_papier_individuel.docx | https://www.paysdelaloire.fr/sites/default/files/aides/5ec780be-59ae-11eb-bcae-d389fabc95f1/subvention_plan-de-financement_5ec780be_annexe-2.xlsx | https://www.paysdelaloire.fr/sites/default/files/aides/fc80ee6a-ea33-11f0-a4ef-52b3fee39418/subvention_reglementintervention2025_fc80ee6a_ri.pdf | https://www.paysdelaloire.fr/sites/default/files/aides/fc80ee6a-ea33-11f0-a4ef-52b3fee39418/subvention_je-prospecte-de-nouveaux-marches--depenses-eligib_fc80ee6a_annexe-1.pdf | https://www.paysdelaloire.fr/sites/default/files/aides/fc80ee6a-ea33-11f0-a4ef-52b3fee39418/subvention_je-valide-mon-profil-entreprise--filieres-eligibl_fc80ee6a_annexe-2.pdf | https://www.paysdelaloire.fr/sites/default/files/aides/fc80ee6a-ea33-11f0-a4ef-52b3fee39418/subvention_boost-export-pays-de-la-loire-en-un-clin-doeil_fc80ee6a_annexe-3.pdf | https://www.paysdelaloire.fr/sites/default/files/aides/fc80ee6a-ea33-11f0-a4ef-52b3fee39418/subvention_pas-a-pas--boost-export-pays-de-la-loire--je-vali_fc80ee6a_annexe-4.pdf | https://www.paysdelaloire.fr/sites/default/files/aides/fc80ee6a-ea33-11f0-a4ef-52b3fee39418/subvention_fiche-memo--pieces-justificatives-a-preparer_fc80ee6a_annexe-5.pdf | https://www.paysdelaloire.fr/sites/default/files/aides/dc061965-62e6-11ea-8f04-a3c251f63675/subvention_ri-bourses-sanitaires-et-sociales-052026_dc061965_ri.pdf | https://www.paysdelaloire.fr/sites/default/files/aides/d69307e8-5d69-11ea-ad14-e7c5f2e9bc96/subvention_reglement-dintervention_d69307e8_ri.pdf | https://www.paysdelaloire.fr/sites/default/files/aides/e647d0db-2274-11ea-99a5-1fcad7d00cba/_chaire-regionale-dapplicationriri-chaires-regiona_e647d0db_ri.pdf | https://www.paysdelaloire.fr/sites/default/files/aides/e647d0db-2274-11ea-99a5-1fcad7d00cba/subvention_guide--realisation-dactions-sciences--societe_e647d0db_annexe-4.pdf | https://www.paysdelaloire.fr/sites/default/files/aides/e647d0db-2274-11ea-99a5-1fcad7d00cba/subvention_pour-demande-de-solde-fiche-bilan-sciences--socie_e647d0db_annexe-5.xlsx | https://www.paysdelaloire.fr/sites/default/files/aides/e647d0db-2274-11ea-99a5-1fcad7d00cba/subvention_livret-des-aidesjuillet-2026_e647d0db_annexe-6.pdf | https://www.paysdelaloire.fr/les-aides/contrat-pour-la-loire-et-ses-annexes#tab-objectives | https://www.paysdelaloire.fr/les-aides/contrat-pour-la-loire-et-ses-annexes#tab-recipients | https://www.paysdelaloire.fr/les-aides/contrat-pour-la-loire-et-ses-annexes#tab-calendar | https://www.paysdelaloire.fr/les-aides/contrat-pour-la-loire-et-ses-annexes#tab-onglet-objectives | https://www.paysdelaloire.fr/les-aides/contrat-pour-la-loire-et-ses-annexes#tab-onglet-recipients | https://www.paysdelaloire.fr/les-aides/contrat-pour-la-loire-et-ses-annexes#tab-onglet-calendar | https://www.paysdelaloire.fr/sites/default/files/aides/2591b984-e6c0-11ee-a865-03c9e8458128/subvention_reglement-dintervention-cta_2591b984_ri.pdf | https://www.paysdelaloire.fr/sites/default/files/aides/2591b984-e6c0-11ee-a865-03c9e8458128/subvention_thematique-economie-et-environnement_2591b984_annexe-20.pdf | https://www.paysdelaloire.fr/sites/default/files/aides/2591b984-e6c0-11ee-a865-03c9e8458128/subvention_thematique-mix-energetique_2591b984_annexe-21.pdf | https://www.paysdelaloire.fr/sites/default/files/aides/2591b984-e6c0-11ee-a865-03c9e8458128/subvention_thematique-risques-climatiques_2591b984_annexe-22.pdf | https://www.paysdelaloire.fr/sites/default/files/aides/2591b984-e6c0-11ee-a865-03c9e8458128/subvention_calendrier-cta-20262027_2591b984_annexe-23.pdf | https://www.paysdelaloire.fr/sites/default/files/aides/2591b984-e6c0-11ee-a865-03c9e8458128/subvention_modele-cv-cta_2591b984_annexe-24.docx | https://www.paysdelaloire.fr/sites/default/files/aides/2591b984-e6c0-11ee-a865-03c9e8458128/subvention_trame-de-depot-pdz_2591b984_annexe-25.pdf | https://www.paysdelaloire.fr/sites/default/files/aides/2591b984-e6c0-11ee-a865-03c9e8458128/subvention_trame-de-dossier-complet-cta_2591b984_annexe-27.docx | https://www.paysdelaloire.fr/sites/default/files/aides/2591b984-e6c0-11ee-a865-03c9e8458128/subvention_lettre-dintention-cta_2591b984_annexe-28.docx | https://www.paysdelaloire.fr/sites/default/files/aides/2591b984-e6c0-11ee-a865-03c9e8458128/subvention_thematique-emplois-et-transitions-societales_2591b984_annexe-30.pdf | https://www.paysdelaloire.fr/sites/default/files/aides/2591b984-e6c0-11ee-a865-03c9e8458128/subvention_pour-demande-de-soldefiche-bilan-sciences-et-soci_2591b984_annexe-31.xlsx | https://www.paysdelaloire.fr/sites/default/files/aides/2591b984-e6c0-11ee-a865-03c9e8458128/subvention_guide-realisation-sciences-et-societe_2591b984_annexe-32.pdf | https://www.paysdelaloire.fr/sites/default/files/aides/2591b984-e6c0-11ee-a865-03c9e8458128/subvention_livret-des-aidesjuillet-2026_2591b984_annexe-33.pdf | https://www.paysdelaloire.fr/sites/default/files/aides/dc061964-62e6-11ea-8f03-1f3a687a57f1/subvention_reglement-dispositif-contrat-natura-2000-20232027_dc061964_ri.pdf | https://www.paysdelaloire.fr/sites/default/files/aides/dc061964-62e6-11ea-8f03-1f3a687a57f1/subvention_a-completer--commande-publique--presentation-des-_dc061964_annexe-13.xlsx | https://www.paysdelaloire.fr/sites/default/files/aides/dc061964-62e6-11ea-8f03-1f3a687a57f1/subvention_a-completer--commande-publique--declaration-dabse_dc061964_annexe-14.docx | https://www.paysdelaloire.fr/sites/default/files/aides/dc061964-62e6-11ea-8f03-1f3a687a57f1/subvention_a-completer--mandat--proprietes-en-indivision_dc061964_annexe-15.docx | https://www.paysdelaloire.fr/sites/default/files/aides/dc061964-62e6-11ea-8f03-1f3a687a57f1/subvention_a-completer--mandat--proprietes-demembrees-nuprop_dc061964_annexe-16.docx | https://www.paysdelaloire.fr/sites/default/files/aides/dc061964-62e6-11ea-8f03-1f3a687a57f1/subvention_a-completer--mandats--gaec_dc061964_annexe-17.docx | https://www.paysdelaloire.fr/sites/default/files/aides/dc061964-62e6-11ea-8f03-1f3a687a57f1/subvention_memo--deposer-une-demande-daide_dc061964_annexe-23.pdf | https://www.paysdelaloire.fr/sites/default/files/aides/dc061964-62e6-11ea-8f03-1f3a687a57f1/subvention_memo--consulter-ou-modifier-une-demande-partagee_dc061964_annexe-24.pdf | https://www.paysdelaloire.fr/sites/default/files/aides/dc061964-62e6-11ea-8f03-1f3a687a57f1/subvention_memo--eligibilite-des-porteurs-de-projet-et-des-p_dc061964_annexe-25.pdf | https://www.paysdelaloire.fr/sites/default/files/aides/dc061964-62e6-11ea-8f03-1f3a687a57f1/subvention_memo--actions-eligibles_dc061964_annexe-26.pdf | https://www.paysdelaloire.fr/sites/default/files/aides/dc061964-62e6-11ea-8f03-1f3a687a57f1/subvention_memo--justificatifs-a-transmettre-avec-votre-dema_dc061964_annexe-27.pdf | https://www.paysdelaloire.fr/sites/default/files/aides/dc061964-62e6-11ea-8f03-1f3a687a57f1/subvention_memo--localiser-plusieurs-actions-sur-un-plan_dc061964_annexe-28.pdf | https://www.paysdelaloire.fr/sites/default/files/aides/dc061964-62e6-11ea-8f03-1f3a687a57f1/subvention_memo--kit-commande-publique--01-09-2025_dc061964_annexe-29.zip | https://www.paysdelaloire.fr/sites/default/files/aides/dc061964-62e6-11ea-8f03-1f3a687a57f1/subvention_memo--communiquer-sur-un-projet-aide-par-le-feade_dc061964_annexe-30.pdf | https://www.paysdelaloire.fr/sites/default/files/aides/dc061964-62e6-11ea-8f03-1f3a687a57f1/subvention_a-completer--depenses-detaillees--demande-daide_dc061964_annexe-31.xlsx | https://www.paysdelaloire.fr/sites/default/files/aides/dc061964-62e6-11ea-8f03-1f3a687a57f1/subvention_memo--notice-paiement_dc061964_annexe-33.pdf | https://www.paysdelaloire.fr/sites/default/files/aides/dc061964-62e6-11ea-8f03-1f3a687a57f1/subvention_a-completer--mandat--depot-portail-des-aides_dc061964_annexe-34.pdf | https://www.paysdelaloire.fr/sites/default/files/aides/dc061964-62e6-11ea-8f03-1f3a687a57f1/subvention_a-completer--depenses-detaillees--demande-de-paie_dc061964_annexe-35.xlsx | https://www.paysdelaloire.fr/cdn-cgi/l/email-protection#fd939c89888f9ccfcdcdcdbd8d9c848e9998919c9192948f98d39b8f | https://www.paysdelaloire.fr/sites/default/files/aides/fe7f36da-b463-11ed-8c7f-cb20af242a17/subvention_v2-contrats-pdl-2026_fe7f36da_ri.pdf | https://www.paysdelaloire.fr/cdn-cgi/l/email-protection#b4d6d1d5c0c6ddd7d19ad7dcd5c6c4d1dac0ddd1c6f4c4d5cdc7d0d1d8d5d8dbddc6d19ad2c6 | https://www.paysdelaloire.fr/cdn-cgi/l/email-protection#a1c7c0cfcfd88fd3c0c2c8cfc4d4d9e1d1c0d8d2c5c4cdc0cdcec8d3c48fc7d3 | https://www.paysdelaloire.fr/sites/default/files/aides/eb1d4c55-312f-11ea-9e57-e7ecacbee534/subvention_contrats-territoiresregion-2020--contrats-de-deve_eb1d4c55_ri.pdf | https://www.paysdelaloire.fr/sites/default/files/aides/eb1d4c55-312f-11ea-9e57-e7ecacbee534/subvention_message-fin-du-dispositif-ctr-et-cdm_eb1d4c55_papier_individuel.pdf | https://www.paysdelaloire.fr/les-aides/convention-de-cooperation-pour-la-realisation-doperations-dinventaire-general-du-patrimoine-culturel#tab-objectives | https://www.paysdelaloire.fr/les-aides/convention-de-cooperation-pour-la-realisation-doperations-dinventaire-general-du-patrimoine-culturel#tab-recipients | https://www.paysdelaloire.fr/les-aides/convention-de-cooperation-pour-la-realisation-doperations-dinventaire-general-du-patrimoine-culturel#tab-calendar | https://www.paysdelaloire.fr/les-aides/convention-de-cooperation-pour-la-realisation-doperations-dinventaire-general-du-patrimoine-culturel#tab-onglet-objectives | https://www.paysdelaloire.fr/les-aides/convention-de-cooperation-pour-la-realisation-doperations-dinventaire-general-du-patrimoine-culturel#tab-onglet-recipients | https://www.paysdelaloire.fr/les-aides/convention-de-cooperation-pour-la-realisation-doperations-dinventaire-general-du-patrimoine-culturel#tab-onglet-calendar | https://www.paysdelaloire.fr/sites/default/files/aides/d690a58e-5d69-11ea-ad09-df43e850efe1/subvention_credit-premier-equipement-professionnel_d690a58e_ri.pdf | https://www.paysdelaloire.fr/sites/default/files/aides/09e61a04-fb9d-11ed-8135-fb964199c753/subvention_reglement-credits-educatifs-dautonomie_09e61a04_ri.pdf | https://www.paysdelaloire.fr/sites/default/files/aides/349cb10c-03bd-11eb-a687-efe8768cd5fc/subvention_reglement-intervention_349cb10c_ri.pdf | https://www.paysdelaloire.fr/sites/default/files/aides/349cb10c-03bd-11eb-a687-efe8768cd5fc/subvention_guide-des-actions-csti_349cb10c_annexe-2.pdf | https://www.paysdelaloire.fr/sites/default/files/aides/349cb10c-03bd-11eb-a687-efe8768cd5fc/subvention_livret-des-aidesjuillet-2026_349cb10c_annexe-3.pdf | https://www.paysdelaloire.fr/sites/default/files/aides/eca98051-0948-11eb-ae9e-3f6ae6bbb8de/subvention_042025ridiagnostic-prealable-au-renouvellement_eca98051_ri.pdf | https://www.paysdelaloire.fr/sites/default/files/aides/bd238c62-3393-11ef-bdd1-a73d279e166c/subvention_bd238c62_ri.pdf | https://www.paysdelaloire.fr/les-aides/dinamic-rebond#tab-objectives | https://www.paysdelaloire.fr/les-aides/dinamic-rebond#tab-recipients | https://www.paysdelaloire.fr/les-aides/dinamic-rebond#tab-calendar | https://www.paysdelaloire.fr/les-aides/dinamic-rebond#tab-application | https://www.paysdelaloire.fr/les-aides/dinamic-rebond#tab-onglet-objectives | https://www.paysdelaloire.fr/les-aides/dinamic-rebond#tab-onglet-recipients | https://www.paysdelaloire.fr/les-aides/dinamic-rebond#tab-onglet-calendar | https://www.paysdelaloire.fr/sites/default/files/aides/6ce5c92a-8b0f-11eb-b123-132bc7cafc13/accompagnement_plaquette-dinamic-rebond_6ce5c92a_annexe-1.pdf | https://www.paysdelaloire.fr/sites/default/files/aides/6ce5c92a-8b0f-11eb-b123-132bc7cafc13/accompagnement_fiche-descriptive-dinamic-rebond_6ce5c92a_annexe-2.pdf | https://www.paysdelaloire.fr/les-aides/dinamic-rebond#tab-onglet-application | https://www.dinamicplus.fr/ | https://www.paysdelaloire.fr/sites/default/files/aides/d1afe15e-99be-11ee-8c83-c32f5ded255c/aide-en-nature_faq-a-destination-des-organismes-de-formation--fe_d1afe15e_annexe-8.pdf | https://www.paysdelaloire.fr/sites/default/files/aides/d1afe15e-99be-11ee-8c83-c32f5ded255c/aide-en-nature_charte-droits-et-devoirs-122025_d1afe15e_annexe-12.pdf | https://www.paysdelaloire.fr/sites/default/files/aides/d69307ea-5d69-11ea-ad16-6b6e60f59b6e/subvention_reglement-intervention-ernp_d69307ea_ri.pdf | https://www.paysdelaloire.fr/sites/default/files/aides/d69307ea-5d69-11ea-ad16-6b6e60f59b6e/subvention_contrat-dengagement-republicain_d69307ea_annexe-1.pdf | https://www.paysdelaloire.fr/sites/default/files/aides/d69307ea-5d69-11ea-ad16-6b6e60f59b6e/subvention_d69307ea_annexe-2.xlsx | https://www.paysdelaloire.fr/sites/default/files/aides/e634be15-2274-11ea-994d-43521e19d96f/subvention_reglement-20252026_e634be15_ri.pdf | https://www.paysdelaloire.fr/sites/default/files/aides/e63e4784-2274-11ea-9980-eb34f97796b1/subvention_reglement-dintervention-em20262027_e63e4784_ri.pdf | https://www.paysdelaloire.fr/sites/default/files/aides/e63e4784-2274-11ea-9980-eb34f97796b1/subvention_guide-actions-sciences-societe_e63e4784_annexe-7.pdf | https://www.paysdelaloire.fr/sites/default/files/aides/e63e4784-2274-11ea-9980-eb34f97796b1/subvention_fiche-bilan-actions-sciences-societe_e63e4784_annexe-8.xls | https://www.paysdelaloire.fr/sites/default/files/aides/e63e4784-2274-11ea-9980-eb34f97796b1/subvention_liste-des-pieces-20262027_e63e4784_annexe-10.docx | https://www.paysdelaloire.fr/sites/default/files/aides/e63e4784-2274-11ea-9980-eb34f97796b1/subvention_trame-de-depot-20262027_e63e4784_annexe-12.docx | https://www.paysdelaloire.fr/sites/default/files/aides/e63e4784-2274-11ea-9980-eb34f97796b1/subvention_trame-document-scientifique-20262027_e63e4784_annexe-13.docx | https://www.paysdelaloire.fr/sites/default/files/aides/e63e4784-2274-11ea-9980-eb34f97796b1/subvention_trame-rapport-final-em20262027_e63e4784_annexe-14.docx | https://www.paysdelaloire.fr/sites/default/files/aides/e63e4784-2274-11ea-9980-eb34f97796b1/subvention_livret-des-aidesjuillet-2026_e63e4784_annexe-15.pdf | https://www.paysdelaloire.fr/sites/default/files/aides/e63e4784-2274-11ea-9980-eb34f97796b1/subvention_rapport-de-caracterisation-du-labo20262027_e63e4784_annexe-16.docx | https://www.paysdelaloire.fr/sites/default/files/aides/e64a3340-2274-11ea-99b1-e30fa992dc3f/accompagnement_v2-appel-a-projets-pcae-elevage_e64a3340_ri.pdf | https://www.paysdelaloire.fr/sites/default/files/aides/e64a3340-2274-11ea-99b1-e30fa992dc3f/accompagnement_v2-attestation-comptable-equine-_e64a3340_annexe-153.pdf | https://www.paysdelaloire.fr/sites/default/files/aides/e64a3340-2274-11ea-99b1-e30fa992dc3f/accompagnement_v2-tableau-depenses-previsionnelles_e64a3340_annexe-155.xlsx | https://www.paysdelaloire.fr/sites/default/files/aides/e64a3340-2274-11ea-99b1-e30fa992dc3f/accompagnement_v2-mandat-gaec_e64a3340_annexe-156.pdf | https://www.paysdelaloire.fr/sites/default/files/aides/e64a3340-2274-11ea-99b1-e30fa992dc3f/accompagnement_v2-attestation-diagnostic-fabrication-daliments-a_e64a3340_annexe-157.pdf | https://www.paysdelaloire.fr/sites/default/files/aides/e64a3340-2274-11ea-99b1-e30fa992dc3f/accompagnement_v2-attestation-demarche-bas-carbone_e64a3340_annexe-158.pdf | https://www.paysdelaloire.fr/sites/default/files/aides/e64a3340-2274-11ea-99b1-e30fa992dc3f/accompagnement_v2-attestation-prerequis-volaille_e64a3340_annexe-159.pdf | https://www.paysdelaloire.fr/sites/default/files/aides/e64a3340-2274-11ea-99b1-e30fa992dc3f/accompagnement_v2-attestation-bons-diagnostics-carbone-articule-_e64a3340_annexe-161.pdf | https://www.paysdelaloire.fr/sites/default/files/aides/e64a3340-2274-11ea-99b1-e30fa992dc3f/accompagnement_v2-liste-des-adherents-de-la-cuma_e64a3340_annexe-162.pdf | https://www.paysdelaloire.fr/sites/default/files/aides/e64a3340-2274-11ea-99b1-e30fa992dc3f/accompagnement_v2-notice-attestation-bebc-bee-avicole-et-cunicol_e64a3340_annexe-163.pdf | https://www.paysdelaloire.fr/sites/default/files/aides/e64a3340-2274-11ea-99b1-e30fa992dc3f/accompagnement_v2-liste-des-documents-pcae_e64a3340_annexe-164.pdf | https://www.paysdelaloire.fr/sites/default/files/aides/e64a3340-2274-11ea-99b1-e30fa992dc3f/accompagnement_v2-attestation-bebc-bee-avicole-et-cunicole_e64a3340_annexe-165.pdf | https://www.paysdelaloire.fr/sites/default/files/aides/7d0d530a-6360-11ee-87cd-375e181ac9b1/accompagnement_faq-etude-dinstallation_7d0d530a_annexe-3.pdf | https://www.paysdelaloire.fr/sites/default/files/aides/e647d0df-2274-11ea-99a9-7f7d626ef79c/accompagnement_reglement-intervention-aap-2-2026_e647d0df_ri.pdf | https://www.paysdelaloire.fr/sites/default/files/aides/e647d0df-2274-11ea-99a9-7f7d626ef79c/accompagnement_certifications-agroenvironnementales-2026_e647d0df_annexe-99.pdf | https://www.paysdelaloire.fr/sites/default/files/aides/e647d0df-2274-11ea-99a9-7f7d626ef79c/accompagnement_mandat-gaec-2026_e647d0df_annexe-100.pdf | https://www.paysdelaloire.fr/sites/default/files/aides/e647d0df-2274-11ea-99a9-7f7d626ef79c/accompagnement_v2-tableau-depenses-previsionnelles_e647d0df_annexe-101.xlsx | https://www.paysdelaloire.fr/sites/default/files/aides/e647d0df-2274-11ea-99a9-7f7d626ef79c/accompagnement_liste-des-investissements-pcae-vegetal-2026_e647d0df_annexe-102.xlsx | https://www.paysdelaloire.fr/sites/default/files/aides/e647d0df-2274-11ea-99a9-7f7d626ef79c/accompagnement_liste-des-pieces-demandees-pcae-vegetal-2026_e647d0df_annexe-103.pdf | https://www.paysdelaloire.fr/sites/default/files/aides/e63be524-2274-11ea-996f-377c38ab2c56/subvention_fonds-daide-a-la-creation-cinematographique-audio_e63be524_ri.pdf | https://www.paysdelaloire.fr/sites/default/files/aides/e63be524-2274-11ea-996f-377c38ab2c56/subvention_reglement-interieur-des-comites-culture_e63be524_annexe-5.pdf | https://www.paysdelaloire.fr/sites/default/files/aides/e63be524-2274-11ea-996f-377c38ab2c56/subvention_fiche-descriptive-du-projet-developpement_e63be524_annexe-9.docx | https://www.paysdelaloire.fr/sites/default/files/aides/e63be524-2274-11ea-996f-377c38ab2c56/subvention_fiche-descriptive-du-projet-production_e63be524_annexe-10.docx | https://www.paysdelaloire.fr/sites/default/files/aides/e63be524-2274-11ea-996f-377c38ab2c56/subvention_liste-des-pieces-a-joindre-a-votre-demande_e63be524_annexe-11.pdf | https://www.paysdelaloire.fr/sites/default/files/aides/e63be524-2274-11ea-996f-377c38ab2c56/subvention_regime-cadre-exempte-%C5%93uvres-audiovisuelles-et-cin_e63be524_annexe-12.pdf | https://www.paysdelaloire.fr/sites/default/files/aides/e63be524-2274-11ea-996f-377c38ab2c56/subvention_composition-des-comites-techniques-cinema-audiovi_e63be524_annexe-13.pdf | https://www.paysdelaloire.fr/sites/default/files/aides/2bc7142a-7ae7-11ed-87ee-abdd9d28f587/subvention_v2-fonds-revitalisation-pdl_2bc7142a_ri.pdf | https://www.paysdelaloire.fr/sites/default/files/aides/2bc7142a-7ae7-11ed-87ee-abdd9d28f587/subvention_liste-des-communes-eligibles-au-fonds-de-revitali_2bc7142a_annexe-1.pdf | https://www.paysdelaloire.fr/sites/default/files/aides/a64dd812-7bc0-11ed-960c-c76633722638/subvention_v2fonds-de-soutien-action-coeur-de-ville-et-contr_a64dd812_ri.pdf | https://vivea.fr/wp-content/uploads/2024/10/Demarche-de-transition-Comment-trouver-votre-formation-financee-par-VIVEA.pdf | https://www.paysdelaloire.fr/sites/default/files/aides/786159bc-80d5-11ea-8bb8-c7ceddcbc7e6/subvention%2Cpret_reglement-dja-20242027_786159bc_ri.pdf | https://www.paysdelaloire.fr/sites/default/files/aides/786159bc-80d5-11ea-8bb8-c7ceddcbc7e6/subvention%2Cpret_20242027-pieces-justificatives-dja_786159bc_annexe-46.pdf | https://www.paysdelaloire.fr/sites/default/files/aides/786159bc-80d5-11ea-8bb8-c7ceddcbc7e6/subvention%2Cpret_2014--2023-documents-dja_786159bc_annexe-49.zip | https://www.paysdelaloire.fr/sites/default/files/aides/786159bc-80d5-11ea-8bb8-c7ceddcbc7e6/subvention%2Cpret_20242027-seuil-micro-benefice-agricole_786159bc_annexe-50.pdf | https://www.paysdelaloire.fr/sites/default/files/aides/786159bc-80d5-11ea-8bb8-c7ceddcbc7e6/subvention%2Cpret_20242027-foire-aux-questions-dja--v7_786159bc_annexe-58.pdf | https://www.paysdelaloire.fr/sites/default/files/aides/786159bc-80d5-11ea-8bb8-c7ceddcbc7e6/subvention%2Cpret_20242027-smic-en-vigueur-v3_786159bc_annexe-60.pdf | https://www.paysdelaloire.fr/sites/default/files/aides/786159bc-80d5-11ea-8bb8-c7ceddcbc7e6/subvention%2Cpret_20242027-liste-formations-dja-v7_786159bc_annexe-61.pdf | https://www.paysdelaloire.fr/cdn-cgi/l/email-protection#b0d4d1c0d19dd9dec3c4d1dcdcd1c4d9dfde8484f0c0d1c9c3d4d5dcd1dcdfd9c2d59ed6c2 | https://www.paysdelaloire.fr/sites/default/files/aides/0abecbd6-7bb6-11ed-baed-5bfb092b0803/subvention_reglement-intervention-fonds-pays-de-la-loire-inv_0abecbd6_ri.pdf | https://www.paysdelaloire.fr/sites/default/files/aides/0abecbd6-7bb6-11ed-baed-5bfb092b0803/subvention_liste-des-communes-non-eligibles-au-fonds-pays-de_0abecbd6_annexe-1.pdf | https://www.paysdelaloire.fr/sites/default/files/aides/5f0d1bae-af72-11ec-9a81-fb01e07c102b/garantie_fiche-produit_5f0d1bae_ri.pdf | https://www.paysdelaloire.fr/sites/default/files/aides/eb1d4c57-312f-11ea-9e59-03b724bbcc27/subvention_ri--fsu--2025_eb1d4c57_ri.pdf | https://www.paysdelaloire.fr/sites/default/files/aides/eb1d4c57-312f-11ea-9e59-03b724bbcc27/subvention_annexe-couts-moyens-2024pdf_eb1d4c57_annexe-6.pdf | https://www.paysdelaloire.fr/sites/default/files/aides/d690a58f-5d69-11ea-ad0a-37e54a6b7f14/subvention_fonds-social-lyceen-regional_d690a58f_ri.pdf | https://www.paysdelaloire.fr/sites/default/files/aides/b289eae6-bc37-11ed-8104-3f0e5a22d0e9/subvention_reglement-dintervention-48e-ws_b289eae6_ri.pdf | https://www.paysdelaloire.fr/sites/default/files/aides/20572a14-0306-11ef-8955-03cbe366e310/subvention_reglement-dintervention-des-frais-de-transport_20572a14_ri.pdf | https://www.paysdelaloire.fr/sites/default/files/aides/6a126028-adfe-11ed-9df5-0be6316f2049/subvention_reglement-dintervention-2026_6a126028_ri.pdf | https://www.paysdelaloire.fr/cdn-cgi/l/email-protection#b4c7d5d1d7f4c4d5cdc7d0d1d8d5d8dbddc6d19ad2c6 | https://www.paysdelaloire.fr/sites/default/files/aides/d690a58c-5d69-11ea-ad07-8fea74190b7b/subvention_gratuite-des-ressources-pedagogiques-et-manuels-s_d690a58c_ri.pdf | https://www.paysdelaloire.fr/sites/default/files/aides/b3019678-6a12-11eb-b076-c3ecf9a4972f/subvention_ri-impulsion_b3019678_ri.pdf | https://www.paysdelaloire.fr/sites/default/files/aides/a67fbfd4-0aee-11f0-afeb-8be3ab895103/subvention_rimars2025_a67fbfd4_ri.pdf | https://les-aides.paysdelaloire.fr/aides/#/prod/connecte/F_AAP_TCP/depot/simple | https://www.paysdelaloire.fr/sites/default/files/aides/a67fbfd4-0aee-11f0-afeb-8be3ab895103/subvention_flyer2025_a67fbfd4_annexe-1.pdf | https://www.paysdelaloire.fr/sites/default/files/aides/1fea8ee4-6c5c-11ef-a1d8-c77b8c27db1b/subvention_subventiondossierdedemandepapierindividuel-2026_1fea8ee4_papier_individuel.docx | https://www.paysdelaloire.fr/sites/default/files/aides/1fea8ee4-6c5c-11ef-a1d8-c77b8c27db1b/subvention_formulaireaapeau_1fea8ee4_annexe-2.docx | https://www.paysdelaloire.fr/sites/default/files/aides/1fea8ee4-6c5c-11ef-a1d8-c77b8c27db1b/subvention_cahierdescharges-aap-eauaa_1fea8ee4_annexe-3.pdf | https://www.paysdelaloire.fr/sites/default/files/aides/786159c4-80d5-11ea-8bc0-775def0536b6/subvention_reglement-intervention-installation-saliculture_786159c4_ri.pdf | https://www.paysdelaloire.fr/sites/default/files/aides/786159c4-80d5-11ea-8bc0-775def0536b6/subvention_formulairedemande_786159c4_papier_individuel.docx | https://www.paysdelaloire.fr/sites/default/files/aides/786159c4-80d5-11ea-8bc0-775def0536b6/subvention_formulaire-versement-du-solde_786159c4_annexe-1.docx | https://www.paysdelaloire.fr/sites/default/files/aides/5629abd8-836c-11ec-91d4-83abe183adca/subvention_reglement-aide-investissement-cfa--mars-2024_5629abd8_ri.pdf | https://www.paysdelaloire.fr/sites/default/files/aides/5629abd8-836c-11ec-91d4-83abe183adca/subvention_campagne-2026--aide-investissement-cfa_5629abd8_papier_individuel.xlsx | https://www.paysdelaloire.fr/sites/default/files/aides/dc087bbc-62e6-11ea-8f0a-ab6e52104106/subvention_reglement-intervention-_dc087bbc_ri.pdf | https://www.paysdelaloire.fr/sites/default/files/aides/d69a2f07-5d69-11ea-ad32-ab28d2bb5bca/subvention_investissements-en-faveur-de-lacces-au-reseau-de-_d69a2f07_ri.pdf | https://www.paysdelaloire.fr/sites/default/files/aides/e3096ffa-55b6-11f0-a1e4-fbe16e3c878a/subvention_reglement-dintervention-investissements-en-faveur_e3096ffa_ri.pdf | https://www.paysdelaloire.fr/sites/default/files/aides/d69a2f0b-5d69-11ea-ad36-b3d8455157be/_mesure-44--investissements-en-faveur-du-patrimoin_d69a2f0b_ri.pdf | https://www.paysdelaloire.fr/sites/default/files/aides/d69a2f0b-5d69-11ea-ad36-b3d8455157be/investissements-en-faveur-du-patrimoine-naturel-e_d69a2f0b_papier_individuel.pdf | https://www.paysdelaloire.fr/sites/default/files/aides/d69a2f0b-5d69-11ea-ad36-b3d8455157be/subvention_notice-au-formulaire-de-demande_d69a2f0b_annexe-1.pdf | https://www.paysdelaloire.fr/sites/default/files/aides/d69a2f0b-5d69-11ea-ad36-b3d8455157be/subvention_annexe-commande-publique_d69a2f0b_annexe-2.pdf | https://www.paysdelaloire.fr/sites/default/files/aides/d69a2f0b-5d69-11ea-ad36-b3d8455157be/subvention_notice-daide--commande-publique_d69a2f0b_annexe-3.pdf | https://www.paysdelaloire.fr/sites/default/files/aides/7863bc38-80d5-11ea-8bc7-4733ae04d12c/_leader--animation-et-frais-de-fonctionnementripro_7863bc38_ri.pdf | https://www.paysdelaloire.fr/sites/default/files/aides/7863bc38-80d5-11ea-8bc7-4733ae04d12c/subvention_programme-de-developpement-rural-regional_7863bc38_annexe-1.pdf | https://www.paysdelaloire.fr/sites/default/files/aides/786159c6-80d5-11ea-8bc2-8f8ba54900cf/subvention_contacts-des-gal_786159c6_annexe-1.pdf | https://www.paysdelaloire.fr/sites/default/files/aides/786159c2-80d5-11ea-8bbe-9f7e47cb6b4c/_leader--mise-en-oeuvre-doperations-dans-le-cadre-_786159c2_ri.pdf | https://www.paysdelaloire.fr/sites/default/files/aides/786159c2-80d5-11ea-8bbe-9f7e47cb6b4c/subvention_786159c2_annexe-1.pdf | https://www.paysdelaloire.fr/sites/default/files/aides/e63e477c-2274-11ea-9978-bff254a03012/subvention_amelioration-du-potentiel-pollinisateur-des-abeil_e63e477c_ri.pdf | https://www.paysdelaloire.fr/sites/default/files/aides/e63e477c-2274-11ea-9978-bff254a03012/subvention_liste-des-pieces-justificatives_e63e477c_annexe-3.pdf | https://www.paysdelaloire.fr/sites/default/files/aides/e63e477c-2274-11ea-9978-bff254a03012/subvention_mandat-gaec-feader-2327_e63e477c_annexe-4.pdf | https://www.paysdelaloire.fr/sites/default/files/aides/e63e477c-2274-11ea-9978-bff254a03012/subvention_video-webinaire-api-du-05-03-2025_e63e477c_annexe-5.pdf | https://www.paysdelaloire.fr/sites/default/files/aides/e6325e76-2274-11ea-9941-9f0faacab6e1/subvention_aide-a-la-protection-des-races-menacees_e6325e76_ri.pdf | https://www.paysdelaloire.fr/sites/default/files/aides/e6325e76-2274-11ea-9941-9f0faacab6e1/subvention_liste-des-pieces-justificatives_e6325e76_annexe-1.pdf | https://www.paysdelaloire.fr/sites/default/files/aides/e6325e76-2274-11ea-9941-9f0faacab6e1/subvention_attestation-dorganisme-de-conservation-de-race_e6325e76_annexe-2.docx | https://www.paysdelaloire.fr/sites/default/files/aides/e6325e76-2274-11ea-9941-9f0faacab6e1/subvention_mandat-gaec-feader-2327_e6325e76_annexe-6.pdf | https://www.paysdelaloire.fr/sites/default/files/aides/e6325e76-2274-11ea-9941-9f0faacab6e1/subvention_tableau-didentification-equides_e6325e76_annexe-7.xlsx | https://www.paysdelaloire.fr/sites/default/files/aides/e6325e76-2274-11ea-9941-9f0faacab6e1/subvention_video-webinaire-prm-05-mars-2025_e6325e76_annexe-8.pdf | https://www.paysdelaloire.fr/sites/default/files/aides/e6325e76-2274-11ea-9941-9f0faacab6e1/subvention_contacts-organismes-de-selection-ou-de-gestion-de_e6325e76_annexe-10.pdf | https://www.paysdelaloire.fr/sites/default/files/aides/9e454258-dd19-11ed-960b-47aae8f053c0/subvention_dossier-de-demande-de-subvention_9e454258_papier_individuel.docx | https://www.paysdelaloire.fr/les-aides/modalites-de-labellisation-des-organismes-souhaitant-participer-au-service-public-regional-de#tab-objectives | https://www.paysdelaloire.fr/les-aides/modalites-de-labellisation-des-organismes-souhaitant-participer-au-service-public-regional-de#tab-recipients | https://www.paysdelaloire.fr/les-aides/modalites-de-labellisation-des-organismes-souhaitant-participer-au-service-public-regional-de#tab-calendar | https://www.paysdelaloire.fr/les-aides/modalites-de-labellisation-des-organismes-souhaitant-participer-au-service-public-regional-de#tab-application | https://www.paysdelaloire.fr/les-aides/modalites-de-labellisation-des-organismes-souhaitant-participer-au-service-public-regional-de#tab-onglet-objectives | https://www.paysdelaloire.fr/les-aides/modalites-de-labellisation-des-organismes-souhaitant-participer-au-service-public-regional-de#tab-onglet-recipients | https://www.paysdelaloire.fr/les-aides/modalites-de-labellisation-des-organismes-souhaitant-participer-au-service-public-regional-de#tab-onglet-calendar | https://www.paysdelaloire.fr/sites/default/files/aides/a6241bf2-067d-11ed-b484-4bfca674f7b1/aide-en-nature_a6241bf2_annexe-1.pdf | https://www.paysdelaloire.fr/les-aides/modalites-de-labellisation-des-organismes-souhaitant-participer-au-service-public-regional-de#tab-onglet-application | https://www.paysdelaloire.fr/sites/default/files/aides/e647d0e1-2274-11ea-99ab-db22c7c40330/subvention_reglement-intervention-aap-eta-2023--27_e647d0e1_ri.pdf | https://www.paysdelaloire.fr/sites/default/files/aides/e647d0e1-2274-11ea-99ab-db22c7c40330/subvention_modele-declaration-aides-de-minimis-_e647d0e1_annexe-1.pdf | https://www.paysdelaloire.fr/sites/default/files/aides/e63e477d-2274-11ea-9979-4b1b833aee5b/subvention_reglement-dintervention-fermes-bas-carbone-lait_e63e477d_ri.pdf | https://www.paysdelaloire.fr/sites/default/files/aides/e63e477d-2274-11ea-9979-4b1b833aee5b/subvention_flyer-fermes-bas-carbone_e63e477d_annexe-1.pdf | https://www.paysdelaloire.fr/sites/default/files/aides/e63e477d-2274-11ea-9979-4b1b833aee5b/subvention_annexe-2--pieces-administratives-region-fbc-viand_e63e477d_annexe-2.pdf | https://www.paysdelaloire.fr/sites/default/files/aides/e63e477d-2274-11ea-9979-4b1b833aee5b/subvention_annexe-2--pieces-administratives-region-flbcv2021_e63e477d_annexe-3.pdf | https://www.paysdelaloire.fr/sites/default/files/aides/e63e477d-2274-11ea-9979-4b1b833aee5b/subvention_annexe-3--liste-diagnostics-region-flbc_e63e477d_annexe-4.pdf | https://www.paysdelaloire.fr/sites/default/files/aides/e63e477d-2274-11ea-9979-4b1b833aee5b/subvention_annexe-1bis--formulaire-region-diag-2-flbc-pdlv20_e63e477d_annexe-6.pdf | https://www.paysdelaloire.fr/sites/default/files/aides/e63e477d-2274-11ea-9979-4b1b833aee5b/subvention_reglement-dintervention-fermes-bas-carbone-viande_e63e477d_annexe-7.pdf | https://www.paysdelaloire.fr/sites/default/files/aides/e63e477d-2274-11ea-9979-4b1b833aee5b/subvention_annexe-1--formulaire-region-fbc-viande_e63e477d_annexe-8.pdf | https://www.paysdelaloire.fr/sites/default/files/aides/e63e477d-2274-11ea-9979-4b1b833aee5b/subvention_annexe-1--formulaire-region-flbc-pdlv20210308_e63e477d_annexe-9.pdf | https://www.paysdelaloire.fr/sites/default/files/aides/e63e477d-2274-11ea-9979-4b1b833aee5b/subvention_annexe-1bis--formulaire-region-diag-fbc-viande_e63e477d_annexe-10.pdf | https://pia.paysdelaloire.fr/storage/sites/8/2026/03/2026-03_AAP-volet-i-Demo_PiA4-regionalise-Pays-de-la-Loire.pdf | https://pia.paysdelaloire.fr/storage/sites/8/2023/03/Dossier_Demande_France_2030_I-Demo_Pays-de-la-Loire.zip | https://www.paysdelaloire.fr/sites/default/files/2026-02/DOMO%20FEDER%20v.%2017.02.2026.pdf | https://www.paysdelaloire.fr/sites/default/files/2026-06/V2%20Annexe_Plan%20de%20financement%2021-27-%20DS%20FEDER_V2026.zip | https://www.paysdelaloire.fr/sites/default/files/2022-11/Feder_21-27_attestation_de_delegation_de_signature_du_representant_legal.docx | https://www.paysdelaloire.fr/sites/default/files/2023-11/Lettre%20d%27engagement%20d%C3%A9p%C3%B4t%20DS_V2_20231128.docx | https://www.paysdelaloire.fr/sites/default/files/2024-02/2024_02_Lettre%20de%20mission%20%281%29.doc | https://www.paysdelaloire.fr/sites/default/files/2024-10/Annexe_Modifications%20de%20march%C3%A9_Recensement.zip | https://www.paysdelaloire.fr/sites/default/files/2025-02/2023_10_12_attestation_non_recuperation_TVA.docx | https://www.paysdelaloire.fr/sites/default/files/2026-07/Kit%20commande%20publique_V4.zip | https://www.paysdelaloire.fr/sites/default/files/2024-11/Modele_demande_sub_PDA_FEDER%20vf.pdf | https://www.paysdelaloire.fr/sites/default/files/2026-04/Guide%20des%20indicateurs%202026%20avril%202026.pdf | https://www.paysdelaloire.fr/sites/default/files/2022-11/Annexe_Guide%20d%C3%A9finition%20d%27une%20PME.pdf | https://www.paysdelaloire.fr/sites/default/files/2024-12/Guide-Demande%20de%20paiement.pdf | https://www.paysdelaloire.fr/sites/default/files/2024-04/Fiches%20de%20temps_V2024_0.zip | https://www.paysdelaloire.fr/sites/default/files/2023-10/Mod%C3%A8le%20de%20rapport%20d%27activite_20231012.zip | https://www.paysdelaloire.fr/sites/default/files/2023-10/Aide%20saisie%20rapport%20activit%C3%A9%20FEDER_20231012.zip | https://www.paysdelaloire.fr/sites/default/files/2025-06/Etat%20r%C3%A9capitulatif%20des%20ressources_V202505%20vf.zip | https://www.paysdelaloire.fr/sites/default/files/2024-12/Etat%20r%C3%A9capitulatif%20des%20d%C3%A9penses_V202412.zip | https://www.paysdelaloire.fr/sites/default/files/2025-10/Etat%20r%C3%A9capitulatif%20des%20d%C3%A9penses_porteursPriv%C3%A9s_soumis_AidesEtat.zip | https://www.paysdelaloire.fr/sites/default/files/2024-11/Lettre%20d%27engagement%20d%C3%A9p%C3%B4t%20demande%20de%20paiement_VF.zip | https://www.paysdelaloire.fr/sites/default/files/2024-04/Liste%20GAL%20et%20enveloppe%2023-27.pdf | https://www.paysdelaloire.fr/sites/default/files/2026-01/202601_guide%20d%C3%A9penses%20de%20personnel.pdf | https://www.paysdelaloire.fr/sites/default/files/2024-03/2024_03_Guide_taux_7_LEADER.pdf | https://www.paysdelaloire.fr/sites/default/files/2025-02/Guide%20comm%20FEADER%20VF%20%287%29.pdf | https://www.paysdelaloire.fr/sites/default/files/2026-07/Guide%20de%20vigilance%20du%20porteur%20de%20projet%2021-27.pdf | https://www.paysdelaloire.fr/sites/default/files/2020-01/livret_iti_2019_web.pdf | https://www.paysdelaloire.fr/sites/default/files/2026-07/A5-flyer-Campus-a2pas-WEB.pdf | https://www.paysdelaloire.fr/sites/default/files/2019-10/dtee_2018_plaquette-transition-energetique.pdf | https://www.paysdelaloire.fr/sites/default/files/2025-03/SRB%202024-2030_0.pdf | https://www.paysdelaloire.fr/sites/default/files/2020-02/cp_18-05-23_environnement_club-mecene-biodiversite.pdf | https://www.paysdelaloire.fr/cdn-cgi/l/email-protection#a3d3c2cdcdc6c2d6dbc7c6c0cbc2cdd7cac6d1e3d3c2dad0c7c6cfc2cfcccad1c68dc5d1 | https://www.paysdelaloire.fr/sites/default/files/2026-03/R%C3%A9gion%20Pays%20de%20la%20Loire%20-%20Update%202026%20-%20Document%20d%27Information%20%28FINAL%29.pdf | https://www.paysdelaloire.fr/sites/default/files/2025-03/Document%20d%27Information%202025.pdf | https://www.paysdelaloire.fr/sites/default/files/2025-01/Guide%20comm%20FEADER%20VF%20%287%29.pdf | https://www.paysdelaloire.fr/sites/default/files/2025-11/Mode-Emploi_Photo-%20Geolocalis%C3%A9e_20-10-2025.pdf | https://www.paysdelaloire.fr/sites/default/files/2022-11/attestation-de-delegation-de-signature%20VD.docx | https://www.paysdelaloire.fr/sites/default/files/2022-11/attestation-dengagement-dun-cofinanceur%20VD.docx | https://www.paysdelaloire.fr/sites/default/files/2022-11/attestation-de-non-assujettissement-a-la-tva%20VD.docx | https://www.paysdelaloire.fr/sites/default/files/2022-11/donn%C3%A9es%20prestataires%20annexe%20XVII%20VD.zip | https://www.paysdelaloire.fr/sites/default/files/2023-11/Lettre%20d%27engagement%20d%C3%A9p%C3%B4t%20demande%20de%20subvention_0.docx | https://www.paysdelaloire.fr/sites/default/files/2024-02/Lettre%20de%20mission.doc | https://www.paysdelaloire.fr/sites/default/files/2025-03/annexe_PF%20tx%2015_indice%202025_VDEF_V%C3%A9rouill%C3%A9.zip | https://www.paysdelaloire.fr/sites/default/files/2025-03/annexe_PF%20tx%2040_%20indice%202025_VDEF_v%C3%A9rouill%C3%A9.zip | https://www.paysdelaloire.fr/sites/default/files/2022-11/V4%20Guide%20porteur%20VD.pdf | https://www.paysdelaloire.fr/sites/default/files/2022-11/Note_soumission_commande_publique%20VD.pdf | https://www.paysdelaloire.fr/sites/default/files/2024-02/Notice%20Plan%20de%20Financement%20VD.pdf | https://www.paysdelaloire.fr/sites/default/files/2022-11/Liste%20Indicateurs%20par%20OS%20FSE%2B%2021-27%20VD.pdf | https://www.paysdelaloire.fr/sites/default/files/2024-11/Mod%C3%A8le%2021-27%20collecte%20donn%C3%A9es%20participants%20FSE%2B_V2024%20vf.zip | https://www.paysdelaloire.fr/sites/default/files/2023-11/EU-27_2012_March%20-%20collecte%20donn%C3%A9es%20participants%20-%20DEGURBA.zip | https://www.paysdelaloire.fr/sites/default/files/2022-11/Liste%20Indicateurs%20communs%20participants%20FSE%2B%2021-27%20VD.pdf | https://www.paysdelaloire.fr/sites/default/files/2024-11/Lettre%20d%27engagement%20d%C3%A9p%C3%B4t%20demande%20de%20paiement_VF_0.zip | https://www.paysdelaloire.fr/sites/default/files/2023-11/rapport%20global%20d%27activit%C3%A9s.docx | https://www.paysdelaloire.fr/sites/default/files/2023-11/rapport%20individuel%20d%27activit%C3%A9s.docx | https://www.paysdelaloire.fr/sites/default/files/2024-02/Guide%20porteur%20DDP%20VD.pdf | https://www.paysdelaloire.fr/sites/default/files/2025-12/Cahier%20des%20charges%20AMI_v20251128.pdf | https://www.paysdelaloire.fr/sites/default/files/2023-05/Attestation%20de%20d%C3%A9l%C3%A9gation%20de%20signature.docx | https://www.paysdelaloire.fr/sites/default/files/2024-02/Annexe%20plan%20de%20financement.zip | https://www.paysdelaloire.fr/sites/default/files/2024-02/Lettre%20d%27engagement%20d%C3%A9p%C3%B4t%20demande%20de%20subvention.docx | https://www.paysdelaloire.fr/sites/default/files/2023-05/Notice%20Plan%20de%20financement%20FTJ.pdf | https://www.paysdelaloire.fr/sites/default/files/2023-05/Indicateurs.pdf | https://www.paysdelaloire.fr/sites/default/files/2023-05/Guide%20du%20porteur%20FTJ.pdf | https://www.paysdelaloire.fr/sites/default/files/2025-12/Etat_r%C3%A9capitulatif_des_ressources_V20251209.zip | https://www.paysdelaloire.fr/sites/default/files/2025-12/Etat_r%C3%A9capitulatif_des_d%C3%A9penses_V20251209.zip | https://www.paysdelaloire.fr/sites/default/files/2025-12/Lettre_d%27engagement_d%C3%A9p%C3%B4t_demande_de_paiement_FTJ.docx | https://www.paysdelaloire.fr/sites/default/files/2025-12/rapport_global_d%27activit%C3%A9s_FTJ.docx | https://www.paysdelaloire.fr/sites/default/files/2025-12/rapport_individuel_d%27activit%C3%A9s_FTJ.docx | https://www.paysdelaloire.fr/sites/default/files/2025-12/Guide_porteur_D%C3%A9p%C3%B4t_DDP_PDA.pdf | https://www.paysdelaloire.fr/sites/default/files/2025-12/Suivi_des_actions_projet_FTJ.zip | https://www.paysdelaloire.fr/sites/default/files/2024-04/2023.11.13_Note_pr%C3%A9cision%20crit%C3%A8res%20REACT%20EU%20FEDER.pdf | https://www.paysdelaloire.fr/sites/default/files/2023-01/20221110_Note%20crit%C3%A8res%20React%20FEDER%202022-11-10_VF.pdf | https://www.paysdelaloire.fr/sites/default/files/2020-09/draft_demande_de_subvention_0.pdf | https://www.paysdelaloire.fr/sites/default/files/2020-09/notice-explicative-juin-2020_0.pdf | https://www.paysdelaloire.fr/sites/default/files/2021-05/annexe-1_contacts-pour-votre-projet_0.pdf | https://www.paysdelaloire.fr/sites/default/files/2020-09/annexe_2_attestation_de_delegation_de_signature_du_representant_legal.docx | https://www.paysdelaloire.fr/sites/default/files/2021-04/annexe-3_attestation-tva.pdf | https://www.paysdelaloire.fr/sites/default/files/2020-09/annexe_4_recapitulatif_frais_personnel-2.zip | https://www.paysdelaloire.fr/sites/default/files/2021-10/annexe-5_fiche-de-suivi-de-temps.pdf | https://www.paysdelaloire.fr/sites/default/files/2022-05/annexe-6a_tableur-calcul-des-recettes-nettes-article-61.zip | https://www.paysdelaloire.fr/sites/default/files/2022-05/annexe-6b_tableur-calcul-des-recettes-nettes-article-65-8.zip | https://www.paysdelaloire.fr/sites/default/files/2020-09/annexe_7_pieces_justificatives_pour_marches_publics_0.docx | https://www.paysdelaloire.fr/sites/default/files/2020-09/annexe_8_questionnaire_sur_les_principes_horizontaux_0.docx | https://www.paysdelaloire.fr/sites/default/files/2020-09/annexe_9_organisation_des_pieces_fournies_a_l_appui_de_la_demande.zip | https://www.paysdelaloire.fr/sites/default/files/2020-09/notice_demande_de_paiement_esynergie_decembre_2017.pdf | https://www.paysdelaloire.fr/sites/default/files/2020-09/draft_word_e-synergie_demande_de_paiement.pdf | https://www.paysdelaloire.fr/sites/default/files/2021-05/annexe-1_contacts-pour-votre-projet_paiement.pdf | https://www.paysdelaloire.fr/sites/default/files/2020-09/annexe_2_etat_recapitulatif_des_depenses.zip | https://www.paysdelaloire.fr/sites/default/files/2020-09/annexe_2a_tableau_justificatif_des_frais_personnel.zip | https://www.paysdelaloire.fr/sites/default/files/2021-10/annexe-2b-fiches-de-temps_suivi-mensuel.pdf | https://www.paysdelaloire.fr/sites/default/files/2020-09/annexe_3_etat_recap_ressources.zip | https://www.paysdelaloire.fr/sites/default/files/2020-09/annexe_4a_tableau_de_calcul_des_recettes_nettes-article_61.zip | https://www.paysdelaloire.fr/sites/default/files/2020-09/annexe_4b_tableur_calcul_des_recettes_nettes-article_65-8.zip | https://www.paysdelaloire.fr/sites/default/files/2020-09/annexe_5_indic_axe_1.b.zip | https://www.paysdelaloire.fr/sites/default/files/2020-09/annexe_5_indic_axe_3.a.zip | https://www.paysdelaloire.fr/sites/default/files/2020-09/annexe_5_indic_axe_3.d.zip | https://www.paysdelaloire.fr/sites/default/files/2020-09/annexe_6_classement_des_pj.docx | https://www.paysdelaloire.fr/sites/default/files/2024-03/Liste%20AAP%205.2%20FEDER%20territoires%20ruraux%20s%C3%A9lection.pdf | https://www.paysdelaloire.fr/sites/default/files/2025-01/Guide%20comm%20FEADER%20VF%20%287%29.pdf | https://www.paysdelaloire.fr/sites/default/files/2025-11/Mode-Emploi_Photo-%20Geolocalis%C3%A9e_20-10-2025.pdf | https://www.paysdelaloire.fr/sites/default/files/2026-07/A5-flyer-Campus-a2pas-WEB.pdf | https://www.paysdelaloire.fr/sites/default/files/2024-04/Liste%20GAL%20et%20enveloppe%2023-27.pdf | https://www.paysdelaloire.fr/sites/default/files/2026-01/202601_guide%20d%C3%A9penses%20de%20personnel.pdf | https://www.paysdelaloire.fr/sites/default/files/2024-03/2024_03_Guide_taux_7_LEADER.pdf | https://www.paysdelaloire.fr/sites/default/files/2025-02/Guide%20comm%20FEADER%20VF%20%287%29.pdf | https://www.paysdelaloire.fr/sites/default/files/2026-07/Guide%20de%20vigilance%20du%20porteur%20de%20projet%2021-27.pdf | https://www.paysdelaloire.fr/sites/default/files/2019-10/dtee_2018_plaquette-transition-energetique.pdf | https://www.paysdelaloire.fr/sites/default/files/2025-03/SRB%202024-2030_0.pdf | https://www.paysdelaloire.fr/sites/default/files/2020-01/livret_iti_2019_web.pdf | https://www.paysdelaloire.fr/sites/default/files/2020-02/cp_18-05-23_environnement_club-mecene-biodiversite.pdf | https://www.paysdelaloire.fr/sites/default/files/2026-02/DOMO%20FEDER%20v.%2017.02.2026.pdf | https://www.paysdelaloire.fr/sites/default/files/2024-11/Modele_demande_sub_PDA_FEDER%20vf.pdf | https://www.paysdelaloire.fr/sites/default/files/2026-04/Guide%20des%20indicateurs%202026%20avril%202026.pdf | https://www.paysdelaloire.fr/sites/default/files/2022-11/Annexe_Guide%20d%C3%A9finition%20d%27une%20PME.pdf | https://www.paysdelaloire.fr/sites/default/files/2024-12/Guide-Demande%20de%20paiement.pdf | https://www.paysdelaloire.fr/cdn-cgi/l/email-protection#a1c5c0d1c08cc8cfd7c4d2d5c8d2d2c4ccc4cfd59492e1d1c0d8d2c5c4cdc0cdcec8d3c48fc7d3 | https://www.paysdelaloire.fr/sites/default/files/aides/7863bc36-80d5-11ea-8bc5-53fdaaa1de1e/subvention_riv2_7863bc36_ri.pdf | https://www.paysdelaloire.fr/sites/default/files/aides/7863bc36-80d5-11ea-8bc5-53fdaaa1de1e/subvention_annexe-1-du-tfue_7863bc36_annexe-21.pdf | https://www.paysdelaloire.fr/sites/default/files/aides/7863bc36-80d5-11ea-8bc5-53fdaaa1de1e/subvention_tableau-des-depenses_7863bc36_annexe-22.xlsx | https://www.paysdelaloire.fr/sites/default/files/aides/7863bc36-80d5-11ea-8bc5-53fdaaa1de1e/subvention_liste-des-exploitations-en-atelier-mutualise_7863bc36_annexe-25.pdf | https://www.paysdelaloire.fr/sites/default/files/aides/7863bc36-80d5-11ea-8bc5-53fdaaa1de1e/subvention_declaration-aides-de-minimis_7863bc36_annexe-26.pdf | https://www.paysdelaloire.fr/sites/default/files/aides/7863bc36-80d5-11ea-8bc5-53fdaaa1de1e/subvention_guide-communication-feader_7863bc36_annexe-28.pdf | https://www.paysdelaloire.fr/sites/default/files/aides/7863bc36-80d5-11ea-8bc5-53fdaaa1de1e/subvention_flyer-orientation-vers-les-formations-demarche-de_7863bc36_annexe-29.pdf | https://www.paysdelaloire.fr/sites/default/files/aides/7863bc36-80d5-11ea-8bc5-53fdaaa1de1e/subvention_mandat-gaec2026_7863bc36_annexe-30.pdf | https://www.paysdelaloire.fr/sites/default/files/aides/fa443180-e79b-11ee-af43-ffa5e36e1bed/subvention_reglement-pdl-bocage-2026_fa443180_ri.pdf | https://www.paysdelaloire.fr/sites/default/files/aides/fa443180-e79b-11ee-af43-ffa5e36e1bed/subvention_plan-regional-en-faveur-de-la-haie_fa443180_annexe-4.pdf | https://www.paysdelaloire.fr/sites/default/files/aides/fa443180-e79b-11ee-af43-ffa5e36e1bed/subvention_structures-facilitatrice--reglement-dappel-a-cand_fa443180_annexe-37.pdf | https://www.paysdelaloire.fr/sites/default/files/aides/fa443180-e79b-11ee-af43-ffa5e36e1bed/subvention_memoliste-des-essences-eligibles-pdl-bocage_fa443180_annexe-48.xlsx | https://www.paysdelaloire.fr/sites/default/files/aides/fa443180-e79b-11ee-af43-ffa5e36e1bed/subvention_a-completerformulaire-de-candidature--structure-f_fa443180_annexe-52.docx | https://www.paysdelaloire.fr/sites/default/files/aides/fa443180-e79b-11ee-af43-ffa5e36e1bed/subvention_memonotice-aap-2026-pdl-bocage_fa443180_annexe-54.pdf | https://www.paysdelaloire.fr/sites/default/files/aides/fa443180-e79b-11ee-af43-ffa5e36e1bed/subvention_a-completermodele-du-mandat-gaec_fa443180_annexe-55.docx | https://www.paysdelaloire.fr/sites/default/files/aides/fa443180-e79b-11ee-af43-ffa5e36e1bed/subvention_memoattendus-pour-le-contexte-du-projet-de-letude_fa443180_annexe-57.docx | https://www.paysdelaloire.fr/sites/default/files/aides/fa443180-e79b-11ee-af43-ffa5e36e1bed/subvention_a-completerfichier-des-donnees-techniques-et-fina_fa443180_annexe-59.xlsx | https://www.paysdelaloire.fr/sites/default/files/aides/fa443180-e79b-11ee-af43-ffa5e36e1bed/subvention_a-completerfichier-des-donnees-techniques-et-fina_fa443180_annexe-60.xlsx | https://www.paysdelaloire.fr/sites/default/files/aides/fa443180-e79b-11ee-af43-ffa5e36e1bed/subvention_memoguide-geo-pdl-bocage--version-de-juillet-2026_fa443180_annexe-62.pdf | https://www.paysdelaloire.fr/sites/default/files/aides/fa443180-e79b-11ee-af43-ffa5e36e1bed/subvention_tuto--depot-demande-daide-sur-le-portail-des-aide_fa443180_annexe-63.pdf | https://www.paysdelaloire.fr/sites/default/files/aides/fa443180-e79b-11ee-af43-ffa5e36e1bed/subvention_sept-2026liste-des-structures-facilitatrices-habi_fa443180_annexe-64.pdf | https://www.paysdelaloire.fr/sites/default/files/2023-07/R%C3%A9gime%20r%C3%A9gional%20corrections%20sanctions%20FEADER%2023%2027.pdf | https://www.paysdelaloire.fr/sites/default/files/2020-01/synthese-de-levaluation-sur-lapproche-integree-de-developpement-territorial.pdf | https://www.paysdelaloire.fr/sites/default/files/2021-03/livrable-ndeg6-synthese-de-levaluation.pdf | https://www.paysdelaloire.fr/sites/default/files/2021-11/synthese-evaluation.pdf | https://www.paysdelaloire.fr/sites/default/files/2021-11/synthese_eval-te-pdl.pdf | https://www.paysdelaloire.fr/sites/default/files/2023-12/RAMO%20FEADER%202023%20projets.pdf | https://www.paysdelaloire.fr/sites/default/files/2023-12/Plan%20Strat%C3%A9gique%20NAtional%20de%20la%20PAC%202023-2027_compressed.pdf | https://www.paysdelaloire.fr/sites/default/files/2023-12/2023%2009%2022%20PDRR%20V13_compressed.pdf | https://www.paysdelaloire.fr/sites/default/files/2026-07/2026.07.03%20Webinaire%20post-27.pdf | https://www.paysdelaloire.fr/sites/default/files/2026-07/20260630_Webinaire_agriFEADER.pdf | https://www.paysdelaloire.fr/sites/default/files/2026-03/Diaporama%20webinaire%2004.03.2026.pdf | https://www.paysdelaloire.fr/sites/default/files/2025-11/20251106_Webinaire_agriFEADER.pdf | https://www.paysdelaloire.fr/sites/default/files/2025-08/20250612_Webinaire_agriFEADER%20vf.pdf | https://www.paysdelaloire.fr/sites/default/files/2025-03/20250207_Webinaire_agriFEADER%20v2.pdf | https://www.paysdelaloire.fr/sites/default/files/2024-09/20240913_Webinaire_agriFEADER.pdf | https://www.paysdelaloire.fr/sites/default/files/2020-03/le-reseau-rural-en-pays-de-la-loire.pdf | https://youtu.be/Q41dq8rkEYQ | https://www.paysdelaloire.fr/cdn-cgi/l/email-protection#a1d1c5cdc8ccd1c0c2d5c4d4d3ced1c4e1d1c0d8d2c5c4cdc0cdcec8d3c48fc7d3 | https://www.paysdelaloire.fr/sites/default/files/2022-11/V4%20Guide%20porteur%20VD.pdf | https://www.paysdelaloire.fr/sites/default/files/2022-11/Note_soumission_commande_publique%20VD.pdf | https://www.paysdelaloire.fr/sites/default/files/2024-02/Notice%20Plan%20de%20Financement%20VD.pdf | https://www.paysdelaloire.fr/sites/default/files/2022-11/Liste%20Indicateurs%20par%20OS%20FSE%2B%2021-27%20VD.pdf | https://www.paysdelaloire.fr/sites/default/files/2022-11/Liste%20Indicateurs%20communs%20participants%20FSE%2B%2021-27%20VD.pdf | https://www.paysdelaloire.fr/sites/default/files/2024-02/Guide%20porteur%20DDP%20VD.pdf | https://www.paysdelaloire.fr/sites/default/files/2026-07/A5-flyer-Campus-a2pas-WEB.pdf | https://www.paysdelaloire.fr/sites/default/files/2024-04/Liste%20GAL%20et%20enveloppe%2023-27.pdf | https://www.paysdelaloire.fr/sites/default/files/2026-01/202601_guide%20d%C3%A9penses%20de%20personnel.pdf | https://www.paysdelaloire.fr/sites/default/files/2024-03/2024_03_Guide_taux_7_LEADER.pdf | https://www.paysdelaloire.fr/sites/default/files/2025-02/Guide%20comm%20FEADER%20VF%20%287%29.pdf | https://www.paysdelaloire.fr/sites/default/files/2026-07/Guide%20de%20vigilance%20du%20porteur%20de%20projet%2021-27.pdf | https://www.paysdelaloire.fr/sites/default/files/2020-01/livret_iti_2019_web.pdf | https://www.paysdelaloire.fr/sites/default/files/2025-12/Cahier%20des%20charges%20AMI_v20251128.pdf | https://www.paysdelaloire.fr/sites/default/files/2023-05/Notice%20Plan%20de%20financement%20FTJ.pdf | https://www.paysdelaloire.fr/sites/default/files/2023-05/Indicateurs.pdf | https://www.paysdelaloire.fr/sites/default/files/2023-05/Guide%20du%20porteur%20FTJ.pdf | https://www.paysdelaloire.fr/sites/default/files/2025-12/Guide_porteur_D%C3%A9p%C3%B4t_DDP_PDA.pdf | https://www.paysdelaloire.fr/sites/default/files/2024-04/Liste%20GAL%20et%20enveloppe%2023-27.pdf | https://www.paysdelaloire.fr/sites/default/files/2026-01/202601_guide%20d%C3%A9penses%20de%20personnel.pdf | https://www.paysdelaloire.fr/sites/default/files/2024-03/2024_03_Guide_taux_7_LEADER.pdf | https://www.paysdelaloire.fr/sites/default/files/2025-02/Guide%20comm%20FEADER%20VF%20%287%29.pdf | https://www.paysdelaloire.fr/sites/default/files/2026-07/Guide%20de%20vigilance%20du%20porteur%20de%20projet%2021-27.pdf | https://www.paysdelaloire.fr/sites/default/files/2020-01/livret_iti_2019_web.pdf | https://www.paysdelaloire.fr/sites/default/files/2026-07/A5-flyer-Campus-a2pas-WEB.pdf | https://www.paysdelaloire.fr/sites/default/files/2023-08/PTTJ%20Pays%20de%20la%20Loire.pdf | https://www.paysdelaloire.fr/sites/default/files/2023-08/FPSP_FTJ.pdf | https://www.paysdelaloire.fr/sites/default/files/2026-07/A5-flyer-Campus-a2pas-WEB.pdf | https://www.paysdelaloire.fr/sites/default/files/2024-04/Liste%20GAL%20et%20enveloppe%2023-27.pdf | https://www.paysdelaloire.fr/sites/default/files/2026-01/202601_guide%20d%C3%A9penses%20de%20personnel.pdf | https://www.paysdelaloire.fr/sites/default/files/2024-03/2024_03_Guide_taux_7_LEADER.pdf | https://www.paysdelaloire.fr/sites/default/files/2025-02/Guide%20comm%20FEADER%20VF%20%287%29.pdf | https://www.paysdelaloire.fr/sites/default/files/2026-07/Guide%20de%20vigilance%20du%20porteur%20de%20projet%2021-27.pdf | https://www.paysdelaloire.fr/sites/default/files/2020-01/livret_iti_2019_web.pdf | https://www.paysdelaloire.fr/sites/default/files/2024-10/A4_CharteGraphique_Panneaux%20de%20chantier%2Bsupports%20d%27affichage%20permanents.pdf | https://www.paysdelaloire.fr/sites/default/files/2024-10/RPDL_NOTICE%20POSE%20SIGNALETIQUE%20REGION_01102024.pdf","VERIFIE","100","100"
"paca_aHR0cHM6Ly9lbnRyZXByaXNlcy5t","Document officiel","AAP / AMI","REGIONAL","Provence-Alpes-Côte d'Azur","Région Sud | Europe en Région Sud","SUBVENTION | AVANCE_REMBOURSABLE | PRET_TAUX_ZERO","STARTUP | PME | ETI | GE","50000","200000","1","1.5","60","60","2029-12-31","non","https://www.maregionsud.fr/fileadmin/user_upload/1-FICHIERS/2-DOCUMENTS/Education-lycee-Formation/Communes_region_Loi_Montagne_-_Region_Sud.pdf","https://entreprises.maregionsud.fr/aides-et-appels-a-projet/detail/soutien-a-la-desserte-forestiere | https://europe.maregionsud.fr/aides-et-appels-a-projets/subventions-via-dautres-modalites | https://entreprises.maregionsud.fr/fileadmin/user_upload/1-FICHIERS/2-DOCUMENTS/Economie-Emploi/Fiche_d_Accompagnement_du_Porteur__FAP__Charles_BIENFAIT.docx | https://entreprises.maregionsud.fr/financement/investissements-productifs-dans-les-pme/acces-aux-financements-europeens-pour-les-pme-afe-pme | https://entreprises.maregionsud.fr/aides-et-appels-a-projet/detail/mon-projet-de-renovation | https://www.maregionsud.fr/fileadmin/user_upload/1-FICHIERS/2-DOCUMENTS/Education-lycee-Formation/Communes_region_Loi_Montagne_-_Region_Sud.pdf | https://entreprises.maregionsud.fr/fileadmin/user_upload/1-FICHIERS/2-DOCUMENTS/Sport/PPA_kitdecom_hiver_2026.zip | https://entreprises.maregionsud.fr/fileadmin/user_upload/1-FICHIERS/2-DOCUMENTS/Education-lycee-Formation/Communes_region_Loi_Montagne_-_Region_Sud.pdf | https://entreprises.maregionsud.fr/fileadmin/user_upload/1-FICHIERS/2-DOCUMENTS/Agriculture/AAP_miellerie_2025_Aide_pour_remplissage_Clelia_DUPONT_ICART.pdf | https://entreprises.maregionsud.fr/fileadmin/user_upload/1-FICHIERS/2-DOCUMENTS/Economie-Emploi/mon_projet_renovation___Notice_Bonification_MAJ_juillet_2026.pdf | https://entreprises.maregionsud.fr/aides-et-appels-a-projet/detail/logistique-bas-carbone# | https://agirpourlatransition.ademe.fr/collectivites/sites/default/files/Logistique%20Bas%20Carbone%20-%20R%C3%A8glement%20-%202024.pdf | https://entreprises.maregionsud.fr/fileadmin/user_upload/1-FICHIERS/2-DOCUMENTS/Environnement/Annexe_Fiche_projet_AAP_Logistique-bas-carbone.docx | https://entreprises.maregionsud.fr/fileadmin/user_upload/1-FICHIERS/2-DOCUMENTS/Economie-Emploi/2020-Plan_Regional_hydrogene_Stephane_FAUDON.pdf | https://entreprises.maregionsud.fr/fileadmin/user_upload/1-FICHIERS/2-DOCUMENTS/Economie-Emploi/1-Reduction_de_l_impact_environnemental_2026.pdf | https://entreprises.maregionsud.fr/fileadmin/user_upload/1-FICHIERS/2-DOCUMENTS/Economie-Emploi/2-Reduction_des_impacts_lies_aux_transports_2026.pdf | https://entreprises.maregionsud.fr/fileadmin/user_upload/1-FICHIERS/2-DOCUMENTS/Economie-Emploi/3-Reduction_de_la_consommation_d_energie_2026.pdf | https://entreprises.maregionsud.fr/fileadmin/user_upload/1-FICHIERS/2-DOCUMENTS/Economie-Emploi/4-_Reduction_de_l_empreinte_carbone_2026.pdf | https://entreprises.maregionsud.fr/fileadmin/user_upload/1-FICHIERS/2-DOCUMENTS/Economie-Emploi/5-_Preservation_des_milieux_naturels_impactes_2026.pdf | https://entreprises.maregionsud.fr/fileadmin/user_upload/1-FICHIERS/2-DOCUMENTS/Economie-Emploi/6-_Management_responsable_et_strategie_economique_2026.pdf | https://entreprises.maregionsud.fr/fileadmin/user_upload/1-FICHIERS/2-DOCUMENTS/Economie-Emploi/7-_Deploiement_de_demarches_innovantes_ou_obtention_de_labels_2026.pdf | https://entreprises.maregionsud.fr/fileadmin/user_upload/1-FICHIERS/2-DOCUMENTS/Economie-Emploi/8-Adaptation_aux_consequences_du_changement_climatique_2026.pdf | https://maregionsud.fr/fileadmin/user_upload/1-FICHIERS/1-PHOTOS/Evenements/Worldskills/Kit_com_orldskills_49e__2_.zip | https://entreprises.maregionsud.fr/aides-et-appels-a-projet/detail/mon-projet-de-boutique | https://entreprises.maregionsud.fr/fileadmin/user_upload/1-FICHIERS/2-DOCUMENTS/Agriculture/Formulaire_aide_a_l_investissement_pepinieres_Clelia_DUPONT_ICART.pdf | https://entreprises.maregionsud.fr/fileadmin/user_upload/1-FICHIERS/2-DOCUMENTS/Agriculture/Dossier_candidature_2026_produits.pdf | https://entreprises.maregionsud.fr/fileadmin/user_upload/1-FICHIERS/2-DOCUMENTS/Agriculture/Dossier_Candidature_projet_2026.pdf | https://entreprises.maregionsud.fr/fileadmin/user_upload/1-FICHIERS/2-DOCUMENTS/Agriculture/charte_engagement_2025_label-100sud.pdf | https://entreprises.maregionsud.fr/fileadmin/user_upload/1-FICHIERS/2-DOCUMENTS/Agriculture/Reglement_usage_2025_label-100sud.pdf | https://entreprises.maregionsud.fr/aides-et-appels-a-projet/detail/plan-solaire-ami-foncier-derisque | https://entreprises.maregionsud.fr/aides-et-appels-a-projet/detail/aide-jeunes-bien-vivre-en-montagne | https://entreprises.maregionsud.fr/fileadmin/user_upload/1-FICHIERS/2-DOCUMENTS/Territoire/Charte_de_fonctionnement_RESPIR.pdf | https://entreprises.maregionsud.fr/fileadmin/user_upload/1-FICHIERS/2-DOCUMENTS/Environnement/Fiche_projet_type_amelioration_peuplements_VF.docx | https://entreprises.maregionsud.fr/fileadmin/user_upload/1-FICHIERS/2-DOCUMENTS/Environnement/Fiche_projet_type__re_boisement_VF.docx | https://entreprises.maregionsud.fr/fileadmin/user_upload/1-FICHIERS/2-DOCUMENTS/Environnement/Criteres_de_notation.pdf | https://entreprises.maregionsud.fr/fileadmin/user_upload/1-FICHIERS/2-DOCUMENTS/Environnement/Criteres_d_eligibilite.pdf | https://entreprises.maregionsud.fr/aides-et-appels-a-projet/detail/contrats-stations-2030-un-cap-davance | https://entreprises.maregionsud.fr/aides-et-appels-a-projet/detail/patrimoine-plan-concerte-de-restauration-et-valorisation-du-patrimoine | https://www.maregionsud.fr/vos-aides/detail/ami-redirection-ecologique-des-zones-commerciales | https://www.maregionsud.fr/vos-aides/detail/aide-jeunes-bien-vivre-en-montagne | https://www.maregionsud.fr/vos-aides/detail/mon-projet-de-renovation | https://www.maregionsud.fr/vos-aides/detail/plan-solaire-ami-foncier-derisque | https://www.maregionsud.fr/vos-aides/detail/aide-a-la-realisation-detudes-pour-la-protection-reglementaire-des-espaces-agricoles | https://www.maregionsud.fr/vos-aides/detail/soutien-a-la-desserte-forestiere | https://aiden.maregionsud.fr/annexes/REGLEMENT_BUDGETAIRE_FINANCIER.pdf | https://www.maregionsud.fr/vos-aides/guide-usagers-faq# | https://sudconnect.maregionsud.fr/auth/realms/citoyen/protocol/openid-connect/auth?response_type=code&client_id=usager-gru-portail&state=SFEwNXdabFJEb3FlcGdOanJIVlJBWmpsNHhLM2djR1UuYkZmQTROLVc2aFZi&redirect_uri=https%3A%2F%2Fmoncompte.maregionsud.fr%2Flogin&scope=openid%20profile%20email%20offline_access%20donnees_personnelles&code_challenge=SJf2SI2nsDWmhS4_qDLpB547HCtFAquFrpdDn63KRL0&code_challenge_method=S256&nonce=SFEwNXdabFJEb3FlcGdOanJIVlJBWmpsNHhLM2djR1UuYkZmQTROLVc2aFZi | https://www.maregionsud.fr/actualites/detail/soutien-a-la-ruralite | https://www.maregionsud.fr/fileadmin/user_upload/1-FICHIERS/2-DOCUMENTS/Economie-Emploi/Fiche_d_Accompagnement_du_Porteur__FAP__Charles_BIENFAIT.docx | https://www.maregionsud.fr/fileadmin/user_upload/1-FICHIERS/2-DOCUMENTS/Education-lycee-Formation/CHARTE_ECO_AMB_VF_digitale.pdf | https://www.maregionsud.fr/vos-aides/detail/ami-redirection-ecologique-des-zones-commerciales# | https://www.maregionsud.fr/fileadmin/user_upload/1-FICHIERS/2-DOCUMENTS/Territoire/Webinaire_-_AMI_Reconversion_ecologique.pptx | https://actes.maregionsud.fr/actes/php/consulter_fichier.php?POS_NUM_DOC=23347&POS_NUM_PAGE=3&POS_NUM_SSPAGE=0 | https://www.maregionsud.fr/fileadmin/user_upload/1-FICHIERS/2-DOCUMENTS/Economie-Emploi/2020-Plan_Regional_hydrogene_Stephane_FAUDON.pdf | https://aiden.maregionsud.fr/annexes/F_S_I_LM_ED_NOTICE.pdf | https://www.maregionsud.fr/fileadmin/user_upload/1-FICHIERS/2-DOCUMENTS/Education-lycee-Formation/ANNEXE3PSF.pdf | https://www.maregionsud.fr/fileadmin/user_upload/1-FICHIERS/3-Galerie-Photos/Parlement_Regional_de_la_jeunesse_2026/BARRANCO_Benjamin.jpg | https://www.maregionsud.fr/fileadmin/user_upload/1-FICHIERS/3-Galerie-Photos/Parlement_Regional_de_la_jeunesse_2026/PLATON_Camille.jpg | https://www.maregionsud.fr/fileadmin/user_upload/1-FICHIERS/3-Galerie-Photos/Parlement_Regional_de_la_jeunesse_2026/THIOUNE_Aminata.jpg | https://www.maregionsud.fr/fileadmin/user_upload/1-FICHIERS/2-DOCUMENTS/Economie-Emploi/mon_projet_renovation___Notice_Bonification_MAJ_juillet_2026.pdf | https://www.maregionsud.fr/vos-aides/detail/favoriser-le-developpement-dune-mobilite-locale-fine-dans-les-communautes-de-communes# | https://www.maregionsud.fr/fileadmin/user_upload/1-FICHIERS/2-DOCUMENTS/Transports/fiche_projet_AAP2026_aide_achat_Valerie_VERNISSE.pdf | https://www.maregionsud.fr/vos-aides/detail/dispositif-daccompagnement-de-projets-a-destination-des-jeunes-citoyens# | https://www.maregionsud.fr/fileadmin/user_upload/1-FICHIERS/2-DOCUMENTS/Territoire/Charte_de_fonctionnement_RESPIR.pdf | https://www.maregionsud.fr/fileadmin/user_upload/1-FICHIERS/2-DOCUMENTS/Environnement/Fiche_projet_type_amelioration_peuplements_VF.docx | https://www.maregionsud.fr/fileadmin/user_upload/1-FICHIERS/2-DOCUMENTS/Environnement/Fiche_projet_type__re_boisement_VF.docx | https://www.maregionsud.fr/fileadmin/user_upload/1-FICHIERS/2-DOCUMENTS/Environnement/Criteres_de_notation.pdf | https://www.maregionsud.fr/fileadmin/user_upload/1-FICHIERS/2-DOCUMENTS/Environnement/Criteres_d_eligibilite.pdf | https://www.maregionsud.fr/fileadmin/user_upload/1-FICHIERS/2-DOCUMENTS/Transports/Cdc-pour-le-developpement-des-veloroutes_V1_d_Segolene_CHIGNARD.pdf | https://www.maregionsud.fr/fileadmin/user_upload/1-FICHIERS/2-DOCUMENTS/Transports/Annexe1_CadreVeloroutes_19-864.pdf | https://www.maregionsud.fr/vos-aides/detail/aide-a-la-realisation-detudes-pour-la-protection-reglementaire-des-espaces-agricoles# | https://www.maregionsud.fr/vos-aides/detail/aide-aux-investissements-des-lycees-agricoles-prives-et-maisons-familiales-rurales | https://www.maregionsud.fr/vos-aides/detail/soutien-aux-tournages | https://www.maregionsud.fr/vos-aides/detail/convention-justice-region-1 | https://www.maregionsud.fr/vos-aides/detail/mon-projet-de-boutique | https://www.maregionsud.fr/vos-aides/detail/soutien-aux-aires-de-covoiturage-ou-de-mobilite | https://www.maregionsud.fr/fileadmin/user_upload/1-FICHIERS/2-DOCUMENTS/Education-lycee-Formation/Livret_foire_aux_questions_2026.pdf | https://www.maregionsud.fr/fileadmin/user_upload/1-FICHIERS/2-DOCUMENTS/Education-lycee-Formation/Formulaire_Candidature_Jeunes_Docteurs_Innov.docx | https://www.maregionsud.fr/fileadmin/user_upload/1-FICHIERS/2-DOCUMENTS/Environnement/Dispositif_depots_sauvages_-_Appel_a_Manifestation_d_interet_-_Questionnaire_a_renseigner.docx | https://www.maregionsud.fr/fileadmin/user_upload/1-FICHIERS/2-DOCUMENTS/Environnement/Lutte_contre_les_depots_sauvages-guide_juridique.docx | https://www.maregionsud.fr/fileadmin/user_upload/1-FICHIERS/1-PHOTOS/Environnement/kit_com_depots_sauvages_docs_print.zip | https://www.maregionsud.fr/fileadmin/user_upload/1-FICHIERS/2-DOCUMENTS/Environnement/kit_com_depots_sauvage_bannieres_web.zip | https://www.maregionsud.fr/fileadmin/user_upload/1-FICHIERS/1-PHOTOS/Environnement/kit_com_depots_sauvages_videos.zip | https://www.maregionsud.fr/fileadmin/user_upload/1-FICHIERS/2-DOCUMENTS/Agriculture/Annexe_technique_ContratN2000_2026.pdf | https://www.maregionsud.fr/fileadmin/user_upload/1-FICHIERS/2-DOCUMENTS/Agriculture/Dossier_candidature_2026_produits.pdf | https://www.maregionsud.fr/fileadmin/user_upload/1-FICHIERS/2-DOCUMENTS/Agriculture/Dossier_Candidature_projet_2026.pdf | https://www.maregionsud.fr/fileadmin/user_upload/1-FICHIERS/2-DOCUMENTS/Agriculture/charte_engagement_2025_label-100sud.pdf | https://www.maregionsud.fr/fileadmin/user_upload/1-FICHIERS/2-DOCUMENTS/Agriculture/Reglement_usage_2025_label-100sud.pdf | https://www.maregionsud.fr/fileadmin/user_upload/1-FICHIERS/2-DOCUMENTS/Economie-Emploi/1-Reduction_de_l_impact_environnemental_2026.pdf | https://www.maregionsud.fr/fileadmin/user_upload/1-FICHIERS/2-DOCUMENTS/Economie-Emploi/2-Reduction_des_impacts_lies_aux_transports_2026.pdf | https://www.maregionsud.fr/fileadmin/user_upload/1-FICHIERS/2-DOCUMENTS/Economie-Emploi/3-Reduction_de_la_consommation_d_energie_2026.pdf | https://www.maregionsud.fr/fileadmin/user_upload/1-FICHIERS/2-DOCUMENTS/Economie-Emploi/4-_Reduction_de_l_empreinte_carbone_2026.pdf | https://www.maregionsud.fr/fileadmin/user_upload/1-FICHIERS/2-DOCUMENTS/Economie-Emploi/5-_Preservation_des_milieux_naturels_impactes_2026.pdf | https://www.maregionsud.fr/fileadmin/user_upload/1-FICHIERS/2-DOCUMENTS/Economie-Emploi/6-_Management_responsable_et_strategie_economique_2026.pdf | https://www.maregionsud.fr/fileadmin/user_upload/1-FICHIERS/2-DOCUMENTS/Economie-Emploi/7-_Deploiement_de_demarches_innovantes_ou_obtention_de_labels_2026.pdf | https://www.maregionsud.fr/fileadmin/user_upload/1-FICHIERS/2-DOCUMENTS/Economie-Emploi/8-Adaptation_aux_consequences_du_changement_climatique_2026.pdf | https://www.maregionsud.fr/fileadmin/user_upload/1-FICHIERS/2-DOCUMENTS/Territoire/Webinaire_Nos_communes_d_abord_2025V2.pdf | https://aiden.maregionsud.fr/annexes/F_S_I_SUDVELO_GRILLE.pdf | https://www.maregionsud.fr/vos-aides/detail/aide-aux-investissements-des-lycees-agricoles-prives-et-maisons-familiales-rurales# | https://www.maregionsud.fr/vos-aides/detail/logistique-bas-carbone# | https://agirpourlatransition.ademe.fr/collectivites/sites/default/files/Logistique%20Bas%20Carbone%20-%20R%C3%A8glement%20-%202024.pdf | https://www.maregionsud.fr/fileadmin/user_upload/1-FICHIERS/2-DOCUMENTS/Environnement/Annexe_Fiche_projet_AAP_Logistique-bas-carbone.docx | https://www.maregionsud.fr/fileadmin/user_upload/1-FICHIERS/2-DOCUMENTS/Education-lycee-Formation/Montants_des_bourses_Erasmus_Sanitaire_et_soc_Magali_GUIRAL.pdf | https://www.maregionsud.fr/fileadmin/user_upload/1-FICHIERS/2-DOCUMENTS/Agriculture/Formulaire_pistachier_plantation_Fatoumata_BISSAN.pdf | https://www.maregionsud.fr/fileadmin/user_upload/1-FICHIERS/2-DOCUMENTS/Environnement/Refuges_Zero_Fumee_-_Fiche_Projet_a_remplir_-_v2val.docx | https://www.maregionsud.fr/fileadmin/user_upload/1-FICHIERS/2-DOCUMENTS/Environnement/ANNEXE_2_-_DISPOSITIF_REFUGES_ZERO_FUMEE_Jocelyn_ESPERON.pdf | https://www.maregionsud.fr/fileadmin/user_upload/1-FICHIERS/2-DOCUMENTS/Europe-_international/Manifestation_d_Interet_Mise_a_disposition_VSI.pdf | https://anr.fr/fr/detail/call/labcom-2025-laboratoires-communs-organismes-de-recherche-publics-pme-eti-et-start-up/ | https://anr.fr/fr/detail/call/chaires-industrielles-edition-2025/ | https://www.maregionsud.fr/fileadmin/user_upload/1-FICHIERS/2-DOCUMENTS/Environnement/Dispositif_depots_sauvages_-_plan_type_du_livret_communal_de_lutte_contre_les_depots_sauvages_-_a_completer.docx | https://www.maregionsud.fr/fileadmin/user_upload/1-FICHIERS/2-DOCUMENTS/Environnement/Dispositif_depots_sauvages_-_fiche_de_retour_d_experience.docx | https://aiden.maregionsud.fr/annexes/F_S_I_JEU_ED_NOTICE.pdf | https://aiden.maregionsud.fr/annexes/F_S_I_DOC_ED_NOTICE.pdf | https://www.maregionsud.fr/vos-aides/detail/le-sud-a-velo-et-les-associations-un-duo-gagnant-pour-les-usagers# | https://aiden.maregionsud.fr/annexes/F_S_I_CM_ED_NOTICE.pdf | https://aiden.maregionsud.fr/annexes/F_S_I_OI_ED_NOTICE.pdf | https://aiden.maregionsud.fr/annexes/F_S_I_WEB_ED_NOTICE.pdf | https://aiden.maregionsud.fr/annexes/F_S_I_ANIM_ED_NOTICE.pdf | https://www.maregionsud.fr/fileadmin/user_upload/1-FICHIERS/2-DOCUMENTS/Environnement/Annexe_1_-_Volets_AAP_2024_VRAC_et_CONSIGNE_-_Mylene_RAYNAUD.pdf | https://www.maregionsud.fr/fileadmin/user_upload/1-FICHIERS/2-DOCUMENTS/Environnement/Annexe_2_-_20240112_AAP_Volet_1_Vrac_et_Consi_Mylene_RAYNAUD.pdf | https://www.maregionsud.fr/fileadmin/user_upload/1-FICHIERS/2-DOCUMENTS/Environnement/Annexe_3_-_20240112_AAP_Volet_2_Vrac_et_Consi_Mylene_RAYNAUD.pdf | https://www.maregionsud.fr/fileadmin/user_upload/1-FICHIERS/2-DOCUMENTS/Environnement/Annexe_4_-_20240112_AAP_Volet_3_Vrac_et_Consi_Mylene_RAYNAUD.pdf | https://www.maregionsud.fr/fileadmin/user_upload/1-FICHIERS/2-DOCUMENTS/Economie-Emploi/Communes_sinistrees_04-05.pdf | https://www.hautes-alpes.gouv.fr/contenu/telechargement/19514/168118/file/JORF_Arr%C3%AAt%C3%A9_HS-IOME2333648A__18.12.2023.pdf | https://www.maregionsud.fr/fileadmin/user_upload/1-FICHIERS/2-DOCUMENTS/Agriculture/Formulaire_aide_a_l_investissement_pepinieres_Clelia_DUPONT_ICART.pdf | https://www.maregionsud.fr/fileadmin/user_upload/1-FICHIERS/2-DOCUMENTS/Agriculture/AAP_miellerie_2025_Aide_pour_remplissage_Clelia_DUPONT_ICART.pdf | https://www.rhone-mediterranee.eaufrance.fr/sites/sierm/files/content/2022-07/Fiche_specification_carte_7B_SDAGEAdopte.pdf | https://www.maregionsud.fr/fileadmin/user_upload/1-FICHIERS/2-DOCUMENTS/Agriculture/Formulaire_soutien_a_la_plantation_Fatoumata_BISSAN.pdf | https://www.maregionsud.fr/fileadmin/user_upload/1-FICHIERS/2-DOCUMENTS/Agriculture/Cadre_dintervention_Plan_de_relance_Truffe_Fatoumata_BISSAN.pdf | https://www.maregionsud.fr/fileadmin/user_upload/1-FICHIERS/2-DOCUMENTS/Education-lycee-Formation/Charte_Ambassadeurs_du_sport.pdf | https://aiden.maregionsud.fr/annexes/F_S_I_AUDIO_ED_NOTICE.pdf | https://www.maregionsud.fr/fileadmin/user_upload/1-FICHIERS/2-DOCUMENTS/Education-lycee-Formation/Communes_region_Loi_Montagne_-_Region_Sud.pdf | https://www.maregionsud.fr/fileadmin/user_upload/1-FICHIERS/2-DOCUMENTS/Sport/PPA_kitdecom_hiver_2026.zip | https://www.maregionsud.fr/fileadmin/user_upload/1-FICHIERS/2-DOCUMENTS/Territoire/AMI_terrain_Nice.pdf | https://aiden.maregionsud.fr/annexes/REGLEMENT_BUDGETAIRE_FINANCIER.pdf | https://www.maregionsud.fr/vos-aides/detail/ami-redirection-ecologique-des-zones-commerciales | https://www.maregionsud.fr/vos-aides/detail/mon-projet-de-renovation | https://www.maregionsud.fr/vos-aides/detail/aide-a-la-realisation-detudes-pour-la-protection-reglementaire-des-espaces-agricoles | https://www.maregionsud.fr/vos-aides/detail/soutien-a-la-desserte-forestiere | https://www.google.com/url?sa=t&rct=j&q=&esrc=s&source=web&cd=&cad=rja&uact=8&ved=2ahUKEwiB8OLb1LaNAxV3VKQEHVd1Ab4QFnoECA8QAQ&url=https%3A%2F%2Fwww.enseignementsup-recherche.gouv.fr%2Fsites%2Fdefault%2Ffiles%2Fcontent_migration%2Fdocument%2FFormulaire-demande-rescrit-CII_317013.rtf&usg=AOvVaw0Uxb-TmnnUhCNRKwSLpL1S&opi=89978449 | https://www.impots.gouv.fr/formulaire/2069-a-sd/credit-dimpot-en-faveur-de-la-recherche | https://www.entreprises.gouv.fr/files/files/Espace-entreprises/Aide-financement/2023/modele-demande-rescrit.odt | https://www.entreprises.gouv.fr/files/files/Espace-entreprises/Aide-financement/2023/modele-demande-rescrit-roulant.pdf | https://www.entreprises.gouv.fr/files/files/Espace-entreprises/Aide-financement/2023/cerfa-11081-declaration-CIR-CII-JEI.pdf | https://aiden.maregionsud.fr/annexes/REGLEMENT_BUDGETAIRE_FINANCIER.pdf | https://www.entreprises.gouv.fr/files/files/Espace-entreprises/Aide-financement/2023/modele-demande-rescrit-roulant.pdf | https://www.entreprises.gouv.fr/files/files/Espace-entreprises/Aide-financement/2023/cerfa-11081-declaration-CIR-CII-JEI.pdf | https://aiden.maregionsud.fr/annexes/REGLEMENT_BUDGETAIRE_FINANCIER.pdf | https://www.entreprises.gouv.fr/files/files/Espace-entreprises/Aide-financement/2023/modele-demande-rescrit-roulant.pdf | https://www.entreprises.gouv.fr/files/files/Espace-entreprises/Aide-financement/2023/cerfa-11081-declaration-CIR-CII-JEI.pdf | https://europe.maregionsud.fr/fileadmin/user_upload/Programme_FEDER_FSE_FTJ_SUD_21_27_v5.1_20260323.pdf | https://europe.maregionsud.fr/fileadmin/user_upload/AAP_FEDER_ALPES_BOIS_ANIMATION_26-27.zip | https://europe.maregionsud.fr/fileadmin/PUBLICATIONS_et_DOCUMENTS/Fiches_de_sollicitation_d_accompagnement/SOLLICITATION_D_ACCOMPAGNEMENT_PRIORITE_6__FEDER-_MASSIF_DES_ALPES_.zip | https://fr.calameo.com/read/001157436a8c4dab9426c/?page=59 | https://www.calameo.com/read/00115743617f987426c8f | https://europe.maregionsud.fr/fileadmin/user_upload/Carte_de_la_zone_de_massif_des_Alpes.pdf | https://europe.maregionsud.fr/fileadmin/user_upload/Communes_Eligibles_Massif_Alpin.pdf | https://europe.maregionsud.fr/fileadmin/Guide_du_beneficiaire_FEDER-FSE-POIA__2014-2020_/Guide_beneficaire.pdf | https://europe.maregionsud.fr/fileadmin/Guide_du_beneficiaire_FEDER-FSE-POIA__2014-2020_/FEDER/Attestation_de_debut_d_execution_de_l_operation_FEDER-FSE.docx | https://europe.maregionsud.fr/fileadmin/Guide_du_beneficiaire_FEDER-FSE-POIA__2014-2020_/POIA/Modele_attestation_de_paiement_cofinanceurs_FEDER_POIA.docx | https://europe.maregionsud.fr/fileadmin/Guide_du_beneficiaire_FEDER-FSE-POIA__2014-2020_/FEDER/Modele_attestation_de_paiement_cofinanceurs_FEDER_FSE.docx | https://europe.maregionsud.fr/fileadmin/Guide_du_beneficiaire_FEDER-FSE-POIA__2014-2020_/FEDER/Demande_de_paiement_FEDER_-_Trame_eSynergie.docx | https://europe.maregionsud.fr/fileadmin/Guide_du_beneficiaire_FEDER-FSE-POIA__2014-2020_/FSE/Demande_de_paiement_FSE_-_Trame_eSynergie.docx | https://europe.maregionsud.fr/fileadmin/Guide_du_beneficiaire_FEDER-FSE-POIA__2014-2020_/POIA/Demande_de_paiement_POIA_-_Trame_eSynergie.docx | https://europe.maregionsud.fr/fileadmin/Guide_du_beneficiaire_FEDER-FSE-POIA__2014-2020_/FEDER/Annexe_1ERD_FEDER__2_.zip | https://europe.maregionsud.fr/fileadmin/Guide_du_beneficiaire_FEDER-FSE-POIA__2014-2020_/FSE/Annexe_1_-_ERD_FSE_10_et_70_salaries.zip | https://europe.maregionsud.fr/fileadmin/Guide_du_beneficiaire_FEDER-FSE-POIA__2014-2020_/POIA/Annexe__1_ERD_POIA.zip | https://europe.maregionsud.fr/fileadmin/Guide_du_beneficiaire_FEDER-FSE-POIA__2014-2020_/FEDER/Annexe_2_Tableau_des_ressources_FEDER.xlsx | https://europe.maregionsud.fr/fileadmin/Guide_du_beneficiaire_FEDER-FSE-POIA__2014-2020_/FSE/Annexe_2__FSE_ETAT_RECAP_RESSOURCES.xlsx | https://europe.maregionsud.fr/fileadmin/Guide_du_beneficiaire_FEDER-FSE-POIA__2014-2020_/POIA/Annexe_2_Tableau_des_ressources_FEDER_POIA.xlsx | https://preprod-portail-europe-en-paca-v10.e-magineurs.fr/typo3/index.php?route=%2Fmain&token=ddcd00138e97767f6166d611110f6a409157d7e1 | https://europe.maregionsud.fr/fileadmin/Guide_du_beneficiaire_FEDER-FSE-POIA__2014-2020_/FEDER/Annexe_4__Compte_rendu_d_execution_final_FEDER_FSE.docx | https://europe.maregionsud.fr/fileadmin/Guide_du_beneficiaire_FEDER-FSE-POIA__2014-2020_/FSE/Annexe_4__Compte_rendu_d_execution_final_FEDER_FSE.docx | https://europe.maregionsud.fr/fileadmin/Guide_du_beneficiaire_FEDER-FSE-POIA__2014-2020_/POIA/Annexe_4__Compte_rendu_d_execution_final_POIA.docx | https://europe.maregionsud.fr/fileadmin/Guide_du_beneficiaire_FEDER-FSE-POIA__2014-2020_/FEDER/grille_autocontrole_DDP_FEDER_avril_2022__4_.docx | https://europe.maregionsud.fr/fileadmin/Guide_du_beneficiaire_FEDER-FSE-POIA__2014-2020_/FEDER/20221013_KIT_Marche_public_FEDER_VD__1_.zip | https://europe.maregionsud.fr/fileadmin/Guide_du_beneficiaire_FEDER-FSE-POIA__2014-2020_/FSE/Reussir_le_depot_de_ma_demande_de_paiement.pdf | https://europe.maregionsud.fr/fileadmin/Guide_du_beneficiaire_FEDER-FSE-POIA__2014-2020_/POIA/grille_autocontrole_DDP_POIA_JUILLET_2022__2_.docx | https://europe.maregionsud.fr/fileadmin/Guide_du_beneficiaire_FEDER-FSE-POIA__2014-2020_/FEDER/kit_beneficiaire_FEDER_V3__1_.zip | https://europe.maregionsud.fr/fileadmin/Guide_du_beneficiaire_FEDER-FSE-POIA__2014-2020_/FSE/KIT_BENEFICIAIRE_FSE.zip | https://europe.maregionsud.fr/fileadmin/Guide_du_beneficiaire_FEDER-FSE-POIA__2014-2020_/POIA/kit_beneficiaire_POIA__v2__4_.zip | https://europe.maregionsud.fr/fileadmin/user_upload/FT_FEDER_INVESTISSEMENTS_PRODUCTIFS_PME_2127.zip | https://europe.maregionsud.fr/fileadmin/user_upload/DOCUMENT_DE_MISE_EN_OEUVRE__DOMO_.pdf | https://europe.maregionsud.fr/fileadmin/user_upload/Plan_Strategique_National__PSN__PAC_2023-2027.pdf | https://europe.maregionsud.fr/fileadmin/user_upload/Arrete_du_President_de_la_Region_portant_publication_des_guides_de_sanctions_applicables_FEADER2023-2027.pdf | https://europe.maregionsud.fr/fileadmin/user_upload/Guide_des_sanctions_administratives_applicables_aux_aides_FEADER_2023-2027_DJA.pdf | https://europe.maregionsud.fr/fileadmin/user_upload/Guide_general_des_sanctions_administratives_applicables_aux_aides_FEADER_2023-2027.pdf | https://europe.maregionsud.fr/fileadmin/user_upload/PLAQUETTE_PRESENTATION_FEADER_2023-2027_REGION_SUD-def-mars2023.pdf | https://europe.maregionsud.fr/fileadmin/user_upload/AAP_FEDER_ALPES_RISQUES_AVRIL_2026_CLOTURE_15_OCT.zip | https://europe.maregionsud.fr/projets-realises-1/detail/life-ip-smart-waste-une-dynamique-ambitieuse-en-faveur-de-leconomie-circulaire-en-provence-alpes-cote-dazur | https://europe.maregionsud.fr/fileadmin/user_upload/DOCUMENT_DE_MISE_EN_OEUVRE__DOMO_.pdf | https://europe.maregionsud.fr/fileadmin/user_upload/Programme_FEDER_FSE_FTJ_SUD_21_27_v5.1_20260323.pdf | https://europe.maregionsud.fr/fileadmin/Guide_du_beneficiaire_FEDER-FSE-POIA__2014-2020_/Guide_beneficaire.pdf | https://europe.maregionsud.fr/fileadmin/Guide_du_beneficiaire_FEDER-FSE-POIA__2014-2020_/FSE/Reussir_le_depot_de_ma_demande_de_paiement.pdf | https://europe.maregionsud.fr/fileadmin/user_upload/Plan_Strategique_National__PSN__PAC_2023-2027.pdf | https://europe.maregionsud.fr/fileadmin/user_upload/Arrete_du_President_de_la_Region_portant_publication_des_guides_de_sanctions_applicables_FEADER2023-2027.pdf | https://europe.maregionsud.fr/fileadmin/user_upload/Guide_des_sanctions_administratives_applicables_aux_aides_FEADER_2023-2027_DJA.pdf | https://europe.maregionsud.fr/fileadmin/user_upload/Guide_general_des_sanctions_administratives_applicables_aux_aides_FEADER_2023-2027.pdf | https://europe.maregionsud.fr/fileadmin/user_upload/PLAQUETTE_PRESENTATION_FEADER_2023-2027_REGION_SUD-def-mars2023.pdf","A_REVERIFIER","94","88"
"guyane_aHR0cHM6Ly93d3cuY3RndXlhbmUu","Document officiel","AAP / AMI","REGIONAL","Guyane","Collectivité Territoriale de Guyane | Europe Guyane | Guyane","SUBVENTION","PME | GE","50000","","8000000","8000000","70","100","2017-09-30","non","https://www.ctguyane.fr/www/wp-content/uploads/2026/02/festivart-soutien-aux-festivals.pdf","https://www.ctguyane.fr/vous-etes-porteur-de-projet/ami-aap/# | https://app-sa.readspeaker.com/cgi-bin/rsent?customerid=9618&lang=fr_fr&voice=hugo&readid=rspeak_read_840075&url=https%3A%2F%2Fwww.ctguyane.fr%2Fvous-etes-porteur-de-projet%2Fami-aap%2F | https://www.ctguyane.fr/www/wp-content/uploads/2016/10/calendrier_AMI.jpg | https://www.ctguyane.fr/vous-etes-porteur-de-projet/ami-aap/#wrap | https://www.ctguyane.fr/www/wp-content/uploads/2026/02/festivart-soutien-aux-festivals.pdf | https://www.ctguyane.fr/www/wp-content/uploads/2026/02/liste-des-pieces-a-fournir-svap.pdf | https://www.ctguyane.fr/www/wp-content/uploads/2026/02/regart-soutien-creation-artistique.pdf | https://www.ctguyane.fr/www/wp-content/uploads/2026/02/aide-a-la-mobilite-des-artistes.pdf | https://www.ctguyane.fr/www/wp-content/uploads/2026/02/aide-a-la-creation-despaces-pluridisciplinaires.pdf | https://www.ctguyane.fr/www/wp-content/uploads/2026/02/aide-a-acquisition-equipements.pdf | https://www.ctguyane.fr/www/wp-content/uploads/2026/02/soutien-a-lenseignement-artistique.pdf | https://www.ctguyane.fr/www/wp-content/uploads/2026/02/developper-et-renforcer-la-professionnalisation.pdf | https://www.ctguyane.fr/www/wp-content/uploads/2026/02/gardiens-dhier-acteurs-de-demain-aap-patrimoine-2026.pdf | https://www.ctguyane.fr/www/wp-content/uploads/2026/02/garder-la-parole-transmettre-lheritage-aap-langues-2026.pdf | https://www.ctguyane.fr/www/wp-content/uploads/2026/02/batir-lidentite-guyanaise-sous-des-toits-de-palmes-aap-carbets2026.pdf | https://www.ctguyane.fr/www/wp-content/uploads/2017/06/PCIA_AaP-Biodiversite-Culture.zip | https://www.ctguyane.fr/www/wp-content/uploads/2017/06/annexes.zip | https://www.ctguyane.fr/www/wp-content/uploads/2017/06/PCIA_Formulaire-demande-subvention.zip | https://www.ctguyane.fr/www/wp-content/uploads/2017/06/PCIA_Notice-formulaire-demande-subvention.zip | https://www.ctguyane.fr/www/wp-content/uploads/2019/01/fiche-didentification-fonds-territoial-de-soutien.docx | https://www.ctguyane.fr/www/wp-content/uploads/2021/12/2021-12-14-reglement-fini-fonds-territorial-de-soutien-a-la-creation-cinematographique-2020-2022-vf2-1-valide.docx | https://www.ctguyane.fr/www/wp-content/uploads/2025/03/litterature-san-limites-aap-livre-guyane-en-mots.pdf | https://www.ctguyane.fr/www/wp-content/uploads/2025/03/premiers-part-soutien-aux-talents-emergents-litteraires-et-artistiques.pdf | https://www.ctguyane.fr/www/wp-content/uploads/2026/02/reglement-aap-2025-vf.pdf | https://www.ctguyane.fr/www/wp-content/uploads/2017/06/jo_pdf_frame_arrete-25-01-17.pdf | https://www.ctguyane.fr/www/wp-content/uploads/2017/06/Cahier-des-charges-Mines.pdf | https://www.ctguyane.fr/www/wp-content/uploads/2017/06/Noticeutilisationdosssubv.pdf | https://www.ctguyane.fr/www/wp-content/uploads/2017/06/OS3.pdf | https://www.europe-guyane.fr/programme_mode_depot/aap/ | https://www.europe-guyane.fr/programme_mode_depot/ami/ | https://www.europe-guyane.fr/aap-nationaux-et-europeens/ | https://www.europe-guyane.fr/actualites/ami-europeen-resilience-de-leau-et-protection-du-milieu-marin/ | https://www.europe-guyane.fr/wp-content/uploads/2023/04/Liste-des-beneficiaires-4.zip | https://www.europe-guyane.fr/wp-content/uploads/2025/04/2.2-DOMOFEDER-ENR.pdf | https://www.europe-guyane.fr/wp-content/uploads/2025/04/2.4-DOMOFEDER_modifiee.pdf | https://www.europe-guyane.fr/wp-content/uploads/2025/04/2.5-DOMOFEDER_modifiee-CPS-7_08-24.pdf | https://www.europe-guyane.fr/wp-content/uploads/2023/03/2.5_Annexe_grille.xlsx | https://www.europe-guyane.fr/wp-content/uploads/2025/04/2.7-DOMOFEDER-Biodiversite_juillet-2025.pdf | https://www.europe-guyane.fr/wp-content/uploads/2023/12/2.6_DOMOFEDER_economie-circulaire_vf2.pdf | https://www.europe-guyane.fr/wp-content/uploads/2023/12/2.6_grille_economie-circulaire_vf2.pdf | https://www.europe-guyane.fr/wp-content/uploads/2023/10/DOMOFEDER-2.8.pdf | https://www.europe-guyane.fr/wp-content/uploads/2023/03/2.8_Annexe_grille.xlsx | https://www.europe-guyane.fr/wp-content/uploads/2023/03/Programme-FEDER-FSE-1.pdf | https://www.europe-guyane.fr/wp-content/uploads/2025/04/3.2-DOMOFEDER.pdf | https://www.europe-guyane.fr/wp-content/uploads/2023/03/4.2_Annexe_grille-1.xlsx | https://www.europe-guyane.fr/wp-content/uploads/2025/04/4.5-DOMOFEDER_Infra.-socio-sanitaires-maj-11.2024.pdf | https://www.europe-guyane.fr/wp-content/uploads/2023/03/4.5_Annexe_grille-1.xlsx | https://www.europe-guyane.fr/wp-content/uploads/2025/04/4.2-DOMOFEDER.pdf | https://www.europe-guyane.fr/wp-content/uploads/2025/10/sfc2021-PRG-2021FR16FFPR012-4.2.pdf | https://www.europe-guyane.fr/wp-content/uploads/2023/04/FSE4.1_acces-a-lemploi.pdf | https://www.europe-guyane.fr/wp-content/uploads/2023/04/FSE4.11_grille_acces-a-des-services-durables.pdf | https://www.europe-guyane.fr/wp-content/uploads/2025/04/1.3-DOMOFEDER_Competitivite-des-PME-maj-12.24.pdf | https://www.europe-guyane.fr/wp-content/uploads/2023/04/FSE4.7_fichemesure_formation-pro.pdf | https://www.europe-guyane.fr/wp-content/uploads/2023/04/FSE4.7_grille_formation-pro.pdf | https://www.europe-guyane.fr/wp-content/uploads/2023/04/FSE4.11_fichemesure_acces-a-des-services-durables.pdf | https://www.europe-guyane.fr/wp-content/uploads/2023/04/FSE4.8_fichemesure_inclusion-active.pdf | https://www.europe-guyane.fr/wp-content/uploads/2023/09/FSE4.8_grille_inclusion-active.pdf | https://www.europe-guyane.fr/wp-content/uploads/2023/04/FSE4.12_fichemesure_integration-sociale.pdf | https://www.europe-guyane.fr/wp-content/uploads/2024/06/240611_AAP_ESO4.12_AESF-MASP_v3.pdf | https://www.europe-guyane.fr/wp-content/uploads/2024/06/Kit-AAP-FSE.zip | https://www.europe-guyane.fr/wp-content/uploads/2025/04/DOMOFEDER_OS1.1-RDI.pdf | https://www.europe-guyane.fr/wp-content/uploads/2024/10/PSN_valide_2022.pdf | https://www.europe-guyane.fr/wp-content/uploads/2023/10/DOMO-73-01-1.pdf | https://www.europe-guyane.fr/wp-content/uploads/2023/10/DOMO-73.17-1.pdf | https://www.europe-guyane.fr/wp-content/uploads/2023/10/DOMO-75.01-1.pdf | https://www.europe-guyane.fr/wp-content/uploads/2025/04/DOMOFEDER_OS1.2-Usages-numeriques.pdf | https://www.europe-guyane.fr/wp-content/uploads/2025/04/2.1-DOMOFEDER_Efficacite-energetique_maj-09.25.pdf | https://www.europe-guyane.fr/wp-content/uploads/2023/10/DOMOFEDER-2.5.pdf | https://www.europe-guyane.fr/wp-content/uploads/2025/10/GAL-CCOG.pdf | https://www.europe-guyane.fr/wp-content/uploads/2025/04/GAL-CCDS.pdf | https://www.europe-guyane.fr/wp-content/uploads/2025/10/AGGLO-GAL.pdf | https://www.europe-guyane.fr/wp-content/uploads/2023/03/Programme-FEDER-CTE.pdf | https://www.europe-guyane.fr/wp-content/uploads/2024/06/IACP-21-27_AMAZONIA-PCIA-ENGLISH-VERSION_0712.pdf | https://www.europe-guyane.fr/wp-content/uploads/2024/06/PCIA_sfc2021-PRG-2021TC16FFOR005-1.2_BR.pdf | https://www.europe-guyane.fr/wp-content/uploads/2025/10/CCEG.pdf | https://www.europe-guyane.fr/wp-content/uploads/2025/04/1.1-DOMOFEDER-CTE_Recherche-_Innovation-1.pdf | https://www.europe-guyane.fr/wp-content/uploads/2025/04/Grille-de-selection-Recherche-Innovation.pdf | https://www.europe-guyane.fr/wp-content/uploads/2025/04/1.3-DOMOFEDER-CTE_Competitivite-PME-2.pdf | https://www.europe-guyane.fr/wp-content/uploads/2025/04/Grille-de-selection-Competitivite-des-entreprises.pdf | https://www.europe-guyane.fr/wp-content/uploads/2025/04/2.2-DOMOFEDER-CTE_ENR-1.pdf | https://www.europe-guyane.fr/wp-content/uploads/2025/04/Grille-de-selection-ENR.pdf | https://www.europe-guyane.fr/wp-content/uploads/2025/04/ISO-6.1-DOMOFEDER-CTE_Gouvernance-1.pdf | https://www.europe-guyane.fr/wp-content/uploads/2025/04/Grille-de-selection-gouvernance.pdf | https://www.europe-guyane.fr/wp-content/uploads/2025/04/2.4-DOMOFEDER-CTE_Changement-Climat-1-1.pdf | https://www.europe-guyane.fr/wp-content/uploads/2025/04/Grille-de-selection-changement-climatique.pdf | https://www.europe-guyane.fr/wp-content/uploads/2025/04/2.6-DOMOFEDER-CTE_Economie-circulaire-1.pdf | https://www.europe-guyane.fr/wp-content/uploads/2025/04/Grille-de-selection-economie-circulaire.pdf | https://www.europe-guyane.fr/wp-content/uploads/2025/04/2.7-DOMOFEDER-CTE_Biodiversite-2.pdf | https://www.europe-guyane.fr/wp-content/uploads/2025/04/Grille-de-selection-biodiversite.pdf | https://www.europe-guyane.fr/wp-content/uploads/2025/04/4.2-DOMOFEDER-CTE_Education_formation-1.pdf | https://www.europe-guyane.fr/wp-content/uploads/2025/04/Grilles-de-selection-education-et-formation.pdf | https://www.europe-guyane.fr/wp-content/uploads/2025/04/4.5-DOMOFEDER-CTE_Sante-1.pdf | https://www.europe-guyane.fr/wp-content/uploads/2025/04/Grille-de-selection-sante.pdf | https://www.europe-guyane.fr/wp-content/uploads/2025/04/4.3-DOMOFEDER-CTE_Communautes-marginalisees-2.pdf | https://www.europe-guyane.fr/wp-content/uploads/2025/04/Grille-de-selection-inclusion-sociale.pdf | https://www.europe-guyane.fr/wp-content/uploads/2022/12/OS1_04042016-2.pdf | https://www.europe-guyane.fr/wp-content/uploads/2022/12/OS2_05042016-1.pdf | https://www.europe-guyane.fr/wp-content/uploads/2022/12/OS3_05072021.pdf | https://www.europe-guyane.fr/wp-content/uploads/2022/12/Fiche-OS4.pdf | https://www.europe-guyane.fr/wp-content/uploads/2022/12/Fiche-OS5.pdf | https://www.europe-guyane.fr/wp-content/uploads/2022/12/fiche_OS6_VF.pdf | https://www.europe-guyane.fr/wp-content/uploads/2022/12/OS7-04042016.pdf | https://www.europe-guyane.fr/wp-content/uploads/2022/12/OS8_04042016-1.pdf | https://www.europe-guyane.fr/wp-content/uploads/2022/12/fiche_OS9.pdf | https://www.europe-guyane.fr/wp-content/uploads/2022/12/OS10_05042016-1.pdf | https://www.europe-guyane.fr/wp-content/uploads/2022/12/OS11_05042016-1-1.pdf | https://www.europe-guyane.fr/wp-content/uploads/2022/12/OS12_MAJ100719-1-1.pdf | https://www.europe-guyane.fr/wp-content/uploads/2022/12/OS13_05042016-1.pdf | https://www.europe-guyane.fr/wp-content/uploads/2022/12/fiche_OS14_15112016-1-1.pdf | https://www.europe-guyane.fr/wp-content/uploads/2022/12/OS15_05042016-1.pdf | https://www.europe-guyane.fr/wp-content/uploads/2023/01/OS16_221119_vf.pdf | https://www.europe-guyane.fr/wp-content/uploads/2022/12/OS17_05042016-1.pdf | https://www.europe-guyane.fr/wp-content/uploads/2022/12/OS18.pdf | https://www.europe-guyane.fr/wp-content/uploads/2022/12/OS19.pdf | https://www.europe-guyane.fr/wp-content/uploads/2022/12/OS20-SANTE-02092021-VF.pdf | https://www.europe-guyane.fr/wp-content/uploads/2022/12/OS21-NUMERIQUE-02092021-VF.pdf | https://www.europe-guyane.fr/wp-content/uploads/2022/12/OS22-SERVICES-DE-BASE-02092021-VF.pdf | https://www.europe-guyane.fr/wp-content/uploads/2022/12/OS23-VERT-02092021-VF.pdf | https://www.europe-guyane.fr/wp-content/uploads/2022/12/Programme_2014FR16M2OP011_1_3_fr.pdf | https://www.europe-guyane.fr/wp-content/uploads/2022/12/dossier-formulaires.zip | https://europe-guyane.fr/wp-content/uploads/2022/12/Programme_2014FR16M2OP011_1_3_fr.pdf | https://www.europe-guyane.fr/wp-content/uploads/2022/12/dossier-formulaires-1.zip | https://www.europe-guyane.fr/wp-content/uploads/2024/06/INELIGIBILITE-DU-BITUME.pdf | https://www.europe-guyane.fr/wp-content/uploads/2025/04/1.3-RUP-DOMOFEDER_maj-04.25.pdf | https://www.europe-guyane.fr/wp-content/uploads/2022/12/Programme_2014FR06RDRP003_13_0_fr.pdf | https://www.europe-guyane.fr/wp-content/uploads/2022/12/Fiche_Mesure2-2.pdf | https://www.europe-guyane.fr/wp-content/uploads/2022/12/MOD_Formulaire_DA_211_V1_20171026.doc | https://www.europe-guyane.fr/wp-content/uploads/2022/12/MOD_Formulaire_DP_211_V1_20170925.doc | https://www.europe-guyane.fr/wp-content/uploads/2022/12/Notice_DP_211_V1_20170801.doc | https://europe-guyane.fr/wp-content/uploads/2021/03/FicheTO_030101.pdf | https://www.europe-guyane.fr/wp-content/uploads/2022/12/Formulaire_DA_TO_311_V1_2016-05.doc | https://www.europe-guyane.fr/wp-content/uploads/2022/12/Formulaire_DP_TO_311_V1_2016-05.doc | https://www.europe-guyane.fr/wp-content/uploads/2022/12/Notice_DP_TO_311_V1_2016-08.doc | https://www.europe-guyane.fr/wp-content/uploads/2022/12/Fiche_Mesure4-1.pdf | https://www.europe-guyane.fr/wp-content/uploads/2022/12/FicheTO_040101-_modernisation-v7.pdf | https://www.europe-guyane.fr/wp-content/uploads/2022/12/Formulaire_DA_TO_411_V1_2016-05.doc | https://www.europe-guyane.fr/wp-content/uploads/2022/12/Notice_DA_TO_411_V1_2016-05.doc | https://www.europe-guyane.fr/wp-content/uploads/2022/12/Annexe_DA_Grille_Selection_TO_411_V1_2016-05.doc | https://www.europe-guyane.fr/wp-content/uploads/2022/12/Formulaire_DP_TO_411_V1_2016-05.doc | https://www.europe-guyane.fr/wp-content/uploads/2022/12/Formulaire_DAvance_TO_411_V1_2017-02.doc | https://www.europe-guyane.fr/wp-content/uploads/2022/12/Notice_DP_TO_411_V1_2016-05.pdf | https://www.europe-guyane.fr/wp-content/uploads/2022/12/FicheTO_040201_transfo-comm-agri-v7.pdf | https://www.europe-guyane.fr/wp-content/uploads/2022/12/Formulaire_DA_TO_421_V1_2017-01.docx | https://www.europe-guyane.fr/wp-content/uploads/2022/12/Notice_DA_TO_421_V1.doc | https://europe-guyane.fr/wp-content/uploads/2021/03/Formulaire_DP_TO_421_V3_2018-12.doc | https://www.europe-guyane.fr/wp-content/uploads/2022/12/Formulaire_DP_TO_421_V3_2018-12.doc | https://www.europe-guyane.fr/wp-content/uploads/2022/12/Notice_DP_TO_421_V2.pdf | https://www.europe-guyane.fr/wp-content/uploads/2022/12/FicheTO_040301_foncier.pdf | https://www.europe-guyane.fr/wp-content/uploads/2022/12/Formulaire_DA_TO_431_V1_2016-10.doc | https://www.europe-guyane.fr/wp-content/uploads/2022/12/Notice_DA_TO_431_V1_2016-05.docx | https://www.europe-guyane.fr/wp-content/uploads/2022/12/Formulaire_DP_TO_431_V1_2016-07.doc | https://www.europe-guyane.fr/wp-content/uploads/2022/12/Formulaire_DdeAvance_TO_431_V1_2017-03.doc | https://www.europe-guyane.fr/wp-content/uploads/2022/12/Notice_DP_TO_431_V1.docx | https://www.europe-guyane.fr/wp-content/uploads/2022/12/FicheTO_040401_invt_non-prod.pdf | https://www.europe-guyane.fr/wp-content/uploads/2022/12/Formulaire_DA_TO_441_V1_2017-08.doc | https://www.europe-guyane.fr/wp-content/uploads/2022/12/Notice_DA_TO_441_V1_2017-08.doc | https://www.europe-guyane.fr/wp-content/uploads/2022/12/Formulaire_DP_TO_441_V1_2016-05.doc | https://www.europe-guyane.fr/wp-content/uploads/2022/12/Notice_DP_TO_441_V1_2016-05.doc | https://europe-guyane.fr/wp-content/uploads/2021/03/FicheTO_060101_DJA-v7.pdf | https://www.europe-guyane.fr/wp-content/uploads/2022/12/FicheTO_060301_DPA-v7-1.pdf | https://www.europe-guyane.fr/wp-content/uploads/2022/12/FormuDA_GUY060301_301018_V1.0.doc | https://www.europe-guyane.fr/wp-content/uploads/2022/12/FicheTO_100111_legumineuses.pdf | https://www.europe-guyane.fr/wp-content/uploads/2022/12/FicheTO_100121_taons.pdf | https://europe-guyane.fr/wp-content/uploads/2021/03/FicheTO_100122_arbo.pdf | https://www.europe-guyane.fr/wp-content/uploads/2022/12/FicheTO_100123_ananas.pdf | https://www.europe-guyane.fr/wp-content/uploads/2022/12/FicheTO_100124_arbo.pdf | https://www.europe-guyane.fr/wp-content/uploads/2022/12/FicheTO_100125_paillage.pdf | https://www.europe-guyane.fr/wp-content/uploads/2022/12/FicheTO_100131_haies.pdf | https://www.europe-guyane.fr/wp-content/uploads/2022/12/FicheTO_100132_riviere.pdf | https://www.europe-guyane.fr/wp-content/uploads/2022/12/FicheTO_110101_agri_bio_conversion.pdf | https://www.europe-guyane.fr/wp-content/uploads/2022/12/FicheTO_110201_agri_bio_maintien.pdf | https://www.europe-guyane.fr/wp-content/uploads/2022/12/FicheTO_130201_ICHN.pdf | https://www.europe-guyane.fr/wp-content/uploads/2022/12/Fiche_Mesure16-1.pdf | https://www.europe-guyane.fr/wp-content/uploads/2022/12/FicheTO_160101_PEI.pdf | https://www.europe-guyane.fr/wp-content/uploads/2022/12/FicheTO_160201_RITA.pdf | https://www.europe-guyane.fr/wp-content/uploads/2022/12/FicheTO_160401_filieres.pdf | https://www.europe-guyane.fr/wp-content/uploads/2022/12/FicheTO_160501_anim_envt.pdf | https://www.europe-guyane.fr/wp-content/uploads/2022/12/Formu_DP_GUY160501_170321_V1.1.doc | https://www.europe-guyane.fr/wp-content/uploads/2022/12/notice_DP_GUY160501_V1.0_10112016.doc | https://www.europe-guyane.fr/wp-content/uploads/2022/12/Fiche_Mesure1-1.pdf | https://www.europe-guyane.fr/wp-content/uploads/2022/12/Mesure1_Formulaire_DDE_V1.0_20160513-1.doc | https://www.europe-guyane.fr/wp-content/uploads/2022/12/03_Notice_formulaire_DDE_GUY010101_20160513_V1.0.pdf | https://www.europe-guyane.fr/wp-content/uploads/2022/12/04_Formu_DdePaiement_Mes01_V1.1.doc | https://www.europe-guyane.fr/wp-content/uploads/2022/12/05_Notice_DdePaiement_Mes01_V11.doc | https://www.europe-guyane.fr/wp-content/uploads/2022/12/Fiche_Mesure4.pdf | https://www.europe-guyane.fr/wp-content/uploads/2022/12/FicheTO_040303_dessertes_foret.pdf | https://www.europe-guyane.fr/wp-content/uploads/2022/12/Fiche_Mesure6-2.pdf | https://www.europe-guyane.fr/wp-content/uploads/2022/12/Formulaire_DA_TO_641_V1_2016-07.doc | https://www.europe-guyane.fr/wp-content/uploads/2022/12/Notice_DA_TO_641_V1_2016-07.doc | https://www.europe-guyane.fr/wp-content/uploads/2022/12/Formulaire_DP_TO_641_V1_2016-07.doc | https://www.europe-guyane.fr/wp-content/uploads/2022/12/03_Notice_formulaire_DDE_GUY010101_20160513_V1.0-1.pdf | https://www.europe-guyane.fr/wp-content/uploads/2022/12/Fiche_Mesure7-1.pdf | https://www.europe-guyane.fr/wp-content/uploads/2022/12/Fiche_Mesure8-1.pdf | https://www.europe-guyane.fr/wp-content/uploads/2022/12/Fiche_Mesure16.pdf | https://www.europe-guyane.fr/wp-content/uploads/2022/12/FicheTO_160201_RITA-1.pdf | https://www.europe-guyane.fr/wp-content/uploads/2022/12/FicheTO_160601_bois-1.pdf | https://www.europe-guyane.fr/wp-content/uploads/2022/12/Notice_dmde_TO1671.doc | https://www.europe-guyane.fr/wp-content/uploads/2022/12/Formulaire_DP_TO_1671_V1_2019-09-1.doc | https://www.europe-guyane.fr/wp-content/uploads/2022/12/Fiche_Mesure7-2.pdf | https://www.europe-guyane.fr/wp-content/uploads/2022/12/Formu_DdeAide_Mes07_V3.0.doc | https://www.europe-guyane.fr/wp-content/uploads/2022/12/Notice_DdeAide_Mes07_V3.0.pdf | https://www.europe-guyane.fr/wp-content/uploads/2022/12/Formu_DdePaiement_Mes07_V3.0.doc | https://www.europe-guyane.fr/wp-content/uploads/2022/12/Notice_DdePaiement_Mes07_V3.0.pdf | https://www.europe-guyane.fr/wp-content/uploads/2022/12/FicheTO_070101_SchemasDirecteurs-1.pdf | https://www.europe-guyane.fr/wp-content/uploads/2022/12/FicheTO_070201_EauPotable-1.pdf | https://www.europe-guyane.fr/wp-content/uploads/2022/12/FicheTO_070202_Assainissement-1.pdf | https://www.europe-guyane.fr/wp-content/uploads/2022/12/FicheTO_070203_VR-1.pdf | https://www.europe-guyane.fr/wp-content/uploads/2022/12/FicheTO_070204_ER-1.pdf | https://www.europe-guyane.fr/wp-content/uploads/2022/12/FicheTO_070205_Dechets-1.pdf | https://www.europe-guyane.fr/wp-content/uploads/2022/12/FicheTO_070206_MedicoSocial.pdf | https://www.europe-guyane.fr/wp-content/uploads/2022/12/FicheTO_190101_prepa_LEADER.pdf | https://www.europe-guyane.fr/wp-content/uploads/2022/12/FicheTO_190401_anim_LEADER.pdf | https://www.europe-guyane.fr/wp-content/uploads/2025/04/1.5-DOMOFEDER_maj-03.25.pdf | https://www.europe-guyane.fr/wp-content/uploads/2023/03/1.5_Annexe_grille.xlsx | https://cdn.livechat-files.com/dal/api/file/helpdesk/att/1400039576/0d16d03e-b051-4f92-bb2a-ddb49a669f44/9fb5d0dfd76d6191f803f03f6a40dd732c79b1f3de236a0f1343323caae20f0a/fea48095-80f6-4091-a781-1718c05bfa74/PSN_valid%C3%A9_2022.pdf | https://www.europe-guyane.fr/programme_mode_depot/aap/#fl-main-content | https://www.europe-guyane.fr/programme_mode_depot/aap/# | https://www.europe-guyane.fr/programme_mode_depot/aap/?filter_clos=true | https://www.europe-guyane.fr/programme/aap-cooperation-et-innovation-pour-lorientation-en-guyane/ | https://www.europe-guyane.fr/wp-content/uploads/2026/05/090426-AAP-ESO4.5-Cooperation-et-innovation-pour-lorientation-en-Guyane.pdf | https://www.europe-guyane.fr/programme/aap-conseil-et-diffusion-dinformation/ | https://www.europe-guyane.fr/wp-content/uploads/2026/03/Cahier_des_charges-AAP_FEADER_78.01_2026_04_conseil_VF-1.doc | https://www.europe-guyane.fr/programme/aap-formation/ | https://www.europe-guyane.fr/wp-content/uploads/2026/03/Cahier-des-charges-AAP_FEADER_78.01_2026_03-Formation-VF.doc | https://www.europe-guyane.fr/programme/parcours-individualises-vers-la-levee-des-freins-peripheriques-2/ | https://www.europe-guyane.fr/wp-content/uploads/2025/10/020326-AAPESO4.8-Parcours-individualises-vers-la-levee-des-freins-peripheriques-V11.pdf | https://www.europe-guyane.fr/programme/aap-vers-une-autonomie-et-une-insertion-socio-professionnelle/ | https://www.europe-guyane.fr/wp-content/uploads/2025/10/020326-AAP-ESO4.8-Vers-une-autonomie-et-une-insertion-socio-professionnelle-v7.pdf | https://www.europe-guyane.fr/wp-content/uploads/2025/07/310725-AAP-ESO4.12-Favoriser-lautonomie-des-jeunes-vulnerables-ASE-MNA-ex-MNA-VF.pdf | https://www.europe-guyane.fr/wp-content/uploads/2025/07/310725-AAP-ESO4.12-Inclusion-et-accompagnement-des-personnes-dependantes-et-en-perte-dautonomie-VF.pdf | https://www.europe-guyane.fr/wp-content/uploads/2025/07/310725-AAP-ESO4.12-Acces-aux-droits-et-autonomie-des-publics-vulnerables-VF.pdf | https://www.europe-guyane.fr/wp-content/uploads/2024/10/Cahier-des-charges-AAP_FEADER-77.01-vf.pdf | https://www.europe-guyane.fr/programme/aap-orientation-innovation-et-pratiques-collaboratives/ | https://www.europe-guyane.fr/wp-content/uploads/2025/05/Cahier-des-charges-150725-AAP-ESO4.5-Orientation-Innovation-et-Pratiques-Collaboratives-v6.pdf | https://www.europe-guyane.fr/programme/aap-innovation-sociale-et-synergies-territoriales/ | https://www.europe-guyane.fr/wp-content/uploads/2025/03/180325_AAP_ESO4.1_Innovation-sociale-et-synergies-territoriales_VF.pdf | https://www.europe-guyane.fr/programme/aap-construction-dhotel-de-tourisme/ | https://www.europe-guyane.fr/wp-content/uploads/2025/02/1.3-DOMOFEDER_Competitivite-des-PME.pdf | https://www.europe-guyane.fr/programme/aap-activites-touristiques-1-3/ | https://www.europe-guyane.fr/wp-content/uploads/2024/12/appel_a_projet_Amenagement-et-securisation-sites-naturels-sentiers-vf.pdf | https://www.europe-guyane.fr/programme/fse-mesure-daccompagnement-social-et-budgetaire/ | https://www.europe-guyane.fr/wp-content/uploads/2024/12/121124_AAP_ESO4.12_AESF-MASP_VF-1.pdf | https://www.europe-guyane.fr/programme/aap-fami-fonds-asile-migration-et-integration/ | https://www.europe-guyane.fr/wp-content/uploads/2024/07/02-2024-FAMI-Appel_a_projets_2-OS1_dans_le_cadre_de_la_programmation_2021-2027.pdf | https://www.europe-guyane.fr/programme/aap-feader-conseils-et-diffusion-dinformations/ | https://www.europe-guyane.fr/programme/aap-feader-formation/ | https://www.europe-guyane.fr/programme/aap-changement-climatique-adaptation-des-territoires-a-lerosion/ | https://www.europe-guyane.fr/wp-content/uploads/2024/04/AAP-adaptation-des-territoires-a-lerosion-3.pdf | https://www.europe-guyane.fr/programme/aap-agro-industrie/ | https://www.europe-guyane.fr/wp-content/uploads/2024/01/DOMOFEDER-1.3-1.pdf | https://www.europe-guyane.fr/programme/aap-innovation/ | https://www.europe-guyane.fr/wp-content/uploads/2023/12/1.1-DOMOFEDER-1.pdf | https://www.europe-guyane.fr/wp-content/uploads/2023/12/DOMOFEDER2-2.2-ENR.pdf | https://www.europe-guyane.fr/programme/aap-biodiversite/ | https://www.europe-guyane.fr/wp-content/uploads/2023/11/DOMOFEDER-2.7-1.pdf | https://www.europe-guyane.fr/wp-content/uploads/2023/09/FSE4.8_fichemesure_inclusion-active-1.pdf | https://www.europe-guyane.fr/programme/eso-4-1-aap-creation-dentreprises/ | https://www.europe-guyane.fr/programme/aap-recherche/ | https://www.europe-guyane.fr/wp-content/uploads/2023/09/1.1_fichemesure_recherche-et-innovation_20230830.pdf | https://www.europe-guyane.fr/programme/aap-hebergement-touristique/ | https://www.europe-guyane.fr/wp-content/uploads/2023/07/appel_a_projet_hebergements_touristiques.pdf | https://www.europe-guyane.fr/programme/aap-111-formation-professionnelle-specifique-agricole-agro-alimentaire-et-agro-environnementale/ | https://www.europe-guyane.fr/wp-content/uploads/2023/04/JLE_02_FEADER_111_2023-01.pdf | https://www.europe-guyane.fr/programme/aap-fse-accompagnement-vers-une-insertion-professionnelle/ | https://www.europe-guyane.fr/wp-content/uploads/2023/04/AAP-10_SG-2021-AIP-_V2.1-2.pdf | https://www.europe-guyane.fr/programme/aap-relance-leader/ | https://www.europe-guyane.fr/programme/aap-fse-accompagnement-vers-une-insertion-professionnelle-par-le-volet-social-et-ou-professionnel-des-publics-dit-fragilises/ | https://www.europe-guyane.fr/programme/aap-agrumes-411-productions-de-plants-dagrumes-sains-et-certifies/ | https://www.europe-guyane.fr/programme/aap-bbea-protection-des-troupeaux/ | https://www.europe-guyane.fr/programme/aap-bois-energie-biomasse-le-delai-se-prolonge/ | https://www.europe-guyane.fr/programme/important-prolongation-de-laap-flash-covid-19-guyane/ | https://www.europe-guyane.fr/wp-content/uploads/2023/04/AAP_COVID_19-6.pdf | https://www.europe-guyane.fr/programme/aap-plan-de-relance-plantons-des-haies/ | https://www.europe-guyane.fr/wp-content/uploads/2023/04/AAP441_PHA.pdf | https://www.europe-guyane.fr/programme/aap-approches-collectives-en-faveur-des-projets-environnementaux/ | https://www.europe-guyane.fr/programme/lancement-aap-pacte-biosecurite-et-bien-etre-animal/ | https://www.europe-guyane.fr/wp-content/uploads/2024/06/FranceRelance-PacteBBEA-SocleNational_VD-1.pdf | https://www.europe-guyane.fr/programme/lancement-de-3-aap-mesure-1/ | https://www.europe-guyane.fr/wp-content/uploads/2024/06/APPEL-A-PROJETS-FEADER_111_2019_01.-Accompagnement-technique-et-acquisition-de-competences-en-maraichage-sous-serres.pdf | https://www.europe-guyane.fr/programme/aap-actions-pedagogiques-novatrices-en-faveur-des-publics-dit-fragilises-phase-2/ | https://www.europe-guyane.fr/wp-content/uploads/2023/04/Appel-a-Projet-INSTALLATION-PHOTOVOLTAIQUE.pdf | https://www.europe-guyane.fr/wp-content/uploads/2023/04/http___eur-lex.europa_-RGEC-R-UE-651-2014-2.pdf | https://www.europe-guyane.fr/wp-content/uploads/2023/04/Appel-a-projets-Eclairage-performant.pdf | https://www.europe-guyane.fr/wp-content/uploads/2024/06/aap_pae_po_fse_etat_guyane_.pdf | https://www.europe-guyane.fr/wp-content/uploads/2024/06/AAP-IEJ-aout-2018.pdf | https://www.europe-guyane.fr/programme/aap-biodiversite-et-culture/ | https://www.europe-guyane.fr/programme/aap-mines/ | https://www.europe-guyane.fr/wp-content/uploads/2024/06/aap_ctg.pdf | https://www.europe-guyane.fr/wp-content/uploads/2023/02/AAP-Agrumes-411_VF.pdf | https://www.europe-guyane.fr/programme/aap-121-information-et-diffusion-de-connaissances-a-destination-des-actifs-des-petites-exploitations-agricoles/ | https://www.europe-guyane.fr/programme/aap-122-information-et-diffusion-de-connaissances-et-de-pratiques-agricoles-agro-alimentaires-et-agro-environnementales/ | https://www.europe-guyane.fr/programme/aap-soutien-preparatoire-aux-gal/ | https://www.europe-guyane.fr/actualites/ami-europeen-resilience-de-leau-et-protection-du-milieu-marin/#fl-main-content | https://www.europe-guyane.fr/category/ami/ | https://www.europe-guyane.fr/wp-content/uploads/2026/02/Cahier-des-charges-AMI-TAIEX-eau.pdf | https://www.europe-guyane.fr/actualites/ami-europeen-resilience-de-leau-et-protection-du-milieu-marin/# | https://www.europe-guyane.fr/wp-content/uploads/2026/02/AAC-Cooperation.pdf | https://www.europe-guyane.fr/wp-content/uploads/2026/02/FORMULAIRE-DE-CANDIDATURE.pdf | https://www.europe-guyane.fr/aap-nationaux-et-europeens/#fl-main-content | https://www.europe-guyane.fr/aap-nationaux-et-europeens/# | https://www.europe-guyane.fr/programme_mode_depot/ami/#fl-main-content | https://www.europe-guyane.fr/wp-content/uploads/2025/06/AMI-Scolaire-VF.pdf | https://www.europe-guyane.fr/wp-content/uploads/2025/06/APPEL-A-CANDIDATURE-Carnaval.pdf | https://www.europe-guyane.fr/wp-content/uploads/2024/06/AMI-Scolaire-2025-2.pdf | https://www.europe-guyane.fr/wp-content/uploads/2024/06/AMI-Carnaval-2-2.pdf | https://www.europe-guyane.fr/wp-content/uploads/2024/06/AMI-Cooperation-2.pdf | https://www.europe-guyane.fr/programme/ami-feader-relance-leader-2023-2027/ | https://www.europe-guyane.fr/programme/ami-professions-liberales-reglementees-de-la-sante-dans-les-zones-isolees-ou-eloignees/ | https://www.europe-guyane.fr/programme/ami-accueil-de-la-petite-enfance/ | https://www.europe-guyane.fr/programme_mode_depot/ami/# | https://www.europe-guyane.fr/wp-content/uploads/2026/05/090426-AAP-ESO4.5-Cooperation-et-innovation-pour-lorientation-en-Guyane.pdf | https://www.europe-guyane.fr/wp-content/uploads/2026/03/Cahier_des_charges-AAP_FEADER_78.01_2026_04_conseil_VF-1.doc | https://www.europe-guyane.fr/wp-content/uploads/2026/03/Cahier-des-charges-AAP_FEADER_78.01_2026_03-Formation-VF.doc | https://www.europe-guyane.fr/wp-content/uploads/2025/10/020326-AAPESO4.8-Parcours-individualises-vers-la-levee-des-freins-peripheriques-V11.pdf | https://www.europe-guyane.fr/wp-content/uploads/2025/10/020326-AAP-ESO4.8-Vers-une-autonomie-et-une-insertion-socio-professionnelle-v7.pdf | https://www.europe-guyane.fr/wp-content/uploads/2025/07/310725-AAP-ESO4.12-Favoriser-lautonomie-des-jeunes-vulnerables-ASE-MNA-ex-MNA-VF.pdf | https://www.europe-guyane.fr/wp-content/uploads/2025/07/310725-AAP-ESO4.12-Inclusion-et-accompagnement-des-personnes-dependantes-et-en-perte-dautonomie-VF.pdf | https://www.europe-guyane.fr/wp-content/uploads/2025/07/310725-AAP-ESO4.12-Acces-aux-droits-et-autonomie-des-publics-vulnerables-VF.pdf | https://www.europe-guyane.fr/wp-content/uploads/2024/10/Cahier-des-charges-AAP_FEADER-77.01-vf.pdf | https://www.europe-guyane.fr/wp-content/uploads/2025/05/Cahier-des-charges-150725-AAP-ESO4.5-Orientation-Innovation-et-Pratiques-Collaboratives-v6.pdf | https://www.europe-guyane.fr/wp-content/uploads/2025/03/180325_AAP_ESO4.1_Innovation-sociale-et-synergies-territoriales_VF.pdf | https://www.europe-guyane.fr/wp-content/uploads/2025/02/1.3-DOMOFEDER_Competitivite-des-PME.pdf | https://www.europe-guyane.fr/wp-content/uploads/2024/12/appel_a_projet_Amenagement-et-securisation-sites-naturels-sentiers-vf.pdf | https://www.europe-guyane.fr/wp-content/uploads/2024/12/121124_AAP_ESO4.12_AESF-MASP_VF-1.pdf | https://www.europe-guyane.fr/wp-content/uploads/2024/07/02-2024-FAMI-Appel_a_projets_2-OS1_dans_le_cadre_de_la_programmation_2021-2027.pdf | https://www.europe-guyane.fr/wp-content/uploads/2023/04/FSE4.12_fichemesure_integration-sociale.pdf | https://www.europe-guyane.fr/wp-content/uploads/2024/04/AAP-adaptation-des-territoires-a-lerosion-3.pdf | https://www.europe-guyane.fr/wp-content/uploads/2024/01/DOMOFEDER-1.3-1.pdf | https://www.europe-guyane.fr/wp-content/uploads/2023/12/1.1-DOMOFEDER-1.pdf | https://www.europe-guyane.fr/wp-content/uploads/2023/11/DOMOFEDER-2.7-1.pdf | https://www.europe-guyane.fr/wp-content/uploads/2023/04/FSE4.1_acces-a-lemploi.pdf | https://www.europe-guyane.fr/wp-content/uploads/2023/09/1.1_fichemesure_recherche-et-innovation_20230830.pdf | https://www.europe-guyane.fr/wp-content/uploads/2023/07/appel_a_projet_hebergements_touristiques.pdf | https://www.europe-guyane.fr/wp-content/uploads/2023/04/JLE_02_FEADER_111_2023-01.pdf | https://www.europe-guyane.fr/wp-content/uploads/2023/04/AAP-10_SG-2021-AIP-_V2.1-2.pdf | https://www.europe-guyane.fr/programme/aap-relance-leader/ | https://www.europe-guyane.fr/programme/aap-agrumes-411-productions-de-plants-dagrumes-sains-et-certifies/ | https://www.europe-guyane.fr/programme/important-prolongation-de-laap-flash-covid-19-guyane/ | https://www.europe-guyane.fr/wp-content/uploads/2023/04/AAP_COVID_19-6.pdf | https://www.europe-guyane.fr/wp-content/uploads/2023/04/AAP441_PHA.pdf | https://www.europe-guyane.fr/wp-content/uploads/2024/06/FranceRelance-PacteBBEA-SocleNational_VD-1.pdf | https://www.europe-guyane.fr/wp-content/uploads/2023/04/Appel-a-Projet-INSTALLATION-PHOTOVOLTAIQUE.pdf | https://www.europe-guyane.fr/wp-content/uploads/2023/04/Appel-a-projets-Eclairage-performant.pdf | https://www.europe-guyane.fr/wp-content/uploads/2024/06/aap_pae_po_fse_etat_guyane_.pdf | https://www.europe-guyane.fr/wp-content/uploads/2024/06/AAP-IEJ-aout-2018.pdf | https://www.europe-guyane.fr/wp-content/uploads/2024/06/aap_ctg.pdf | https://www.europe-guyane.fr/wp-content/uploads/2023/02/AAP-Agrumes-411_VF.pdf | https://www.europe-guyane.fr/wp-content/uploads/2023/03/Programme-FEDER-FSE-1.pdf | https://www.europe-guyane.fr/wp-content/uploads/2025/04/2.2-DOMOFEDER-ENR.pdf | https://www.europe-guyane.fr/wp-content/uploads/2025/04/2.4-DOMOFEDER_modifiee.pdf | https://www.europe-guyane.fr/wp-content/uploads/2025/04/2.5-DOMOFEDER_modifiee-CPS-7_08-24.pdf | https://www.europe-guyane.fr/wp-content/uploads/2025/04/2.7-DOMOFEDER-Biodiversite_juillet-2025.pdf | https://www.europe-guyane.fr/wp-content/uploads/2023/12/2.6_DOMOFEDER_economie-circulaire_vf2.pdf | https://www.europe-guyane.fr/wp-content/uploads/2023/12/2.6_grille_economie-circulaire_vf2.pdf | https://www.europe-guyane.fr/wp-content/uploads/2023/10/DOMOFEDER-2.8.pdf | https://www.europe-guyane.fr/wp-content/uploads/2025/04/3.2-DOMOFEDER.pdf | https://www.europe-guyane.fr/wp-content/uploads/2025/04/4.5-DOMOFEDER_Infra.-socio-sanitaires-maj-11.2024.pdf | https://www.europe-guyane.fr/wp-content/uploads/2025/04/4.2-DOMOFEDER.pdf | https://www.europe-guyane.fr/wp-content/uploads/2025/10/sfc2021-PRG-2021FR16FFPR012-4.2.pdf | https://www.europe-guyane.fr/actualites/ami-europeen-resilience-de-leau-et-protection-du-milieu-marin/ | https://www.europe-guyane.fr/wp-content/uploads/2022/12/03_Notice_formulaire_DDE_GUY010101_20160513_V1.0.pdf | https://www.europe-guyane.fr/programme/aap-conseil-et-diffusion-dinformation/#fl-main-content | https://www.europe-guyane.fr/wp-content/uploads/2026/03/78.01-Grille-de-selection-1.xlsx | https://www.europe-guyane.fr/wp-content/uploads/2026/03/Annexes-aap-260316.zip | https://www.europe-guyane.fr/programme/aap-conseil-et-diffusion-dinformation/# | https://www.europe-guyane.fr/programme/aap-formation/#fl-main-content | https://www.europe-guyane.fr/programme/aap-formation/# | https://www.europe-guyane.fr/programme/aap-cooperation-et-innovation-pour-lorientation-en-guyane/#fl-main-content | https://www.europe-guyane.fr/wp-content/uploads/2026/05/FSE4.5-DOMO.pdf | https://www.europe-guyane.fr/programme/aap-cooperation-et-innovation-pour-lorientation-en-guyane/# | https://www.europe-guyane.fr/wp-content/uploads/2025/04/KIT-AAP-FSE-2.zip | https://www.europe-guyane.fr/programme_mode_depot/aap/?filter_clos=true#fl-main-content | https://www.europe-guyane.fr/programme_mode_depot/aap/?filter_clos=true# | https://www.europe-guyane.fr/programme/aap-orientation-innovation-et-pratiques-collaboratives/#fl-main-content | https://www.europe-guyane.fr/programme/aap-orientation-innovation-et-pratiques-collaboratives/# | https://www.europe-guyane.fr/programme/aap-vers-une-autonomie-et-une-insertion-socio-professionnelle/#fl-main-content | https://www.europe-guyane.fr/programme/aap-vers-une-autonomie-et-une-insertion-socio-professionnelle/# | https://www.europe-guyane.fr/programme/aap-innovation-sociale-et-synergies-territoriales/#fl-main-content | https://www.europe-guyane.fr/wp-content/uploads/2025/03/KIT-AAP-FSE-1.zip | https://www.europe-guyane.fr/programme/aap-innovation-sociale-et-synergies-territoriales/# | https://www.europe-guyane.fr/programme/aap-activites-touristiques-1-3/#fl-main-content | https://www.europe-guyane.fr/wp-content/uploads/2024/12/Grille_Evaluation-AAP-Sites-naturels_sentiers-pedestres-VF.xlsx | https://www.europe-guyane.fr/programme/aap-activites-touristiques-1-3/# | https://www.europe-guyane.fr/programme/fse-mesure-daccompagnement-social-et-budgetaire/#fl-main-content | https://www.europe-guyane.fr/programme/fse-mesure-daccompagnement-social-et-budgetaire/# | https://www.europe-guyane.fr/programme/aap-construction-dhotel-de-tourisme/#fl-main-content | https://www.europe-guyane.fr/wp-content/uploads/2025/02/AAP-CONSTRUCTION-DHOTELS-DE-TOURISME-1.pdf | https://www.europe-guyane.fr/wp-content/uploads/2025/02/Annexe_grille-de-selection_AAP-Construction-dhotels-vf-1.xlsx | https://www.europe-guyane.fr/wp-content/uploads/2025/02/Appel_a_projet_Construction_dhotels_de_tourisme_Vf-4.pdf | https://www.europe-guyane.fr/programme/aap-construction-dhotel-de-tourisme/# | https://www.europe-guyane.fr/programme/aap-feader-conseils-et-diffusion-dinformations/#fl-main-content | mailto:aap-feader@ctguyane.fr | https://www.europe-guyane.fr/wp-content/uploads/2023/04/Cahier-des-charges-AAP_FEADER_78.01_2024_02-conseil-et-diffusion-dinformations-VF1.pdf | https://www.europe-guyane.fr/wp-content/uploads/2023/04/Formulaire-DA-78.01-v4-1.doc | https://www.europe-guyane.fr/wp-content/uploads/2023/04/Grille-de-selection-7801-1.pdf | https://www.europe-guyane.fr/wp-content/uploads/2023/04/Notice-DA-v1-1.pdf | https://www.europe-guyane.fr/wp-content/uploads/2023/04/Pieces-annexes-1.zip | https://www.europe-guyane.fr/programme/aap-feader-conseils-et-diffusion-dinformations/# | https://www.europe-guyane.fr/programme/aap-fami-fonds-asile-migration-et-integration/#fl-main-content | https://www.europe-guyane.fr/programme/aap-fami-fonds-asile-migration-et-integration/# | https://www.europe-guyane.fr/programme/aap-feader-formation/#fl-main-content | https://bitwip1.typeform.com/to/E8mV5wxM | https://www.europe-guyane.fr/wp-content/uploads/2023/04/Cahier-des-charges-AAP_FEADER_78.01_2024_01-Formation-VF1.pdf | https://www.europe-guyane.fr/wp-content/uploads/2023/04/Formulaire-DA-78.01-v4.doc | https://www.europe-guyane.fr/wp-content/uploads/2023/04/Grille-de-selection-7801.pdf | https://www.europe-guyane.fr/programme/aap-feader-formation/# | https://www.europe-guyane.fr/programme/aap-changement-climatique-adaptation-des-territoires-a-lerosion/#fl-main-content | https://www.europe-guyane.fr/wp-content/uploads/2024/06/Appel-a-Projet_Adaptation-des-territoires-a-lerosion_VF1.pdf | https://www.europe-guyane.fr/programme/aap-changement-climatique-adaptation-des-territoires-a-lerosion/# | https://www.europe-guyane.fr/programme/aap-innovation/#fl-main-content | https://www.europe-guyane.fr/wp-content/uploads/2023/12/Fiche-descriptive-1-1.pdf | https://www.europe-guyane.fr/wp-content/uploads/2023/12/231207_appel_a_projet_innovationVF1-1.pdf | https://www.europe-guyane.fr/programme/aap-innovation/# | https://www.europe-guyane.fr/programme/aap-agro-industrie/#fl-main-content | https://bit.ly/42VtPa6 | https://www.europe-guyane.fr/wp-content/uploads/2023/04/Annexe_1_tableau-des-depenses-CS-1-5.vf2_.xls | https://www.europe-guyane.fr/wp-content/uploads/2023/12/Fiche-descriptive-2.pdf | https://www.europe-guyane.fr/wp-content/uploads/2023/12/appel_a_projet_agro_industrie_VF.pdf | https://www.europe-guyane.fr/programme/aap-agro-industrie/# | https://www.europe-guyane.fr/programme/eso-4-1-aap-creation-dentreprises/#fl-main-content | https://www.europe-guyane.fr/wp-content/uploads/2023/09/FSE4.1_grille_acces-a-lemploi.pdf | https://www.europe-guyane.fr/wp-content/uploads/2024/06/230915_AAP_ESO4.1_acces-a-lemploi_vf-1.pdf | https://www.europe-guyane.fr/programme/eso-4-1-aap-creation-dentreprises/# | https://www.europe-guyane.fr/programme/aap-biodiversite/#fl-main-content | https://www.europe-guyane.fr/wp-content/uploads/2024/04/Fiche-descriptive-4.pdf | https://www.europe-guyane.fr/wp-content/uploads/2024/04/appel_a_projet_biodiversite-vf1.pdf | https://www.europe-guyane.fr/programme/aap-biodiversite/# | https://www.europe-guyane.fr/programme/aap-recherche/#fl-main-content | https://www.europe-guyane.fr/wp-content/uploads/2024/01/AAP_Recherche_ROS1.1_2023_VF3.pdf | https://www.europe-guyane.fr/wp-content/uploads/2024/06/Fiche-AAP-recherche.pdf | https://www.europe-guyane.fr/programme/aap-recherche/# | https://www.europe-guyane.fr/programme/aap-111-formation-professionnelle-specifique-agricole-agro-alimentaire-et-agro-environnementale/#fl-main-content | https://www.europe-guyane.fr/wp-content/uploads/2023/04/03_Notice_formulaire_DDE_GUY010101_20160513_V1.0-1.pdf | https://www.europe-guyane.fr/wp-content/uploads/2023/04/03_Notice_formulaire_DDE_GUY010101_20160513_V1.0-2.pdf | https://www.europe-guyane.fr/programme/aap-111-formation-professionnelle-specifique-agricole-agro-alimentaire-et-agro-environnementale/# | https://www.europe-guyane.fr/programme/aap-hebergement-touristique/#fl-main-content | https://www.europe-guyane.fr/wp-content/uploads/2023/07/CAHIER-DES-CHARGES-APP-TOURISME.pdf | https://www.europe-guyane.fr/programme/aap-hebergement-touristique/# | https://www.europe-guyane.fr/programme/aap-fse-accompagnement-vers-une-insertion-professionnelle/#fl-main-content | https://www.europe-guyane.fr/programme/aap-fse-accompagnement-vers-une-insertion-professionnelle/# | https://www.europe-guyane.fr/programme/aap-relance-leader/#fl-main-content | https://www.europe-guyane.fr/wp-content/uploads/2023/04/FEADER_1921_2021_01_-CAHIER-DES-CHARGES-VF.pdf | https://europe-guyane.fr/wp-content/uploads/2021/10/FEADER_1921_2021_01_-portefeuille-de-projet-nom-du-gal.xlsx | https://www.europe-guyane.fr/programme/aap-relance-leader/# | https://www.europe-guyane.fr/programme/aap-bbea-protection-des-troupeaux/#fl-main-content | https://www.europe-guyane.fr/wp-content/uploads/2023/04/grille-autodiag-BOVIN.pdf | https://www.europe-guyane.fr/wp-content/uploads/2023/04/annexe-autodiag-BOVIN.pdf | https://www.europe-guyane.fr/wp-content/uploads/2023/04/annexe-autodiag-CAPRIN.pdf | https://www.europe-guyane.fr/wp-content/uploads/2023/04/grille-autoeval-EQUIN-BEE.pdf | https://www.europe-guyane.fr/wp-content/uploads/2023/04/Fiche-etude-de-lAutodiagnostic-filiere-equides.docx | https://www.europe-guyane.fr/wp-content/uploads/2023/04/grille-autodiag-OVIN.pdf | https://www.europe-guyane.fr/wp-content/uploads/2023/04/annexe-autodiag-OVIN.pdf | https://www.europe-guyane.fr/wp-content/uploads/2023/04/grille-autodiag-PORC.pdf | https://www.europe-guyane.fr/wp-content/uploads/2023/04/grille-autodiag-VOLAILLE-PLEIN-AIR.pdf | https://www.europe-guyane.fr/wp-content/uploads/2023/04/FORM_DEMANDE_SUBVENTION_TO_411_PBBEA.doc | https://www.europe-guyane.fr/wp-content/uploads/2023/04/Notice_DA_TO_411_V1_2022-06-DM.pdf | https://www.europe-guyane.fr/programme/aap-bbea-protection-des-troupeaux/# | https://www.europe-guyane.fr/programme/aap-bois-energie-biomasse-le-delai-se-prolonge/#fl-main-content | https://www.europe-guyane.fr/programme/aap-bois-energie-biomasse-le-delai-se-prolonge/# | https://www.europe-guyane.fr/programme/aap-fse-accompagnement-vers-une-insertion-professionnelle-par-le-volet-social-et-ou-professionnel-des-publics-dit-fragilises/#fl-main-content | https://www.europe-guyane.fr/programme/aap-fse-accompagnement-vers-une-insertion-professionnelle-par-le-volet-social-et-ou-professionnel-des-publics-dit-fragilises/# | https://www.europe-guyane.fr/programme/aap-agrumes-411-productions-de-plants-dagrumes-sains-et-certifies/#fl-main-content | https://www.europe-guyane.fr/programme/aap-agrumes-411-productions-de-plants-dagrumes-sains-et-certifies/# | https://www.europe-guyane.fr/programme/aap-plan-de-relance-plantons-des-haies/#fl-main-content | https://www.europe-guyane.fr/programme/aap-plan-de-relance-plantons-des-haies/# | https://www.europe-guyane.fr/wp-content/uploads/2023/04/02_FEADER_111_2020_02-1.pdf | https://www.europe-guyane.fr/wp-content/uploads/2023/04/02_FEADER_121_2020_02-1.pdf | https://www.europe-guyane.fr/wp-content/uploads/2023/04/02_FEADER_122_2020_02-1.pdf | https://www.europe-guyane.fr/wp-content/uploads/2023/04/03_Notice_formulaire_DDE_GUY010101_20160513_V1.0-1-1.pdf | https://www.europe-guyane.fr/programme/important-prolongation-de-laap-flash-covid-19-guyane/#fl-main-content | https://www.europe-guyane.fr/programme/important-prolongation-de-laap-flash-covid-19-guyane/# | https://www.europe-guyane.fr/programme/aap-approches-collectives-en-faveur-des-projets-environnementaux/#fl-main-content | https://www.europe-guyane.fr/wp-content/uploads/2022/12/20211001_APP_M165_MAECBIO.pdf | https://www.europe-guyane.fr/wp-content/uploads/2022/12/1651_Formulaire_AAP2021.docx | https://www.europe-guyane.fr/wp-content/uploads/2022/12/Notice_dmde_TO1651.pdf | https://www.europe-guyane.fr/programme/aap-approches-collectives-en-faveur-des-projets-environnementaux/# | https://www.europe-guyane.fr/programme/lancement-aap-pacte-biosecurite-et-bien-etre-animal/#fl-main-content | https://www.europe-guyane.fr/programme/lancement-aap-pacte-biosecurite-et-bien-etre-animal/# | https://www.europe-guyane.fr/programme/lancement-de-3-aap-mesure-1/#fl-main-content | https://web.archive.org/web/20210921173748/https://europe-guyane.fr/wp-content/uploads/2020/06/03_Notice_formulaire_DDE_GUY010101_20160513_V1.0.pdf | https://www.europe-guyane.fr/wp-content/uploads/2024/06/03_Notice_formulaire_DDE_GUY010101_20160513_V1.0.pdf | https://www.europe-guyane.fr/programme/lancement-de-3-aap-mesure-1/# | mailto:amifesi@cr-guyane.fr | https://www.europe-guyane.fr/wp-content/uploads/2023/04/PCIA_AaP-Valorisation-et-Innovation-vf.pdf | https://www.europe-guyane.fr/wp-content/uploads/2024/06/Annexe1-5.zip | https://www.europe-guyane.fr/wp-content/uploads/2023/04/PCIA_Formulaire-de-demande-de-subventio.doc | https://www.europe-guyane.fr/wp-content/uploads/2023/04/PCIA_Notice-formulaire-de-demande-de-subvention.docx | https://www.europe-guyane.fr/programme/aap-actions-pedagogiques-novatrices-en-faveur-des-publics-dit-fragilises-phase-2/#fl-main-content | mailto:amifesi@ctguyane.fr | https://www.europe-guyane.fr/programme/aap-actions-pedagogiques-novatrices-en-faveur-des-publics-dit-fragilises-phase-2/# | https://www.europe-guyane.fr/wp-content/uploads/2023/04/Noticeutilisationdosssubv.pdf | https://www.europe-guyane.fr/wp-content/uploads/2024/06/ANNEXES-eclairage-public-performant.zip | https://www.europe-guyane.fr/wp-content/uploads/2024/06/ANNEXES-Dev-photovoltaique.zip | https://www.europe-guyane.fr/programme/aap-biodiversite-et-culture/#fl-main-content | https://web.archive.org/web/20171021162521/mailto:amifesi@cr-guyane.fr | https://www.europe-guyane.fr/programme/aap-biodiversite-et-culture/# | https://web.archive.org/web/20190913152244/mailto:amifesi@ctguyane.fr | https://www.europe-guyane.fr/programme/aap-mines/#fl-main-content | https://web.archive.org/web/20180113031613/mailto:amifesi@ctguyane.fr | https://www.europe-guyane.fr/wp-content/uploads/2023/04/Cahier-des-charges-Mines-VF.pdf | https://www.europe-guyane.fr/programme/aap-mines/# | https://www.europe-guyane.fr/wp-content/uploads/2023/04/122_2017_03_AAP_VoyagesEtudes.pdf | https://www.europe-guyane.fr/wp-content/uploads/2023/04/FormulaireDdeAide_M01.pdf | https://www.europe-guyane.fr/wp-content/uploads/2023/04/Foire-Aux-Questions_M01.xlsx | https://web.archive.org/web/20221128005004/mailto:FEADER_AAP_Mesure1@ctguyane.fr | https://www.europe-guyane.fr/wp-content/uploads/2023/04/AAP_1611_2017_01_AAP_GO_PEI.docx | https://www.europe-guyane.fr/wp-content/uploads/2023/04/Formulaire-demande-daide.docx | https://www.europe-guyane.fr/wp-content/uploads/2023/04/Convention_de_prefiguration_partenariat_1611.odt | https://web.archive.org/web/20221128005004/mailto:FEADER_AAP_Mesure16@ctguyane.fr | https://web.archive.org/web/20190905214825/mailto:amifesi@ctguyane.fr | https://www.europe-guyane.fr/programme/aap-soutien-preparatoire-aux-gal/#fl-main-content | https://www.europe-guyane.fr/wp-content/uploads/2022/12/1-Cahier-des-charges-AAP-relance-1911-VF.pdf | https://www.europe-guyane.fr/wp-content/uploads/2022/12/2-Formulaire-DA-19.11-relance-_V30082022.docx | https://www.europe-guyane.fr/wp-content/uploads/2024/06/Annexe-1.zip | https://www.europe-guyane.fr/programme/aap-soutien-preparatoire-aux-gal/# | https://www.europe-guyane.fr/wp-content/uploads/2023/02/Cahier-des-charges-pour-la-production-de-plants-dagrumes-de-qualite-1.pdf | https://www.europe-guyane.fr/wp-content/uploads/2023/02/FORM_DEMANDE_SUBVENTION_TO_411_Agrumes-DM.doc | https://www.europe-guyane.fr/programme/aap-121-information-et-diffusion-de-connaissances-a-destination-des-actifs-des-petites-exploitations-agricoles/#fl-main-content | https://www.europe-guyane.fr/wp-content/uploads/2022/12/02_FormulairePresTechnique_FEADER_1_2020_02.doc | https://www.europe-guyane.fr/wp-content/uploads/2022/12/JLE_02_FEADER_121_2023_01.pdf | https://www.europe-guyane.fr/wp-content/uploads/2022/12/Mesure1_Formulaire_DDE_V1.0_20160513.doc | https://www.europe-guyane.fr/wp-content/uploads/2024/06/AAP-121.zip | https://www.europe-guyane.fr/programme/aap-121-information-et-diffusion-de-connaissances-a-destination-des-actifs-des-petites-exploitations-agricoles/# | https://www.europe-guyane.fr/programme/aap-122-information-et-diffusion-de-connaissances-et-de-pratiques-agricoles-agro-alimentaires-et-agro-environnementales/#fl-main-content | https://europe-guyane.fr/project/aap-122-information-et-diffusion-de-connaissances-et-de-pratiques-agricoles-agro-alimentaires-et-agro-environnementales# | https://www.europe-guyane.fr/wp-content/uploads/2022/12/JLE_02_FEADER_122_2023_01.pdf | https://www.europe-guyane.fr/wp-content/uploads/2024/06/AAP-122-1.zip | https://www.europe-guyane.fr/programme/aap-122-information-et-diffusion-de-connaissances-et-de-pratiques-agricoles-agro-alimentaires-et-agro-environnementales/# | https://www.europe-guyane.fr/wp-content/uploads/2025/04/DOMOFEDER_OS1.2-Usages-numeriques.pdf | https://www.europe-guyane.fr/wp-content/uploads/2025/04/DOMOFEDER_OS1.1-RDI.pdf | https://www.europe-guyane.fr/wp-content/uploads/2025/04/1.3-DOMOFEDER_Competitivite-des-PME-maj-12.24.pdf | https://www.europe-guyane.fr/wp-content/uploads/2023/03/Programme-FEDER-FSE-1.pdf | https://www.europe-guyane.fr/wp-content/uploads/2024/06/INELIGIBILITE-DU-BITUME.pdf | https://www.europe-guyane.fr/wp-content/uploads/2025/04/1.3-RUP-DOMOFEDER_maj-04.25.pdf | https://www.europe-guyane.fr/wp-content/uploads/2025/04/1.5-DOMOFEDER_maj-03.25.pdf | https://www.europe-guyane.fr/wp-content/uploads/2025/04/2.1-DOMOFEDER_Efficacite-energetique_maj-09.25.pdf | https://www.europe-guyane.fr/wp-content/uploads/2023/10/DOMOFEDER-2.5.pdf | https://www.europe-guyane.fr/wp-content/uploads/2025/04/2.2-DOMOFEDER-ENR.pdf | https://www.europe-guyane.fr/wp-content/uploads/2025/04/2.5-DOMOFEDER_modifiee-CPS-7_08-24.pdf | https://www.europe-guyane.fr/wp-content/uploads/2025/04/2.4-DOMOFEDER_modifiee.pdf | https://www.europe-guyane.fr/wp-content/uploads/2023/04/FSE4.1_acces-a-lemploi.pdf | https://cdn.livechat-files.com/dal/api/file/helpdesk/att/1400039576/0d16d03e-b051-4f92-bb2a-ddb49a669f44/9fb5d0dfd76d6191f803f03f6a40dd732c79b1f3de236a0f1343323caae20f0a/fea48095-80f6-4091-a781-1718c05bfa74/PSN_valid%C3%A9_2022.pdf | https://www.europe-guyane.fr/wp-content/uploads/2025/04/DOMOFEDER_OS1.2-Usages-numeriques.pdf | https://www.europe-guyane.fr/wp-content/uploads/2025/04/DOMOFEDER_OS1.1-RDI.pdf | https://www.europe-guyane.fr/wp-content/uploads/2023/03/Programme-FEDER-FSE-1.pdf | https://www.europe-guyane.fr/wp-content/uploads/2025/04/1.3-DOMOFEDER_Competitivite-des-PME-maj-12.24.pdf | https://www.europe-guyane.fr/wp-content/uploads/2024/06/INELIGIBILITE-DU-BITUME.pdf | https://www.europe-guyane.fr/wp-content/uploads/2025/04/1.3-RUP-DOMOFEDER_maj-04.25.pdf | https://www.europe-guyane.fr/wp-content/uploads/2025/04/1.5-DOMOFEDER_maj-03.25.pdf | https://www.europe-guyane.fr/wp-content/uploads/2025/04/2.1-DOMOFEDER_Efficacite-energetique_maj-09.25.pdf | https://www.europe-guyane.fr/wp-content/uploads/2023/10/DOMOFEDER-2.5.pdf | https://www.europe-guyane.fr/wp-content/uploads/2025/04/2.2-DOMOFEDER-ENR.pdf | https://www.europe-guyane.fr/wp-content/uploads/2025/04/2.4-DOMOFEDER_modifiee.pdf","A_REVERIFIER","94","88"
"martinique_aHR0cHM6Ly93d3cuY29sbGVjdGl2","Document officiel","AIDE","REGIONAL","Martinique","Collectivité Territoriale de Martinique | Europe Martinique | Martinique","SUBVENTION | PRET_TAUX_ZERO","PME | GE | ETI","8","119675430","","","","","2019-04-30","non","https://www.collectivitedemartinique.mq/wp-content/uploads/2026/07/DOSSIER-DE-CANDIDATURE-Formation-a-distance-2026-2027.pdf","https://www.collectivitedemartinique.mq/wp-content/uploads/2026/07/DOSSIER-DE-CANDIDATURE-Formation-a-distance-2026-2027.pdf | https://www.collectivitedemartinique.mq/wp-content/uploads/2026/07/DOSSIER-DE-CANDIDATURE-Aide-a-lexcellence-2026-2027.pdf | https://www.collectivitedemartinique.mq/wp-content/uploads/2026/07/DOSSIER-BOURSE-A-LA-MOBILITE-QUEBEC-2026-2027.pdf | https://www.collectivitedemartinique.mq/wp-content/uploads/2026/07/DOSSIER-DE-CANDIDATURE-Concours-grandes-ecoles-2026-2027.pdf | https://www.collectivitedemartinique.mq/wp-content/uploads/2025/08/DOSSIER-DE-CANDIDATURE-Certification-2025-2026.pdf | https://www.collectivitedemartinique.mq/wp-content/uploads/2026/07/DOSSIER-DE-CANDIDATURE-Stages-2026-2027.pdf | https://www.collectivitedemartinique.mq/wp-content/uploads/2026/07/DOSSIER-DE-CANDIDATURE-BOURSE-DE-RECHERCHE-2026-2027.pdf | https://www.collectivitedemartinique.mq/wp-content/uploads/2026/07/DOSSIER-DE-CANDIDATURE-BOURSE-DOCTORALE-2026-2027.pdf | https://www.collectivitedemartinique.mq/wp-content/uploads/2025/08/DOSSIER-DE-CANDIDATURE-FINANCEMENT-DUN-CONTRAT-DOCTORAL-2025-2026.pdf | https://www.collectivitedemartinique.mq/wp-content/uploads/2026/07/FICHE-DE-RENSEIGNEMENTS-1ERE-DDE-BOURSE-CULTURELLE.pdf | https://www.collectivitedemartinique.mq/wp-content/uploads/2026/07/FICHE-DE-RENSEIGNEMENTS-RENOUVELLEMENT-DE-BOURSE.pdf | https://www.collectivitedemartinique.mq/wp-content/uploads/2026/07/Pr_Brochure_Aides_aux-etudiants_2026_2607_v.pdf | https://www.collectivitedemartinique.mq/2026/09/16/schema-enfance-jeunesse-et-famille/ | https://www.collectivitedemartinique.mq/pour-une-martinique-dynamique-et-connectee-2-2/ | https://www.collectivitedemartinique.mq/wp-content/uploads/2024/03/Pr_Dep_A5_MaisonduRetour_2311_compressed.pdf | https://www.collectivitedemartinique.mq/wp-content/uploads/2024/03/AIDES-SOCIALES_compressed.pdf | https://www.collectivitedemartinique.mq/wp-content/uploads/2025/01/Pr_Flyer_A5_Hebergement-Seniors-Handi_2501.pdf | https://www.collectivitedemartinique.mq/wp-content/uploads/2025/01/nouveau-dossier-APA.pdf | https://www.collectivitedemartinique.mq/wp-content/uploads/2026/01/2026-Nouveau-formulaire-de-demande-ASH1.pdf | https://www.collectivitedemartinique.mq/wp-content/uploads/2025/01/Pr_A5_Depliant_CLIC_2410.pdf | https://www.collectivitedemartinique.mq/wp-content/uploads/2024/03/AIDES-A-LA-FORMATION-PROFESSIONNELLE_compressed.pdf | https://www.collectivitedemartinique.mq/wp-content/uploads/2024/03/AIDES-SPORT-HAUT-NIVEAU_compressed.pdf | https://www.europe-martinique.com/wp-content/uploads/2022/12/reglement_ue_2021_1057_FsePlus.pdf | https://www.europe-martinique.com/wp-content/uploads/2022/12/Programme-Martinique-FEDER-FSE.pdf | https://www.europe-martinique.com/wp-content/uploads/2024/07/Referentiel-des-indicateurs-du-programme-FSE.pdf | https://www.europe-martinique.com/wp-content/uploads/2024/08/Questionnaire-Participants-FSE.pdf | https://www.europe-martinique.com/wp-content/uploads/2024/10/Mesure-4.1-Ameliorer-acces-a-lemploi.pdf | https://www.europe-martinique.com/wp-content/uploads/2024/10/Mesure-4.51.-Ameliorer-systeme-deducation.pdf | https://www.europe-martinique.com/wp-content/uploads/2025/09/25-PCE-1037-MESURE-4.6.1-VF.pdf | https://www.europe-martinique.com/wp-content/uploads/2024/10/Mesure-4.7.1-Promouvoir-la-formation.pdf | https://www.europe-martinique.com/wp-content/uploads/2024/10/Mesure-4.1.2-Allo-rup-Acces-emploi-par-la-mobilite.pdf | https://www.europe-martinique.com/wp-content/uploads/2024/10/Mesure-4.6.2-Soutenir-la-mobilite.pdf | https://www.europe-martinique.com/wp-content/uploads/2024/10/Mesure-4.7.2-Allo-Rup-Promouvoir-la-formation.pdf | https://www.europe-martinique.com/wp-content/uploads/2024/10/Mesure-4.8.1-inclusion-active.pdf | https://www.europe-martinique.com/wp-content/uploads/2024/10/Mesure-4.8.2-Developpement-local-FSE.pdf | https://www.europe-martinique.com/wp-content/uploads/2024/05/FICHE-DOMO-4.8-3-Inclusion-Active-RUP-FSE-V1-2.pdf | https://www.europe-martinique.com/wp-content/uploads/2024/10/Mesure-4.11.1-Professionnalisation-des-metiers.pdf | https://www.europe-martinique.com/wp-content/uploads/2024/10/Mesure-4.11.2-Amelioration-de-legalite-dacces.pdf | https://www.europe-martinique.com/wp-content/uploads/2025/08/25-PCE-1036-MESURE-4.11.3-v2.pdf | https://www.europe-martinique.com/wp-content/uploads/2025/09/25-PCE-1036-MESURE-4.11.3-VF.pdf | https://www.europe-martinique.com/wp-content/uploads/2024/10/Mesure-4.11.4-Mobilite-des-apprenants.pdf | https://www.europe-martinique.com/wp-content/uploads/2024/10/Mesure-4.12.1-Integration-sociale.pdf | https://www.europe-martinique.com/wp-content/uploads/2024/10/Mesure-4.12.2-Animation-strategies.pdf | https://www.europe-martinique.com/wp-content/uploads/2026/09/FA_FSE_4.12.3_V1.pdf | https://www.europe-martinique.com/wp-content/uploads/2026/09/26-PCE-1085_FA_FSE_4.12.3_V1-003.pdf | https://www.europe-martinique.com/wp-content/uploads/2025/09/25-PCE-1065-Mesure-4.13.1.pdf | https://www.europe-martinique.com/wp-content/uploads/2026/06/26-PCE-578-FA-4.6.11-Developper-competences-preparation-civile-pour-les-jeunes-V1Subs-FSE.pdf | https://www.europe-martinique.com/wp-content/uploads/2026/06/26-PCE-579-FA-4.7.11-Developper-competences-preparation-civile-FSE.pdf | https://www.europe-martinique.com/wp-content/uploads/2024/10/sfc2021-PRG-2021FR16FFPR008-3.1.pdf | https://www.europe-martinique.com/wp-content/uploads/2024/08/Referentiel-des-indicateurs-du-programme-FSE4-avec-compression.pdf | https://www.europe-martinique.com/wp-content/uploads/2025/01/Liste-des-pays-beneficiaires.pdf | https://www.europe-martinique.com/wp-content/uploads/2025/07/CUMUL-AFR-2127-PORTEUR-seuil-de-larticle-15-du-RGEC-def-31.07.xlsx | https://www.europe-martinique.com/wp-content/uploads/2025/02/Annexe1-2127INSTRUCTION-DE-LA-DEMANDE-Tableau-recapitulatif-des-depenses-Aide-au-fret-bokay-ou-dechets.xls | https://www.europe-martinique.com/wp-content/uploads/2025/02/Annexe1-2127-Certification-des-depenses-Tableau-recapitulatif-des-depenses-Aide-au-fret-bokay-ou-dechets.xls | https://www.europe-martinique.com/wp-content/uploads/2026/03/BSCU-FRET-FEDER-2025ljlV3.pdf | https://www.europe-martinique.com/wp-content/uploads/2025/01/ANNEXES-DU-TRAITE-SUR-LE-FONCTIONNEMENT-DE-LUNION-EUROPEENNE.pdf | https://www.europe-martinique.com/wp-content/uploads/2022/12/reglement_ue_2021_1058_Feder.pdf | https://www.europe-martinique.com/wp-content/uploads/2026/03/Annexe-1-Tableau-recapitulatif-des-depenses-OCS-2025.xlsx | https://www.europe-martinique.com/wp-content/uploads/2025/04/Annexe-1-Tableau-recapitulatif-des-depenses-OCS-2024.xlsx | https://www.europe-martinique.com/wp-content/uploads/2025/08/Annexe-1-Tableau-recapitulatif-des-depenses-OCS-2023.xlsx | https://www.europe-martinique.com/wp-content/uploads/2019/06/Programme_2014FR06RDRP002_9_1_fr.pdf | https://www.europe-martinique.com/wp-content/uploads/2019/06/Programme_2014FR06RDRP002_8_0_fr.pdf | https://www.europe-martinique.com/wp-content/uploads/2019/06/Programme_2014FR06RDRP002_7_1_fr-1.pdf | https://www.europe-martinique.com/wp-content/uploads/2019/06/Programme_2014FR06RDRP002_6_1_fr.pdf | https://www.europe-martinique.com/wp-content/uploads/2019/06/Programme_2014FR06RDRP002_5_2_fr.pdf | https://www.europe-martinique.com/wp-content/uploads/2016/05/Programme_2014FR06RDRP002_4_0_fr.pdf | https://www.europe-martinique.com/wp-content/uploads/2016/05/Programme_2014FR06RDRP002_3_1_fr.pdf | https://www.europe-martinique.com/wp-content/uploads/2016/05/ProgrammeDeveloppementRuralMartinique_2014-2020.pdf | https://www.europe-martinique.com/wp-content/uploads/2020/10/Liste-Type-conseil-en-agriculture.pdf | https://www-dev.europe-martinique.com/wp-content/uploads/2016/05/Programme_2014FR16M0OP011_9_0_fr.pdf | https://www-dev.europe-martinique.com/wp-content/uploads/2016/05/Programme_2014FR16M0OP011_8_0_fr.pdf | https://www-dev.europe-martinique.com/wp-content/uploads/2016/05/Programme_2014FR16M0OP011_7_1_fr.pdf | https://www-dev.europe-martinique.com/wp-content/uploads/2016/05/Programme_2014FR16M0OP011_6_1_fr.pdf | https://www-dev.europe-martinique.com/wp-content/uploads/2016/05/Programme_2014FR16M0OP011_5_0_fr-4.pdf | https://www-dev.europe-martinique.com/wp-content/uploads/2016/05/Programme_2014FR16M0OP011_4_3_fr.pdf | https://www-dev.europe-martinique.com/wp-content/uploads/2016/05/DOMO-FEDER-FSE-2014-2020-en-vigueur-au-24-11-2020.pdf | https://www-dev.europe-martinique.com/wp-content/uploads/2017/08/DOMO_feder_fse.pdf | https://www-dev.europe-martinique.com/wp-content/uploads/2016/05/Fiche-DOMO-axe-1-V2-240619.pdf | https://www-dev.europe-martinique.com/wp-content/uploads/2016/05/Fiche-DOMO-1-1-r%C3%A9vis%C3%A9e_V1.pdf | https://www-dev.europe-martinique.com/wp-content/uploads/2016/05/Fiche-DOMO-2-2-V2-du-050819.pdf | https://www-dev.europe-martinique.com/wp-content/uploads/2016/05/Fiche-DOMO-2-2-V1.pdf | https://www-dev.europe-martinique.com/wp-content/uploads/2016/05/Fiche-DOMO-3-1-V1.pdf | https://www-dev.europe-martinique.com/wp-content/uploads/2016/05/Fiche-DOMO-321-V1.pdf | https://www-dev.europe-martinique.com/wp-content/uploads/2016/05/Fiche-DOMO-521.pdf | https://www-dev.europe-martinique.com/wp-content/uploads/2016/05/Fiche-DOMO-522.pdf | https://www-dev.europe-martinique.com/wp-content/uploads/2016/05/Fiche-DOMO-5-2-1-V1.pdf | https://www-dev.europe-martinique.com/wp-content/uploads/2016/05/Fiche-DOMO-5-2-2-V1.pdf | https://www-dev.europe-martinique.com/wp-content/uploads/2016/05/Fiche-DOMO-5-3-V1.pdf | https://www-dev.europe-martinique.com/wp-content/uploads/2016/05/Fiche-DOMO-5-5.pdf | https://www-dev.europe-martinique.com/wp-content/uploads/2016/05/Fiche-DOMO-6-1-1-V1-07-12-2017.pdf | https://www-dev.europe-martinique.com/wp-content/uploads/2016/05/Fiche-DOMO-6-1-2-V1-07-12-2017.pdf | https://www-dev.europe-martinique.com/wp-content/uploads/2016/05/DOMO-641-REVISEE-19-PCE-675.pdf | https://www-dev.europe-martinique.com/wp-content/uploads/2016/05/fiche-DOMO-8.2-V2-mis-%C3%A0-jour-2702.pdf | https://www-dev.europe-martinique.com/wp-content/uploads/2016/05/fiche-DOMO-9.2-V1.pdf | https://www.europe-martinique.com/wp-content/uploads/2025/05/Strategie-Agricole-CTM.pdf | https://www.europe-martinique.com/wp-content/uploads/2026/04/20260410_Liste-dispositifs-FEADER-2023-2027_-V8.pdf | https://www.europe-martinique.com/wp-content/uploads/2026/04/Dossier-provisoire-FEADER-2023-2027_-V9-1.pdf | https://www.europe-martinique.com/wp-content/uploads/2026/03/2026-03-27_Dossier-provisoire-Feader-23-27_AMI-MAEC-API-et-PRM_Campagne-2025_modifie_VF-1.docx | https://www.europe-martinique.com/wp-content/uploads/2026/02/25-PCE-1404-Regles-communes-Fiche-DOMO-PSN-23-27-ASP-SANS-ARRETE.pdf | https://www.europe-martinique.com/wp-content/uploads/2025/12/25-PCE-1403-Regime-de-sanctions-FEADER-HSIGC-PSN-23-27-ASP-sdans-arretes.pdf | https://www.europe-martinique.com/wp-content/uploads/2026/01/Fiche-dispositif-PSN-FEADER_70.29-Amelioration-pollinisateur-des-abeilles.pdf | https://www.europe-martinique.com/wp-content/uploads/2026/01/Fiche-dispositif-PSN-FEADER_70.30-Protection-des-races-menacees.pdf | https://www.europe-martinique.com/wp-content/uploads/2026/05/26-PCE-453-ARRETE-MODIF-24-PCE-1203-FICHE-DOMO-FEADER-MAR-73.01-B-def.pdf | https://www.europe-martinique.com/wp-content/uploads/2025/01/DISPOSITIF-MAR-73.01-C-Diversification-des-activites-economiques.pdf | https://www.europe-martinique.com/wp-content/uploads/2025/10/25-PCE-1228-MAR-73-02-A.pdf | https://www.europe-martinique.com/wp-content/uploads/2025/10/25-PCE-1229-MAR-73.02-B.pdf | https://www.europe-martinique.com/wp-content/uploads/2025/05/Fiche-dispositif-PSN-FEADER-73.03-A-Investissements-Agro-Alimentaires.pdf | https://www.europe-martinique.com/wp-content/uploads/2025/04/Fiche-dispositif-PSN-FEADER_73.03-B-Investissement-Filiere-bois.pdf | https://www.europe-martinique.com/wp-content/uploads/2026/01/25-PCE-1530-Fiche-dispositif-PSN-FEADER_73.04-A_ASP.pdf | https://www.europe-martinique.com/wp-content/uploads/2026/01/25-PCE-1531-Fiche-dispositif-PSN-FEADER_73.04-B_ASP.pdf | https://www.europe-martinique.com/wp-content/uploads/2025/08/25-PCE-686-fiche-dispositif-PSN-FEADER_73.05.pdf | https://www.europe-martinique.com/wp-content/uploads/2026/01/25-PCE-1532-Fiche-dispositif-PSN-FEADER_73.06_ASP.pdf | https://www.europe-martinique.com/wp-content/uploads/2026/01/25-PCE-1533-Fiche-dispositif-PSN-FEADER_73.08_ASP.pdf | https://www.europe-martinique.com/wp-content/uploads/2025/01/DISPOSITIF-MAR-75.17-A-Modernisation-des-exploitations-JA.pdf | https://www.europe-martinique.com/wp-content/uploads/2025/01/DISPOSITIF-MAR-73.17-B.pdf | https://www.europe-martinique.com/wp-content/uploads/2025/01/DISPOSITIF-MAR-75.01-Jeunes-agriculteurs.pdf | https://www.europe-martinique.com/wp-content/uploads/2025/04/Fiche-dispositif-PSN-FEADER_75.02-dotation-en-capital-demarrage-ou-reprise.pdf | https://www.europe-martinique.com/wp-content/uploads/2025/01/DISPOSITIF-MAR-75.05-Installation-agricole-Nouveaux-Agriculteurs.pdf | https://www.europe-martinique.com/wp-content/uploads/2025/10/25-PCE-1231-MAR-77.02.pdf | https://www.europe-martinique.com/wp-content/uploads/2025/10/25-PCE-1232-MAR-77.03-A.pdf | https://www.europe-martinique.com/wp-content/uploads/2025/10/25-PCE-1233-MAR-77.03-B-sub.pdf | https://www.europe-martinique.com/wp-content/uploads/2025/04/Fiche-dispositif-PSN-FEADER_78.01-A-Conseil-strategique.pdf | https://www.europe-martinique.com/wp-content/uploads/2025/04/Fiche-dispositif-PSN-FEADER_78.01-B-Actions-de-diffusion-et-echanges.pdf | https://www.europe-martinique.com/wp-content/uploads/2025/04/Fiche-dispositif-PSN-FEADER_78.01-C-secteur-agricole-et-sylvicole.pdf | https://www.europe-martinique.com/wp-content/uploads/2026/07/26-PCE-739_FA_FEDER_1.1.1_V2.pdf | https://www.europe-martinique.com/wp-content/uploads/2026/07/26-PCE-740_FA_FEDER_1.1.2_V2.pdf | https://www.europe-martinique.com/wp-content/uploads/2026/07/26-PCE-738_FA_FEDER_1.1.3_V2-1.pdf | https://www.europe-martinique.com/wp-content/uploads/2026/07/26-PCE-598_FA_FEDER_1.2.1_V2.pdf | https://www.europe-martinique.com/wp-content/uploads/2026/07/26-PCE-599_FA_FEDER_1.2.2_V2.pdf | https://www.europe-martinique.com/wp-content/uploads/2026/07/26-PCE-600_FA_FEDER_1.2.3_V2.pdf | https://www.europe-martinique.com/wp-content/uploads/2026/07/26-PCE-601_FA_FEDER_1.2.4_V2.pdf | https://www.europe-martinique.com/wp-content/uploads/2026/06/26-PCE-577-FA-1.3.1-Renforcement-competitivite-entreprises.pdf | https://www.europe-martinique.com/wp-content/uploads/2025/09/25-PCE-1064-Mesure-1.3.2-1.pdf | https://www.europe-martinique.com/wp-content/uploads/2025/10/Fiche-DOMO-1.3.3-Aide-au-Fret-BOKAY.v2.pdf | https://www.europe-martinique.com/wp-content/uploads/2025/07/MESURE-1.3.31-Aide-au-fret-intrants-extrants.pdf | https://www.europe-martinique.com/wp-content/uploads/2025/10/Fiche-DOMO-1.3.3.1.1-Aide-au-Fret-Intrants-Extrants-VRAC.pdf | https://www.europe-martinique.com/wp-content/uploads/2025/10/25-PCE-1222-Mesure-1.3.3.2-Modif-24-PCE-671-Aide-au-Fret-DECHETS-v2.pdf | https://www.europe-martinique.com/wp-content/uploads/2024/10/Mesure-1.5-Haut-debit.pdf | https://www.europe-martinique.com/wp-content/uploads/2024/10/MESURE-2.1.1-a-2.1.3-Efficacite-energetique.pdf | https://www.europe-martinique.com/wp-content/uploads/2024/10/Mesures-2.2.1-a-2.2.3-Energies-renouvelables.pdf | https://www.europe-martinique.com/wp-content/uploads/2024/10/Mesure-2.3Reseaux-et-equipements.pdf | https://www.europe-martinique.com/wp-content/uploads/2024/10/Mesures-2.4.1-a-2.4.3-Adaptation-changement-climatique.pdf | https://www.europe-martinique.com/wp-content/uploads/2024/10/Mesure-2.5.1-a-2.5.3-Gestion-durable-de-leau.pdf | https://www.europe-martinique.com/wp-content/uploads/2024/10/Mesure-2.6.1-a-2.6.4-Gestion-des-dechets_Eco-circulaire.pdf | https://www.europe-martinique.com/wp-content/uploads/2024/10/Mesure-2.7.1-Protection-et-valorisation-nature.pdf | https://www.europe-martinique.com/wp-content/uploads/2024/10/Mesure-2.8.1-a2.8.3-Modernisation-offre-transport.pdf | https://www.europe-martinique.com/wp-content/uploads/2024/10/Mesure-3.2.1-a-3.2.2-Dvpt-mode-transport.pdf | https://www.europe-martinique.com/wp-content/uploads/2026/06/FA_-FEDER_4.2.1_V2.pdf | https://www.europe-martinique.com/wp-content/uploads/2026/06/FA_-FEDER_4.2.2._V2.pdf | https://www.europe-martinique.com/wp-content/uploads/2024/10/Mesure-4.3-structure-daccueil-marginaux.pdf | https://www.europe-martinique.com/wp-content/uploads/2026/07/26-PCE-717_FA_-FEDER_4.5_V2-1.pdf | https://www.europe-martinique.com/wp-content/uploads/2026/07/26-PCE-716_FA_-FEDER_4.6.1_V2.pdf | https://www.europe-martinique.com/wp-content/uploads/2026/07/26-PCE-725_FA_-FEDER_4.6.2_V2.pdf | https://www.europe-martinique.com/wp-content/uploads/2024/10/Mesure-5.1-Zones-urbaines.pdf | https://www.europe-martinique.com/wp-content/uploads/2024/10/Mesure-5.2-Zones-rurales.pdf | https://www.europe-martinique.com/wp-content/uploads/2026/06/26-PCE-561-FICHE-DOMO-3.3-PR012-defense-securite.pdf | https://www.europe-martinique.com/wp-content/uploads/2026/06/26-PCE-562-FA-DOMO-2.11-PR013-logement-abordable.pdf | https://www.europe-martinique.com/wp-content/uploads/2016/05/guide_utilisateur_mademarchefse.pdf | https://www.europe-martinique.com/wp-content/uploads/2017/08/CriteresDeSelection-PO-FSE-ETAT-CSI.pdf | https://www.europe-martinique.com/wp-content/uploads/2017/02/11-FormulaireDemandeAide_FEDER-FSE.pdf | https://www.europe-martinique.com/wp-content/uploads/2017/02/12-NoticeDemandeAide_FEDER-FSE.pdf | https://www.europe-martinique.com/wp-content/uploads/2017/02/13-ModAnnexe1_PlanFinancementDepensesPrevisionnelles.xlsx | https://www.europe-martinique.com/wp-content/uploads/2017/02/14-ModAnnexe2_PlanFinancementRessourcesPrevisionnelles.xlsx | https://www.europe-martinique.com/wp-content/uploads/2017/02/15-ModAnnexe3Indicateurs.xls | https://www.europe-martinique.com/wp-content/uploads/2017/08/criteres_po_2014_2020_feder_fse.pdf | https://www.europe-martinique.com/wp-content/uploads/2017/02/GuideMEMO-CreationCompteUtil.pdf | https://www.europe-martinique.com/wp-content/uploads/2017/02/Guide-utilisateur-d%C3%A9pot-DS-_E-Synergie-PortailMq_v2020.pdf | https://www.europe-martinique.com/wp-content/uploads/2017/02/GuideMEMO-DepotDDP.pdf | https://www.europe-martinique.com/wp-content/uploads/2017/02/Dossier-provisoire-de-demande-de-subvention-21-27-V1.pdf | https://www.europe-martinique.com/wp-content/uploads/2017/02/150330-Dossier-demande-aide-europ%C3%A9enne-FEADER.pdf | https://www.europe-martinique.com/wp-content/uploads/2016/05/criteres_po_2014_2020_feader.pdf | https://www.europe-martinique.com/wp-content/uploads/2017/02/17_02_15_Annexe_Respect_Cde_Pub_V01.pdf | https://www.europe-martinique.com/wp-content/uploads/2017/02/170621-Annexe-Appr%C3%A9ciation-OQDP.pdf | https://www.europe-martinique.com/wp-content/uploads/2017/02/19_02_04_MAR-5-2-1-Demande-aide_V03.pdf | https://www.europe-martinique.com/wp-content/uploads/2017/02/19_02_04_MAR_5-2-1-Notice_V02.pdf | https://www.europe-martinique.com/wp-content/uploads/2017/02/19_02_04_MAR521_DDP_V02.pdf | https://www.europe-martinique.com/wp-content/uploads/2017/02/19_02_04_MAR521_NoticeDDP_V02.pdf | https://www.europe-martinique.com/wp-content/uploads/2017/02/17_05_21_2.-Dossier-de-candidature-AAP-1.2.1V01.pdf | https://www.europe-martinique.com/wp-content/uploads/2017/02/17_05_21_3.-Notice-dinformation-AAP-1.2.1.pdf | https://www.europe-martinique.com/wp-content/uploads/2017/02/17_09_11_MAR_1.2.1-DDP_V01.pdf | https://www.europe-martinique.com/wp-content/uploads/2017/02/17_09_11_MAR_1.2.1-Notice-paiement_V01.pdf | https://www.europe-martinique.com/wp-content/uploads/2017/02/AAP-1.3.1Formulaire.pdf | https://www.europe-martinique.com/wp-content/uploads/2017/02/17_09_26_MAR_1.3.1-Demande-paiement.pdf | https://www.europe-martinique.com/wp-content/uploads/2017/02/17_09_26_MAR_1.3.1-Notice-paiement.pdf | https://www.europe-martinique.com/wp-content/uploads/2017/02/18_06_08_MAR020101-Demande-daide-V1.pdf | https://www.europe-martinique.com/wp-content/uploads/2017/02/18_06_08_MAR020101-Notice-aide_V01.pdf | https://www.europe-martinique.com/wp-content/uploads/2017/02/18_06_08_MAR020101-Demande-paiement_V01.pdf | https://www.europe-martinique.com/wp-content/uploads/2017/02/18_06_08_MAR_020101_Notice-paiement_V01.pdf | https://www.europe-martinique.com/wp-content/uploads/2017/02/MAR030101-Demande-aide_V01.pdf | https://www.europe-martinique.com/wp-content/uploads/2017/02/Formuda_MAR030101_20210802.pdf | https://www.europe-martinique.com/wp-content/uploads/2017/02/MAR030101-Notice-aide_V01.pdf | https://www.europe-martinique.com/wp-content/uploads/2017/02/Noticebenef_MAR030101_20210802.pdf | https://www.europe-martinique.com/wp-content/uploads/2017/02/Formudp_MAR030101_20210802.pdf | https://www.europe-martinique.com/wp-content/uploads/2017/02/MAR-030101-NoticePaiement.pdf | https://www.europe-martinique.com/wp-content/uploads/2017/02/Noticedp_MAR030101_20210802.pdf | https://www.europe-martinique.com/wp-content/uploads/2017/02/Formuda_MAR030201_20210803.pdf | https://www.europe-martinique.com/wp-content/uploads/2017/02/Noticebenef_MAR030201_20210803.pdf | https://www.europe-martinique.com/wp-content/uploads/2017/02/Formudp_MAR030201_20210803.pdf | https://www.europe-martinique.com/wp-content/uploads/2017/02/Noticedp_MAR030201_20210803.pdf | https://www.europe-martinique.com/wp-content/uploads/2017/02/Formuda_MAR040101R_20210809.pdf | https://www.europe-martinique.com/wp-content/uploads/2017/02/411-Noticebenef_MAR040101R_20210809.pdf | https://www.europe-martinique.com/wp-content/uploads/2017/02/Formudp_MAR040101R_20221110.pdf | https://www.europe-martinique.com/wp-content/uploads/2017/02/411-Noticedp_MAR040101_20210809.pdf | https://www.europe-martinique.com/wp-content/uploads/2017/02/Formuda_MAR040201R_20210624.pdf | https://www.europe-martinique.com/wp-content/uploads/2017/02/Noticebenef_MAR040201R_20210624.pdf | https://www.europe-martinique.com/wp-content/uploads/2017/02/Formudp_MAR040201R_20210624.pdf | https://www.europe-martinique.com/wp-content/uploads/2017/02/Noticedp_MAR040201_20210624.pdf | https://www.europe-martinique.com/wp-content/uploads/2017/02/431-Formuda_MAR040301_20211210.pdf | https://www.europe-martinique.com/wp-content/uploads/2017/02/431-Noticebenef_MAR040301_20211210.pdf | https://www.europe-martinique.com/wp-content/uploads/2017/02/431-Formudp_MAR040301_20211210.pdf | https://www.europe-martinique.com/wp-content/uploads/2017/02/431-Noticedp_MAR040301_20211210.pdf | https://www.europe-martinique.com/wp-content/uploads/2017/02/17_05_25_MAR432-Demande-aide_V01.pdf | https://www.europe-martinique.com/wp-content/uploads/2017/02/17_05_25_MAR432-Notice_V01.pdf | https://www.europe-martinique.com/wp-content/uploads/2017/02/18_08_20_MAR432_DDP_V02.pdf | https://www.europe-martinique.com/wp-content/uploads/2017/02/17_06_21_MAR432_NoticeDDP_V01.pdf | https://www.europe-martinique.com/wp-content/uploads/2017/02/Formuda_MAR040401_20220824.pdf | https://www.europe-martinique.com/wp-content/uploads/2017/02/Noticebenef_MAR040401_20220824.pdf | https://www.europe-martinique.com/wp-content/uploads/2017/02/Formudp_MAR040401_20220914.pdf | https://www.europe-martinique.com/wp-content/uploads/2017/02/Noticedp_MAR040401_20220914.pdf | https://www.europe-martinique.com/wp-content/uploads/2017/02/17_11_07_MAR5-1-1-Demande-aide_V02.pdf | https://www.europe-martinique.com/wp-content/uploads/2017/02/17_11_07_MAR_5-1-1-Notice_V02.pdf | https://www.europe-martinique.com/wp-content/uploads/2017/02/17_06_20_MAR511_DP_V01.pdf | https://www.europe-martinique.com/wp-content/uploads/2017/02/17_04_10_MAR511-Notice-paiement_V01.pdf | https://www.europe-martinique.com/wp-content/uploads/2017/02/Formuda_MAR050201R_20211214.pdf | https://www.europe-martinique.com/wp-content/uploads/2017/02/Noticebenef_MAR050201R_20211214.pdf | https://www.europe-martinique.com/wp-content/uploads/2017/02/Formudp_MAR050201R_20211214.pdf | https://www.europe-martinique.com/wp-content/uploads/2017/02/Noticedp_MAR050201_20211214.pdf | https://www.europe-martinique.com/wp-content/uploads/2017/02/MAR_61_FormulaireDemandeAideInstallation.pdf | https://www.europe-martinique.com/wp-content/uploads/2017/02/MAR_61_NoticeDemandeAideInstallation.pdf | https://www.europe-martinique.com/wp-content/uploads/2017/02/17_07_11_MAR060101_Formulaire_Avenant_PE.pdf | https://www.europe-martinique.com/wp-content/uploads/2017/02/17_07_10_PlanEntreprise_060101_-DJA_Mar_V02.pdf | https://www.europe-martinique.com/wp-content/uploads/2017/02/17_07_11_Notice_060101_PlanEntreprise-V02.pdf | https://www.europe-martinique.com/wp-content/uploads/2017/02/MAR_61_DemandePaiementDJA_1er_versement_CPA.pdf | https://www.europe-martinique.com/wp-content/uploads/2017/02/MAR_61_DemandePaiementDJA_2e_versement_CPA.pdf | https://www.europe-martinique.com/wp-content/uploads/2017/02/17_06_12_NoticeDemandePaiement-V02.pdf | https://www.europe-martinique.com/wp-content/uploads/2017/02/Formuda_MAR060201_20210712.pdf | https://www.europe-martinique.com/wp-content/uploads/2017/02/Noticebenef_MAR060201_20210712.pdf | https://www.europe-martinique.com/wp-content/uploads/2017/02/Formudp_MAR060201_20210712.pdf | https://www.europe-martinique.com/wp-content/uploads/2017/02/Noticedp_MAR060201_20210712.pdf | https://www.europe-martinique.com/wp-content/uploads/2017/02/Formuda_MAR060301_20210716.pdf | https://www.europe-martinique.com/wp-content/uploads/2017/02/Noticebenef_MAR060301_20210716.pdf | https://www.europe-martinique.com/wp-content/uploads/2017/02/Formupe_MAR060301_20210716.pdf | https://www.europe-martinique.com/wp-content/uploads/2017/02/Noticepe_MAR060301_20210716.pdf | https://www.europe-martinique.com/wp-content/uploads/2017/02/Formudp_MAR060301_20210716.pdf | https://www.europe-martinique.com/wp-content/uploads/2017/02/Noticedp_MAR060301_20210716.pdf | https://www.europe-martinique.com/wp-content/uploads/2017/02/17_10_16_MAR6-4-1_Demande-aide_V02.pdf | https://www.europe-martinique.com/wp-content/uploads/2017/02/17_10_16_MAR6-4-1-Notice_V01.pdf | https://www.europe-martinique.com/wp-content/uploads/2017/02/17_07_27_6.4.1-Demande-paiement-V01.pdf | https://www.europe-martinique.com/wp-content/uploads/2017/02/17_07_27_6.4.1-Notice-paiement_V01.pdf | https://www.europe-martinique.com/wp-content/uploads/2017/02/MAR_711-Demande-aide_V01.pdf | https://www.europe-martinique.com/wp-content/uploads/2017/02/MAR_711_-Notice_V01.pdf | https://www.europe-martinique.com/wp-content/uploads/2017/02/MAR_711_DemandePaiement_V01.pdf | https://www.europe-martinique.com/wp-content/uploads/2017/02/MAR_711_NoticePaiement_V01.pdf | https://www.europe-martinique.com/wp-content/uploads/2017/02/17_05_26_MAR070301_Demande-aide_V01.pdf | https://www.europe-martinique.com/wp-content/uploads/2017/02/17_05_30_MAR_7-3-1-Notice_V01.pdf | https://www.europe-martinique.com/wp-content/uploads/2017/02/17_08_28_MAR7.3.1-Demande-paiement-V01.pdf | https://www.europe-martinique.com/wp-content/uploads/2017/02/17_08_28_MAR7.3.1-Notice-paiement_V01.pdf | https://www.europe-martinique.com/wp-content/uploads/2017/02/741-Formuda_MAR070401R_20220124.pdf | https://www.europe-martinique.com/wp-content/uploads/2017/02/NoticeB%C3%A9n%C3%A9f_MAR070401_-20220124.pdf | https://www.europe-martinique.com/wp-content/uploads/2017/02/741-Formudp_MAR070401_20220124.pdf | https://www.europe-martinique.com/wp-content/uploads/2017/02/741-Noticedp_MAR070401_20220124.pdf | https://www.europe-martinique.com/wp-content/uploads/2017/02/15_05_17_MAR070501-Demande-aide_V1.pdf | https://www.europe-martinique.com/wp-content/uploads/2017/02/15_05_17_MAR070501-Notice-aide_V01.pdf | https://www.europe-martinique.com/wp-content/uploads/2017/02/17_08_28_MAR070501_DDP_V01.pdf | https://www.europe-martinique.com/wp-content/uploads/2017/02/17_08_28_MAR070501_NoticeDDP_V01-2.pdf | https://www.europe-martinique.com/wp-content/uploads/2017/02/17_05_26_MAR761Demande-aide_V01.pdf | https://www.europe-martinique.com/wp-content/uploads/2017/02/17_05_26_MAR761-Notice_V01.pdf | https://www.europe-martinique.com/wp-content/uploads/2017/02/17_10_04_MAR07.6.1-Demande-paiement-V01.pdf | https://www.europe-martinique.com/wp-content/uploads/2017/02/17_08_28-_-761-Notice-paiement_V01.pdf | https://www.europe-martinique.com/wp-content/uploads/2017/02/MAR_8.2.1_Formulaire-de-demande-de-subvention.pdf | https://www.europe-martinique.com/wp-content/uploads/2017/02/MAR_8.2.1_Notice-%C3%A0-lattention-des-b%C3%A9n%C3%A9ficiares-potentiels.pdf | https://www.europe-martinique.com/wp-content/uploads/2017/02/MAR_8.2.1_Formulaire-de-demande-de-paiement.pdf | https://www.europe-martinique.com/wp-content/uploads/2017/02/MAR_8.2.1_Notice-dinformation-pour-le-remplissage-du-formulaire-de-demande-de-paiement.pdf | https://www.europe-martinique.com/wp-content/uploads/2017/08/MAR_841_17_05_30_DemandeAide_V01.pdf | https://www.europe-martinique.com/wp-content/uploads/2017/08/MAR_841_17_05_30_Notice_V01.pdf | https://www.europe-martinique.com/wp-content/uploads/2017/02/17_12_19_MAR_851-Demande-aide_V03.pdf | https://www.europe-martinique.com/wp-content/uploads/2017/02/17_05_25_MAR_851-Notice_V01.pdf | https://www.europe-martinique.com/wp-content/uploads/2017/02/17_08_29_MAR_8.5.1-Demande-paiement.pdf | https://www.europe-martinique.com/wp-content/uploads/2017/02/17_08_28_MAR_8.5.1-Notice-paiement.pdf | https://www.europe-martinique.com/wp-content/uploads/2017/02/17_12_19_8-6-1-Demande-subventionV03.pdf | https://www.europe-martinique.com/wp-content/uploads/2017/02/Noticebenef_MAR080601_20220502.pdf | https://www.europe-martinique.com/wp-content/uploads/2017/02/17_08_30_MAR_8.6.1-Demande-paiement.pdf | https://www.europe-martinique.com/wp-content/uploads/2017/02/17_07_18_MAR_8.6.1-Notice-paiement.pdf | https://www.europe-martinique.com/wp-content/uploads/2017/02/MAR_8-6-2-Demande-aide_V02.pdf | https://www.europe-martinique.com/wp-content/uploads/2017/02/MAR_8-6-2-Notice_V01.pdf | https://www.europe-martinique.com/wp-content/uploads/2017/02/17_02_24_8.6.2-Demande-paiement-V02.pdf | https://www.europe-martinique.com/wp-content/uploads/2017/02/17_02_24_8.6.2-Notice-paiement_V02.pdf | https://www.europe-martinique.com/wp-content/uploads/2017/02/17_04_25_MAR16.1.1-Demande-paiement-V01.pdf | https://www.europe-martinique.com/wp-content/uploads/2017/02/17_04_25_MAR16.1.1-Notice-paiement_V01.pdf | https://www.europe-martinique.com/wp-content/uploads/2017/02/17_12_21_R%C3%A9ponse-AAP-16.1.2-fiche-n%C2%B01.pdf | https://www.europe-martinique.com/wp-content/uploads/2017/02/17_12_21_R%C3%A9ponse-AAP-16.1.2-fiche-n%C2%B02.pdf | https://www.europe-martinique.com/wp-content/uploads/2017/02/17_07_24_MAR16.1.2-Demande-paiement-V01.pdf | https://www.europe-martinique.com/wp-content/uploads/2017/02/17_04_25_MAR16.1.2-Notice-paiement_V01.pdf | https://www.europe-martinique.com/wp-content/uploads/2017/02/1621-Formuda_MAR160201R_20211216.pdf | https://www.europe-martinique.com/wp-content/uploads/2017/02/1621-Noticebenef_MAR160201R_20211216.pdf | https://www.europe-martinique.com/wp-content/uploads/2017/02/1621-Formudp_MAR160201R_20211216.pdf | https://www.europe-martinique.com/wp-content/uploads/2017/02/1621-Noticedp_MAR160201R_20211216.pdf | https://www.europe-martinique.com/wp-content/uploads/2017/02/1641-Formuda_MAR160401R_20220105.pdf | https://www.europe-martinique.com/wp-content/uploads/2017/02/1641-Noticebenef_MAR160401R_20220105.pdf | https://www.europe-martinique.com/wp-content/uploads/2017/02/1641-Formudp_MAR160401R_20220105.pdf | https://www.europe-martinique.com/wp-content/uploads/2017/02/1641-Noticedp_MAR160401R_20220105.pdf | https://www.europe-martinique.com/wp-content/uploads/2017/02/MAR_1901_17_07_20_FormulaireAide_V2.pdf | https://www.europe-martinique.com/wp-content/uploads/2017/02/MAR_1901_17_07_20_NoticeAide_V02.pdf | https://www.europe-martinique.com/wp-content/uploads/2017/02/MAR_1901_17_07_20_FormulairePaiement_V2.pdf | https://www.europe-martinique.com/wp-content/uploads/2017/02/MAR_1901_17_07_20_NoticePaiement_V02.pdf | https://www.europe-martinique.com/wp-content/uploads/2017/02/17_12_19_19.2_Demande-aide_V02.pdf | https://www.europe-martinique.com/wp-content/uploads/2017/02/17_12_19_MAR192-Notice_V02.pdf | https://www.europe-martinique.com/wp-content/uploads/2017/02/17_11_15_MAR19.2-Demande-paiement-V01.pdf | https://www.europe-martinique.com/wp-content/uploads/2017/02/17_11_15_MAR19.2-Notice-paiement_V01.pdf | https://www.europe-martinique.com/wp-content/uploads/2017/02/17_11_08_MAR_1941-Demande-aide_V02.pdf | https://www.europe-martinique.com/wp-content/uploads/2017/02/17_11_09_MAR190401_Notice-daide_V02.pdf | https://www.europe-martinique.com/wp-content/uploads/2017/02/MAR_1941_17_05_29_FormulairePaiement_V01.pdf | https://www.europe-martinique.com/wp-content/uploads/2017/02/MAR_1941_17_05_29_NoticePaiement_V01.pdf | https://www.europe-martinique.com/wp-content/uploads/2017/02/Annexe_Respect_Cde_Pub_LEADER_V01.pdf | https://www.europe-martinique.com/wp-content/uploads/2017/02/MAR_2011_17_05_25_AT_DemandeAide_V01.pdf | https://www.europe-martinique.com/wp-content/uploads/2017/02/MAR_2011_17_05_25_AT_NoticAide_V01.pdf | https://www.europe-martinique.com/wp-content/uploads/2017/02/MAR_2011_17_06_13_AT_DemandePaiement_V01.pdf | https://www.europe-martinique.com/wp-content/uploads/2017/02/MAR_2011_17_06_13_AT_NoticePaiement_V01.pdf | https://www.europe-martinique.com/wp-content/uploads/2017/08/170621-Annexe-AppreciationOQDP.pdf | https://www.europe-martinique.com/wp-content/uploads/2017/08/17_02_15_Annexe_Respect_Cde_Pub_V01.pdf | https://www.europe-martinique.com/wp-content/uploads/2017/02/Formulaire-demande-aide-FEDER-FSE-1.pdf | https://www.europe-martinique.com/wp-content/uploads/2017/02/Annexe-20-Demande-de-paiement.pdf | https://www.europe-martinique.com/wp-content/uploads/2017/02/Annexe-21-Notice_Demande-de-paiement.pdf | https://www.europe-martinique.com/wp-content/uploads/2017/02/Annexe-20.1-Etat-des-d%C3%A9penses-et-ressources-indicateurs.xls | https://www.europe-martinique.com/wp-content/uploads/2017/02/Annexe-24.1-Etat-des-d%C3%A9penses-et-ressources-indicateurs.xls | https://www.europe-martinique.com/wp-content/uploads/2017/02/16.3-Annexe-3-Indicateurs.xls | https://www.europe-martinique.com/wp-content/uploads/2017/02/AideAuFret_FormulaireDemande_modifi%C3%A9.pdf | https://www.europe-martinique.com/wp-content/uploads/2017/02/Demande-de-paiement.pdf | https://www.europe-martinique.com/wp-content/uploads/2017/02/Demande-de-paiement.doc | https://www.europe-martinique.com/wp-content/uploads/2017/02/Notice_Demande-de-paiement.pdf | https://www.europe-martinique.com/wp-content/uploads/2017/02/Annexe-1-Tableau-r%C3%A9capitulatif-des-d%C3%A9penses-Aide-au-fret-972.xls | https://www.europe-martinique.com/wp-content/uploads/2017/02/Annexe-2-R%C3%A9capitulatif-des-tarifs-moyens-de-fret-972.xls | https://www.europe-martinique.com/wp-content/uploads/2017/02/Annexe-3-Etat-des-d%C3%A9penses-et-ressources-indicateurs.xls | https://www.europe-martinique.com/wp-content/uploads/2017/09/AideAuFret_FichesActions.pdf | https://www.europe-martinique.com/wp-content/uploads/2026/09/20260910_CP-AAP-FEDER-Accompagner-lassistance-et-lautonomie-a-domicile.pdf | https://www.europe-martinique.com/wp-content/uploads/2026/09/CP-AAP-FOS.pdf | https://www.europe-martinique.com/wp-content/uploads/2026/09/17092026_AAP_Inclusion-des-publics-a-potentiel-artistique-par-la-valorisation-des-villes-et-communes.pdf | https://www.europe-martinique.com/wp-content/uploads/2024/10/Mesure-4.1-Ameliorer-acces-a-lemploi.pdf | https://www.europe-martinique.com/wp-content/uploads/2024/10/Mesure-4.51.-Ameliorer-systeme-deducation.pdf | https://www.europe-martinique.com/wp-content/uploads/2025/09/25-PCE-1037-MESURE-4.6.1-VF.pdf | https://www.europe-martinique.com/wp-content/uploads/2024/10/Mesure-4.7.1-Promouvoir-la-formation.pdf | https://www.europe-martinique.com/wp-content/uploads/2024/10/Mesure-4.1.2-Allo-rup-Acces-emploi-par-la-mobilite.pdf | https://www.europe-martinique.com/wp-content/uploads/2024/10/Mesure-4.6.2-Soutenir-la-mobilite.pdf | https://www.europe-martinique.com/wp-content/uploads/2024/10/Mesure-4.7.2-Allo-Rup-Promouvoir-la-formation.pdf | https://www.europe-martinique.com/wp-content/uploads/2024/10/Mesure-4.8.1-inclusion-active.pdf | https://www.europe-martinique.com/wp-content/uploads/2024/10/Mesure-4.8.2-Developpement-local-FSE.pdf | https://www.europe-martinique.com/wp-content/uploads/2024/05/FICHE-DOMO-4.8-3-Inclusion-Active-RUP-FSE-V1-2.pdf | https://www.europe-martinique.com/wp-content/uploads/2024/10/Mesure-4.11.1-Professionnalisation-des-metiers.pdf | https://www.europe-martinique.com/wp-content/uploads/2024/10/Mesure-4.11.2-Amelioration-de-legalite-dacces.pdf | https://www.europe-martinique.com/wp-content/uploads/2024/07/Referentiel-des-indicateurs-du-programme-FSE.pdf | https://www.europe-martinique.com/wp-content/uploads/2022/12/reglement_ue_2021_1057_FsePlus.pdf | https://www.europe-martinique.com/wp-content/uploads/2022/12/Programme-Martinique-FEDER-FSE.pdf | https://www.europe-martinique.com/wp-content/uploads/2024/08/Questionnaire-Participants-FSE.pdf | https://www.europe-martinique.com/wp-content/uploads/2026/06/APPEL-A-PROJETS-NUMERIQUE-VF.pdf | https://ec.europa.eu/info/funding-tenders/opportunities/portal/screen/opportunities/topic-details/horizon-cl4-2027-04-human-02 | https://bestlife2030.org/wp-content/uploads/BL2030_2AAP_Mon_Cap_NC_Conception_Projet-FR-Avec-notes.pptx | https://bestlife2030.org/wp-content/uploads/BL2030_Appel-2025_Mandat_Codemandeur.docx | https://bestlife2030.org/wp-content/uploads/BL2030_Appel-2025_Declaration_honneur_Codemandeur.docx | https://bestlife2030.org/wp-content/uploads/BL2030_Appel-2025_Declaration_honneur_Conflit_interets.docx | https://bestlife2030.org/wp-content/uploads/BL2030_SEA_Info-session_FP_FR_2CfP.pdf | https://bestlife2030.org/wp-content/uploads/BL2030_Financial_Infosession_FP_FR_2CfP-Website.pdf | https://bestlife2030.org/wp-content/uploads/PANORAMA_for_BL2030.pdf | https://bestlife2030.org/wp-content/uploads/BEST_Timetable_FR-2CfP.xlsx | https://bestlife2030.org/wp-content/uploads/IUCN_BestLife2030_Strategie-de-communication_-pour-les-candidats.pdf | https://bestlife2030.org/wp-content/uploads/BESTLIFE2030_Politique_de_soumission_tardive.pdf | https://bestlife2030.org/wp-content/uploads/BESTLIFE2030_Mecanisme_de_reclamation.pdf | https://bestlife2030.org/wp-content/uploads/BL2030_FAQ_FR_V6_Feb25_FINAL.pdf | https://www.europe-martinique.com/wp-content/uploads/2019/06/Programme_2014FR06RDRP002_9_1_fr.pdf | https://www.europe-martinique.com/wp-content/uploads/2019/06/Programme_2014FR06RDRP002_8_0_fr.pdf | https://www.europe-martinique.com/wp-content/uploads/2019/06/Programme_2014FR06RDRP002_7_1_fr-1.pdf | https://www.europe-martinique.com/wp-content/uploads/2019/06/Programme_2014FR06RDRP002_6_1_fr.pdf | https://www.europe-martinique.com/wp-content/uploads/2019/06/Programme_2014FR06RDRP002_5_2_fr.pdf | https://www.europe-martinique.com/wp-content/uploads/2016/05/Programme_2014FR06RDRP002_4_0_fr.pdf | https://www.europe-martinique.com/wp-content/uploads/2016/05/Programme_2014FR06RDRP002_3_1_fr.pdf | https://www.europe-martinique.com/wp-content/uploads/2016/05/ProgrammeDeveloppementRuralMartinique_2014-2020.pdf | https://www.europe-martinique.com/wp-content/uploads/2020/10/Liste-Type-conseil-en-agriculture.pdf | https://www.europe-martinique.com/wp-content/uploads/2024/10/Mesure-4.1-Ameliorer-acces-a-lemploi.pdf | https://www.europe-martinique.com/wp-content/uploads/2024/10/Mesure-4.51.-Ameliorer-systeme-deducation.pdf | https://www.europe-martinique.com/wp-content/uploads/2025/09/25-PCE-1037-MESURE-4.6.1-VF.pdf | https://www.europe-martinique.com/wp-content/uploads/2024/10/Mesure-4.7.1-Promouvoir-la-formation.pdf | https://www.europe-martinique.com/wp-content/uploads/2024/10/Mesure-4.1.2-Allo-rup-Acces-emploi-par-la-mobilite.pdf | https://www.europe-martinique.com/wp-content/uploads/2024/10/Mesure-4.6.2-Soutenir-la-mobilite.pdf | https://www.europe-martinique.com/wp-content/uploads/2024/10/Mesure-4.7.2-Allo-Rup-Promouvoir-la-formation.pdf | https://www.europe-martinique.com/wp-content/uploads/2024/10/Mesure-4.8.1-inclusion-active.pdf | https://www.europe-martinique.com/wp-content/uploads/2017/02/GuideMEMO-CreationCompteUtil.pdf","VERIFIE","94","100"
"aura_france2030_aHR0cHM6Ly93d3cuZGVtYXJjaGVz","Document officiel","AIDE","REGIONAL","Auvergne-Rhône-Alpes","Auvergne-Rhône-Alpes","SUBVENTION","PME","","","","","0","50","2022-06-01","non","https://demarche.numerique.gouv.fr/rails/active_storage/blobs/redirect/eyJfcmFpbHMiOnsiZGF0YSI6MTc1OTgyNjY0LCJleHAiOiIyMDI2LTA5LTI4VDExOjIwOjE0LjE1NVoiLCJwdXIiOiJibG9iX2lkIn19--393a87d375276f124d69831e8fecdc059a768d3a/AAPFormationProfessionnelle_FRANCE2030%20R%C3%A9gionalis%C3%A9_Auvergne%20Rh%C3%B4ne%20Alpes_Cahier%20des%20charges.pdf?disposition=attachment","https://www.demarches-simplifiees.fr/commencer/aap-france-2030-regionalise-auvergne-rhone-alpes/france_connect | https://www.demarches-simplifiees.fr/commencer/aap-france-2030-regionalise-auvergne-rhone-alpes/sign_up | https://www.demarches-simplifiees.fr/commencer/aap-france-2030-regionalise-auvergne-rhone-alpes/sign_in | https://demarche.numerique.gouv.fr/rails/active_storage/blobs/redirect/eyJfcmFpbHMiOnsiZGF0YSI6MTc1OTgyNjY0LCJleHAiOiIyMDI2LTA5LTI4VDExOjIwOjE0LjE1NVoiLCJwdXIiOiJibG9iX2lkIn19--393a87d375276f124d69831e8fecdc059a768d3a/AAPFormationProfessionnelle_FRANCE2030%20R%C3%A9gionalis%C3%A9_Auvergne%20Rh%C3%B4ne%20Alpes_Cahier%20des%20charges.pdf?disposition=attachment | https://demarche.numerique.gouv.fr/rails/active_storage/blobs/redirect/eyJfcmFpbHMiOnsiZGF0YSI6MTc1OTgyNjY0LCJleHAiOiIyMDI2LTA5LTI4VDExOjQxOjU1LjMyNVoiLCJwdXIiOiJibG9iX2lkIn19--d37e67b80f166348a50755dff86e63693785f879/AAPFormationProfessionnelle_FRANCE2030%20R%C3%A9gionalis%C3%A9_Auvergne%20Rh%C3%B4ne%20Alpes_Cahier%20des%20charges.pdf?disposition=attachment","VERIFIE","100","100"
"bretagne_france2030_aHR0cHM6Ly9pbm5vLWF2ZW5pci5i","Document officiel","AIDE","REGIONAL","Bretagne","Bretagne","SUBVENTION | AVANCE_REMBOURSABLE","PME | ETI","150000","250000","","","","","2026-06-30","non","https://inno-avenir.bretagne.bzh/storage/sites/14/2026/01/2025-12-23-CdC_AAP_PIA4_InnoAvenir_filieres-Bretagne-maj-rev-ddsi.pdf","https://inno-avenir.bretagne.bzh/storage/sites/14/2026/01/2025-12-23-CdC_AAP_PIA4_InnoAvenir_filieres-Bretagne-maj-rev-ddsi.pdf | https://inno-avenir.bretagne.bzh/storage/sites/14/2023/03/Dossier_demande_France_2030_Filieres_Bretagne_2022.zip | https://app.bel.bpifrance.fr/subscribe/pia4-atf/company?origin=FR-BRE | https://inno-avenir.bretagne.bzh/storage/sites/14/2026/03/Annexe-3-CdC-AAP-Inno-Avenir-Projets-BRET_rev-BPI.pdf | https://inno-avenir.bretagne.bzh/storage/sites/14/2023/03/Dossier_demande_France_2030_Projets_Innovation_Bretagne_2022.zip | https://app.bel.bpifrance.fr/subscribe/pia4-innovation/company?origin=FR-BRE","VERIFIE","100","100"
"cvl_europe_aHR0cHM6Ly93d3cuZXVyb3Blb2Nl","Document officiel","AIDE","REGIONAL","Centre-Val de Loire","Centre-Val de Loire","SUBVENTION","PME","","","","","","","2026-07-24","non","https://www.europeocentre-valdeloire.eu/wp-content/uploads/2026/06/Trophees_FSE__2026___Reglement_1-3.pdf","https://www.europeocentre-valdeloire.eu/wp-content/uploads/2026/06/Trophees_FSE__2026___Reglement_1-3.pdf","A_REVERIFIER","75","63"
"corse_europa_aHR0cHM6Ly9ldXJvcGEuY29yc2lj","Document officiel","AAP / AMI","REGIONAL","Corse","Corse","SUBVENTION","STARTUP | PME | GE","","","","","7","25","2026-09-30","non","https://europa.corsica/wp-content/uploads/2026/03/AAP_DATA_CORSICA_Cahier_des_charges.pdf","https://europa.corsica/wp-content/uploads/2026/03/AAP_DATA_CORSICA_Cahier_des_charges.pdf | https://europa.corsica/wp-content/uploads/2026/03/AAP_DATA_CORSICA_Dossier_de_precandidature.docx | https://europa.corsica/wp-content/uploads/2026/03/Charte_data_ia_annexe1-1.pdf | https://europa.corsica/wp-content/uploads/2026/03/Guide_bonne_pratique_IA.pdf | https://europa.corsica/wp-content/uploads/2026/06/Strategie-de-specialisation-intelligente-Corse-2021-2027.pdf | https://www.europa.corsica/wp-content/uploads/2023/03/reglement-interieur-comite-de-suivi-2021-2027.pdf | https://www.europa.corsica/obtenir-une-aide-europeenne/cadre-reglementaire/ | https://www.europa.corsica/wp-content/uploads/2025/07/1DS_Guide-Portail-Porteur.pdf | https://www.europa.corsica/wp-content/uploads/2025/02/1DS_Guide-Portail-Porteur_Annexe1_DefinitionCategorieDepensesV2.pdf | https://europa.corsica/wp-content/uploads/2026/07/3DS_Liste-des-pieces.pdf | https://www.europa.corsica/wp-content/uploads/2025/07/4DS_Attestations.zip | https://europa.corsica/wp-content/uploads/2026/07/5DS_Collecte_beneficiaires_effectifs.xlsx","A_REVERIFIER","94","88"
"grand_est_europe_aHR0cHM6Ly9iZWV1cm9wZS5ncmFu","Document officiel","AIDE","REGIONAL","Grand Est","Grand Est","SUBVENTION | AVANCE_REMBOURSABLE","","10000000","","","","","","2026-12-31","non","https://beeurope.grandest.fr/wp-content/uploads/2026/03/etapes.pdf","https://beeurope.grandest.fr/wp-content/uploads/2023/08/appartenance-communes-gal-18062024.xlsx | https://beeurope.grandest.fr/wp-content/uploads/2026/03/etapes.pdf | https://beeurope.grandest.fr/wp-content/uploads/2025/01/kit-com-feder-11-25-2.pdf | https://beeurope.grandest.fr/wp-content/uploads/2025/01/kit-com-fse-11-25-2.pdf | https://beeurope.grandest.fr/wp-content/uploads/2025/01/kit-com-ftj-11-25-2.pdf | https://beeurope.grandest.fr/wp-content/uploads/2025/05/kit-com-feader-11-25-2.pdf | https://beeurope.grandest.fr/wp-content/uploads/2026/01/guide-beneficiaire-fonds-europeens-dec25.pdf | https://beeurope.grandest.fr/wp-content/uploads/2026/01/notice-marches-publics.pdf | https://beeurope.grandest.fr/wp-content/uploads/2026/01/notice-aides-detat.pdf | https://beeurope.grandest.fr/wp-content/uploads/2026/01/notice-prevention-du-conflit-dinteret.pdf | https://beeurope.grandest.fr/foire-aux-questions-faq-sur-les-obligations-de-communication-des-beneficiaires-dune-aide-feder-fse-ftj/","A_REVERIFIER","88","88"
"guadeloupe_europe_aHR0cHM6Ly93d3cuZXVyb3BlLWd1","Document officiel","AAP / AMI","REGIONAL","Guadeloupe","Guadeloupe","SUBVENTION | PRET_TAUX_ZERO","PME | ETI | GE | STARTUP","156750","62306148.58","","","","","","non","https://www.europe-guadeloupe.fr/wp-content/uploads/2024/10/AAP-FEDER-FSE-2021-2027-octobre-2024.pdf","https://www.europe-guadeloupe.fr/wp-content/uploads/2024/10/AAP-FEDER-FSE-2021-2027-octobre-2024.pdf | https://www.europe-guadeloupe.fr/wp-content/uploads/2024/10/AAP-FEAMPA-2021-2027.pdf | https://www.europe-guadeloupe.fr/wp-content/uploads/2023/11/PROGRAMME_FEDER-FSE_V2.1_mars2024.pdf | https://www.europe-guadeloupe.fr/wp-content/uploads/2026/04/DOMO_FEDERFSE_V8.pdf | https://www.europe-guadeloupe.fr/wp-content/uploads/2023/11/SYNTHESE-A4-FEDER-FSE.pdf | https://www.europe-guadeloupe.fr/wp-content/uploads/2024/10/Programme-national-FSE-21-27.pdf | https://www.europe-guadeloupe.fr/wp-content/uploads/2025/10/PROGRAMME-FEDER-FSE-21-27-Sept2025.pdf | https://www.europe-guadeloupe.fr/wp-content/uploads/2024/10/programme-INTERREG-Caraibes-21_27-v1.pdf | https://www.europe-guadeloupe.fr/appels_a_projet/actions-de-lutte-contre-le-decrochage-universitaire-et-orientation-des-eleves-et-etudiants-et-de-leur-famille/ | https://www.europe-guadeloupe.fr/wp-content/uploads/2024/10/Plan-strategique-national-PAC-23-27.pdf | https://www.europe-guadeloupe.fr/wp-content/uploads/2023/11/Plaquette-FEADER-2021-2027.pdf | https://www.europe-guadeloupe.fr/wp-content/uploads/2026/05/PSR_FEADER_V6.pdf | https://www.europe-guadeloupe.fr/wp-content/uploads/2025/11/TUTO-1.pdf | https://www.europe-guadeloupe.fr/wp-content/uploads/2025/11/TUTO-2.pdf | https://www.europe-guadeloupe.fr/wp-content/uploads/2025/11/TUTO-3.pdf | https://www.europe-guadeloupe.fr/wp-content/uploads/2026/01/TUTO-4-Jan26.pdf | https://www.europe-guadeloupe.fr/wp-content/uploads/2025/11/TUTO-5.pdf | https://www.europe-guadeloupe.fr/wp-content/uploads/2025/11/TUTO-6.pdf | https://www.europe-guadeloupe.fr/wp-content/uploads/2025/11/TUTO-7.pdf | https://www.europe-guadeloupe.fr/wp-content/uploads/2025/11/TUTO-8.pdf | https://www.europe-guadeloupe.fr/wp-content/uploads/2025/11/TUTO-9.pdf | https://www.europe-guadeloupe.fr/wp-content/uploads/2024/10/Programme_national_feampa.pdf | https://www.europe-guadeloupe.fr/wp-content/uploads/2025/11/FEAMPA-DOMO-V3.pdf | https://www.europe-guadeloupe.fr/wp-content/uploads/2023/11/Plaquette-FEAMPA-2021-2027.pdf | https://www.europe-guadeloupe.fr/wp-content/uploads/2026/03/Brochure-FEAMPA-21-27.pdf | https://www.europe-guadeloupe.fr/wp-content/uploads/2025/07/FA-3-Cahier-des-charges-AAP_LEADER-NGT.pdf | https://www.europe-guadeloupe.fr/wp-content/uploads/2025/07/FA-3-GAL-NGT.pdf | https://www.europe-guadeloupe.fr/wp-content/uploads/2025/05/Reperages-n%C2%B05-mai-2025-.pdf | https://www.europe-guadeloupe.fr/wp-content/uploads/2025/02/Reperages-n%C2%B04-fevrier-2025.pdf | https://www.europe-guadeloupe.fr/wp-content/uploads/2025/02/2025-Reperages-01-janvier.pdf | https://www.europe-guadeloupe.fr/wp-content/uploads/2024/10/Reperages-janvier-2024.pdf | https://www.oecd.org/content/dam/oecd/fr/publications/reports/2025/09/reussir-avec-l-europe-dans-les-regions-ultraperipheriques-francaises_efcac3bb/b1feff05-fr.pdf | https://www.europe-guadeloupe.fr/wp-content/uploads/2024/07/Prealables-Demande-Subvention.pdf | https://www.europe-guadeloupe.fr/wp-content/uploads/2024/10/Guide-E-Synergie-Depot-demande-de-subvention.pdf | https://www.europe-guadeloupe.fr/wp-content/uploads/2023/11/Presentation-comment-demander-une-aide-feder-ou-fse.pdf | https://www.europe-guadeloupe.fr/wp-content/uploads/2024/10/Guide-des-Options-de-Couts-Simplifies.pdf | https://www.europe-guadeloupe.fr/wp-content/uploads/2025/07/Plan-de-financement_V1P.pdf | https://www.europe-guadeloupe.fr/wp-content/uploads/2025/07/Depense-de-deplacement_V1P.pdf | https://www.europe-guadeloupe.fr/wp-content/uploads/2025/07/Depenses-damortissement_V1P.pdf | https://www.europe-guadeloupe.fr/wp-content/uploads/2025/07/Depenses-de-personnel_V1P.pdf | https://www.europe-guadeloupe.fr/wp-content/uploads/2025/07/Depenses-de-services-externes_V1P.pdf | https://www.europe-guadeloupe.fr/wp-content/uploads/2025/07/Depenses-dequipement_V1P.pdf | https://www.europe-guadeloupe.fr/wp-content/uploads/2024/12/Guadeloupe_Criteres-selection-FEDER-FSE2127_251124.xlsx | https://www.europe-guadeloupe.fr/wp-content/uploads/2026/08/Modele-Import-participants-FSE21-27-a-partir-de-CDM-4.22.0-1.xlsx | https://www.europe-guadeloupe.fr/wp-content/uploads/2026/01/Annexe-Pieces-a-fournir-demande-financement-FEDER-FSE.docx | https://www.europe-guadeloupe.fr/wp-content/uploads/2025/06/Plan-de-financement-FEDER-FSE_-Juin2025.xlsx | https://www.europe-guadeloupe.fr/wp-content/uploads/2026/07/PF-Previsionnel-PORTEUR-VF-2021-a-2023-1.xlsx | https://www.europe-guadeloupe.fr/wp-content/uploads/2025/06/PF-Previsionnel-PORTEUR-VF-ok.xlsx | https://www.europe-guadeloupe.fr/wp-content/uploads/2024/10/Attestation-type-groupage-tc-partiel-ocs-fret.pdf | https://www.europe-guadeloupe.fr/wp-content/uploads/2025/06/Annexe-Attestation-relative-au-respect-du-RGEC-21-a-23_V3.docx | https://www.europe-guadeloupe.fr/wp-content/uploads/2025/06/Annexe-Modele-de-declaration-PME-uniquement-pour-les-entreprises_V2.docx | https://www.europe-guadeloupe.fr/wp-content/uploads/2026/01/TABLEAU_AIDES_PUBLIQUES_PERCUES.docx | https://www.europe-guadeloupe.fr/wp-content/uploads/2026/01/GRILLE_AUTODIAGNOSTIC.docx | https://www.europe-guadeloupe.fr/wp-content/uploads/2026/01/ATTESTATION_TVA.docx | https://www.europe-guadeloupe.fr/wp-content/uploads/2026/01/Annexe-absence-double-financement.docx | https://www.europe-guadeloupe.fr/wp-content/uploads/2026/01/Declaration-dabsence-de-conflit-dinterets-1.docx | https://www.europe-guadeloupe.fr/wp-content/uploads/2025/03/Annexe-de-minimis.docx | https://www.europe-guadeloupe.fr/wp-content/uploads/2026/01/Annexe-infos-porteur.pdf | https://www.europe-guadeloupe.fr/wp-content/uploads/2025/03/Annexe-beneficiaire-effectifs.docx | https://www.europe-guadeloupe.fr/wp-content/uploads/2026/01/1-Mission-de-controle-penalites.pdf | https://www.europe-guadeloupe.fr/wp-content/uploads/2026/01/2-Arborescence.pdf | https://www.europe-guadeloupe.fr/wp-content/uploads/2026/01/3-CHECKLIST-AOO.pdf | https://www.europe-guadeloupe.fr/wp-content/uploads/2026/01/3-CHECKLIST-DIALOGUE-COMPETITIF.pdf | https://www.europe-guadeloupe.fr/wp-content/uploads/2026/01/3-CHECKLIST-MAPA.pdf | https://www.europe-guadeloupe.fr/wp-content/uploads/2026/01/3-CHECKLIST-PROCEDURE-AVEC-NEGOCIATION.pdf | https://www.europe-guadeloupe.fr/wp-content/uploads/2026/04/DOMO_FEDERFSE_V8.pdf | https://www.europe-guadeloupe.fr/wp-content/uploads/2023/11/Presentation-DOMO_2021-2027_Mode_demploi.pdf | https://www.europe-guadeloupe.fr/wp-content/uploads/2026/04/Criteres-selection-FEDER-FSE2127_V4.xlsx | https://www.europe-guadeloupe.fr/wp-content/uploads/2024/10/Guide-des-Options-de-Couts-Simplifies.pdf | https://www.europe-guadeloupe.fr/wp-content/uploads/2023/11/PROGRAMME_FEDER-FSE_V2.1_mars2024.pdf | https://www.europe-guadeloupe.fr/wp-content/uploads/2023/11/SYNTHESE-A4-FEDER-FSE.pdf | https://www.europe-guadeloupe.fr/wp-content/uploads/2024/10/Programme-national-FSE-21-27.pdf | https://www.europe-guadeloupe.fr/wp-content/uploads/2024/10/Programme_national_feampa.pdf | https://www.europe-guadeloupe.fr/wp-content/uploads/2025/11/FEAMPA-DOMO-V3.pdf | https://www.europe-guadeloupe.fr/wp-content/uploads/2023/11/Plaquette-FEAMPA-2021-2027.pdf | https://www.europe-guadeloupe.fr/wp-content/uploads/2026/03/Brochure-FEAMPA-21-27.pdf | https://www.europe-guadeloupe.fr/wp-content/uploads/2025/05/Reperages-n%C2%B05-mai-2025-.pdf | https://www.europe-guadeloupe.fr/wp-content/uploads/2025/02/Reperages-n%C2%B04-fevrier-2025.pdf | https://www.europe-guadeloupe.fr/wp-content/uploads/2025/10/PROGRAMME-FEDER-FSE-21-27-Sept2025.pdf | https://www.europe-guadeloupe.fr/wp-content/uploads/2024/10/programme-INTERREG-Caraibes-21_27-v1.pdf | https://www.europe-guadeloupe.fr/wp-content/uploads/2024/10/Plan-strategique-national-PAC-23-27.pdf | https://www.europe-guadeloupe.fr/wp-content/uploads/2023/11/Plaquette-FEADER-2021-2027.pdf | https://www.europe-guadeloupe.fr/wp-content/uploads/2026/05/PSR_FEADER_V6.pdf | https://www.europe-guadeloupe.fr/wp-content/uploads/2025/11/TUTO-1.pdf | https://www.europe-guadeloupe.fr/wp-content/uploads/2024/10/Plan-strategique-national-PAC-23-27.pdf | https://www.europe-guadeloupe.fr/wp-content/uploads/2023/11/Plaquette-FEADER-2021-2027.pdf | https://www.europe-guadeloupe.fr/wp-content/uploads/2026/05/PSR_FEADER_V6.pdf | https://www.europe-guadeloupe.fr/wp-content/uploads/2025/11/TUTO-1.pdf | https://www.europe-guadeloupe.fr/wp-content/uploads/2025/11/TUTO-2.pdf | https://www.europe-guadeloupe.fr/wp-content/uploads/2025/11/TUTO-3.pdf | https://www.europe-guadeloupe.fr/wp-content/uploads/2026/01/TUTO-4-Jan26.pdf | https://www.europe-guadeloupe.fr/wp-content/uploads/2025/11/TUTO-5.pdf | https://www.europe-guadeloupe.fr/wp-content/uploads/2025/11/TUTO-6.pdf | https://www.europe-guadeloupe.fr/wp-content/uploads/2025/11/TUTO-7.pdf | https://www.europe-guadeloupe.fr/wp-content/uploads/2025/11/TUTO-8.pdf | https://www.europe-guadeloupe.fr/wp-content/uploads/2025/11/TUTO-9.pdf | https://www.europe-guadeloupe.fr/wp-content/uploads/2023/11/PROGRAMME_FEDER-FSE_V2.1_mars2024.pdf | https://www.europe-guadeloupe.fr/wp-content/uploads/2026/04/DOMO_FEDERFSE_V8.pdf | https://www.europe-guadeloupe.fr/wp-content/uploads/2023/11/SYNTHESE-A4-FEDER-FSE.pdf | https://www.europe-guadeloupe.fr/wp-content/uploads/2024/10/Programme-national-FSE-21-27.pdf | https://www.europe-guadeloupe.fr/wp-content/uploads/2024/10/AAP-FEDER-FSE-2021-2027-octobre-2024.pdf | https://www.europe-guadeloupe.fr/wp-content/uploads/2024/10/AAP-FEAMPA-2021-2027.pdf","A_REVERIFIER","81","88"
"mayotte_adim_aHR0cHM6Ly93d3cuYWRpbS1tYXlv","Document officiel","AIDE","REGIONAL","Mayotte","ADIM Mayotte | Mayotte | L'Europe à Mayotte","SUBVENTION | PRET_TAUX_ZERO","PME","","","","","","","2025-09-26","non","https://www.adim-mayotte.fr/uploads//Guide%20mesures%20de%20soutien%20Mayotte.pdf","https://www.adim-mayotte.fr/uploads//Guide%20mesures%20de%20soutien%20Mayotte.pdf | https://demarche.numerique.gouv.fr/rails/active_storage/blobs/redirect/eyJfcmFpbHMiOnsiZGF0YSI6MTI4MzY1ODY0LCJleHAiOiIyMDI2LTA5LTI4VDExOjI3OjAzLjc5MFoiLCJwdXIiOiJibG9iX2lkIn19--6c67400e37545541c3f83f23018095f78e9e18c4/AAP_Formation_Fr2030Reg_Mayotte_vDEF.pdf?disposition=attachment | https://demarche.numerique.gouv.fr/rails/active_storage/blobs/redirect/eyJfcmFpbHMiOnsiZGF0YSI6MTI4MzY1ODY0LCJleHAiOiIyMDI2LTA5LTI4VDExOjQxOjUxLjYwMloiLCJwdXIiOiJibG9iX2lkIn19--2e7569e9d078560bb4a39df540d08d6168fbfe5f/AAP_Formation_Fr2030Reg_Mayotte_vDEF.pdf?disposition=attachment | https://europe-a-mayotte.yt/wp-content/uploads/2023/10/fiches-actions-po-feder-21-27-revu-gip.pdf | https://europe-a-mayotte.yt/je-decouvre-leurope-a-mayotte/publications-reglementaires-programme-operationnel/ | https://europe-a-mayotte.yt/je-decouvre-leurope-a-mayotte/publications-reglementaires-liste-des-beneficiaires/ | https://europe-a-mayotte.yt/je-decouvre-leurope-a-mayotte/publications-reglementaires-comite-de-programmation/ | https://europe-a-mayotte.yt/je-decouvre-leurope-a-mayotte/publications-reglementaires-publications-du-feampa/ | https://europe-a-mayotte.yt/je-decouvre-leurope-a-mayotte/publications-reglementaires-comite-regional-unique-de-suivi/ | https://europe-a-mayotte.yt/wp-content/uploads/2023/10/fiches-actions-po-feder-21-27-revu-gip.pdf","VERIFIE","100","100"
"ae_5975","Documentaire : aide sélective à la préparation","AIDE","NATIONAL","Toutes les Régions","Centre National du Cinéma (CNC)","SUBVENTION","PME","","","","","40","40","2026-10-02","non","https://www.cnc.fr/professionnels/aides-et-financements/audiovisuel/documentaire--aide-selective-a-la-preparation_191736","","A_REVERIFIER","81","19"
"ae_6375","Documentaire : aide sélective à la production","AIDE","NATIONAL","Toutes les Régions","Centre National du Cinéma (CNC)","SUBVENTION","PME | ETI | GE","","","","","40","60","2026-10-02","non","https://www.cnc.fr/professionnels/aides-et-financements/audiovisuel/production/documentaire-aide-selective-a-la-production_191388","","A_REVERIFIER","81","19"
"ae_6863","Documentaire : compte automatique - Aide à la préparation","AIDE","NATIONAL","Toutes les Régions","Centre National du Cinéma (CNC)","SUBVENTION","PME | ETI | GE","","","","","40","60","","non","https://www.cnc.fr/professionnels/aides-et-financements/audiovisuel/aide-a-l-innovation/documentaire--compte-automatique-aide-a-la-preparation_191340","","A_REVERIFIER","75","16"
"ae_6862","Documentaire : compte automatique - Aide à la production","AIDE","NATIONAL","Toutes les Régions","Centre National du Cinéma (CNC)","SUBVENTION","PME | ETI | GE","","","","","","","","non","https://www.cnc.fr/professionnels/aides-et-financements/audiovisuel/production/documentaire--compte-automatique_191348","","A_REVERIFIER","75","16"
"ae_12040","EFICAS : soutien des études d’autoconsommations spéciales","AIDE","REGIONAL","Provence-Alpes-Côte d’Azur","Région Sud Provence-Alpes-Côte d'Azur","SUBVENTION","PME | ETI | GE","","","","","5","70","","non","https://www.maregionsud.fr/vos-aides/detail/plan-solaire-eficas-en-soutien-des-etudes-dautoconsommations-speciales","","A_REVERIFIER","69","16"
"ae_8378","Emergence ESS","AIDE","REGIONAL","Normandie","Région Normandie","SUBVENTION","PME","","","","","","","","non","https://www.normandie.fr/emergence-ess","","A_REVERIFIER","75","16"
"pdl_ods_29","Espace Usagers","AAP / AMI","REGIONAL","Pays de la Loire","Région Pays de la Loire | Pays de la Loire","SUBVENTION | PRET_TAUX_ZERO","","","","","","","","","non","https://les-aides.paysdelaloire.fr/aides/#/prod/connecte/dashboard/accueil","","A_REVERIFIER","38","3"
"ae_12490","ETIK Projets - Projets entrepreneuriaux","AIDE","REGIONAL","Bretagne","Région Bretagne","SUBVENTION","PME","","","","","15","15","","non","https://www.bretagne.bzh/aides/fiches/etik-projets-entrepreneuriaux/","","A_REVERIFIER","75","16"
"aura_aHR0cHM6Ly93d3cuYXV2ZXJnbmVy","Etre conseillé sur notre activité de transformation et de commercialisation","AIDE","REGIONAL","Auvergne-Rhône-Alpes","Région Auvergne-Rhône-Alpes","SUBVENTION","STARTUP | PME | ETI | GE","10000","","","","","","2026-08-31","non","https://www.auvergnerhonealpes.fr/aides/etre-conseille-sur-notre-activite-de-transformation-et-de-commercialisation","https://www.auvergnerhonealpes.fr/media/4009/download?inline | https://www.auvergnerhonealpes.fr/media/10827/download?inline | https://www.auvergnerhonealpes.fr/media/2972/download?inline | https://www.insee.fr/fr/statistiques/fichier/6439600/grille_densite_7_niveaux_2023.xlsx | https://www.auvergnerhonealpes.fr/media/3320/download?inline | https://www.insee.fr/fr/statistiques/fichier/6439600/grille_densite_7_niveaux_2023.xlsx","A_REVERIFIER","63","38"
"tee_dg_21","Étude ""Alimentation durable""","AIDE","NATIONAL","Toutes les Régions","Transition écologique des entreprises — catalogue ouvert","SUBVENTION","","","","","","","","","non","https://mission-transition-ecologique.beta.gouv.fr/aides-entreprise/etude-alimentation-durable?utm_campaign=openData","","A_REVERIFIER","38","3"
"tee_dg_39","Étude ""projet de recherche""","AIDE","NATIONAL","Toutes les Régions","Transition écologique des entreprises — catalogue ouvert","SUBVENTION","","","","","","","","","non","https://mission-transition-ecologique.beta.gouv.fr/aides-entreprise/etude-projet-de-recherche?utm_campaign=openData","","A_REVERIFIER","38","3"
"ae_10972","Etude de faisabilité pour des projets de solaire thermique","AIDE","REGIONAL","Provence-Alpes-Côte d’Azur","Région Sud Provence-Alpes-Côte d'Azur","SUBVENTION","PME | ETI | GE","","","","","50","70","","non","https://www.maregionsud.fr/vos-aides/detail/etude-de-faisabilite-pour-des-projets-de-solaire-thermique-eau-chaude-sanitaire-chaleur","","A_REVERIFIER","69","16"
"ae_11665","Études et travaux de dépollution d'une friche - Fonds vert","AIDE","NATIONAL","Toutes les Régions","ADEME","SUBVENTION","PME | ETI | GE","","","","","80","100","2026-12-31","non","https://agirpourlatransition.ademe.fr/entreprises/aides-financieres/2024/etudes-travaux-depollution-dune-friche-fonds-vert","","A_REVERIFIER","75","19"
"paca_aHR0cHM6Ly9ldXJvcGUubWFyZWdp","Europe en Région Sud","AIDE","REGIONAL","Provence-Alpes-Côte d'Azur","Région Sud","SUBVENTION","","","","","","","","","non","https://europe.maregionsud.fr/","https://europe.maregionsud.fr/projets-realises-1/detail/contes-revitaliser-le-centre-ville-en-soutien-de-la-dynamique-economique-locale-1","A_REVERIFIER","38","9"
"ae_12726","Exonération fiscale sur le carburant destiné à l’avitaillement de certains navires et VNM (Véhicule Nautique à Moteur)","AIDE","REGIONAL","Guadeloupe","Région Guadeloupe","SUBVENTION","PME | ETI | GE","","","","","100","100","","non","https://aides.regionguadeloupe.fr/Exoneration-fiscale-sur-le-carburant-destine-a-l-avitaillement-de-certains","","A_REVERIFIER","75","16"
"ae_10883","Expérimentation de l'élargissement des formes d'insertion par l'activité économique au travail indépendant","AIDE","NATIONAL","Toutes les Régions","Ministère du Travail et des Solidarités","SUBVENTION","PME","","","","","","","2026-12-22","non","https://www.legifrance.gouv.fr/jorf/id/JORFTEXT000050871558","","A_REVERIFIER","75","19"
"ae_12173","Expérimentations de désamiantage de toitures en cas de solarisation","AIDE","REGIONAL","Bretagne","Région Bretagne","SUBVENTION","PME | ETI | GE","","","","","50","50","2026-12-31","non","https://www.bretagne.bzh/aides/fiches/soutien-aux-experimentations-de-desamiantage-de-toitures-en-cas-de-solarisation-pnr/","","A_REVERIFIER","75","19"
"tee_dg_176","FASEP","AIDE","NATIONAL","Toutes les Régions","Transition écologique des entreprises — catalogue ouvert","SUBVENTION | AVANCE_REMBOURSABLE","","","","","","","","","non","https://mission-transition-ecologique.beta.gouv.fr/aides-entreprise/fasep?utm_campaign=openData","","A_REVERIFIER","31","3"
"ae_10115","FASEP - Fonds d'études et d'aide au secteur privé","AIDE","NATIONAL","Toutes les Régions","Ministère de l’Economie, des Finances et de la Souveraineté Industrielle, Energétique et Numérique","SUBVENTION | AVANCE_REMBOURSABLE","PME","","","800000","800000","","","","non","https://www.tresor.economie.gouv.fr/services-aux-entreprises/le-fasep","","A_REVERIFIER","69","16"
"ae_12517","FEADER - Aide à l'investissement des scieries","AIDE","REGIONAL","Auvergne-Rhône-Alpes","Région Auvergne-Rhône-Alpes | Union Européenne-FEADER","SUBVENTION","PME","","","","","10","50","","non","https://www.auvergnerhonealpes.fr/aides/investir-dans-ma-scierie-feader-dispositif-404","","A_REVERIFIER","75","16"
"ae_10998","FEADER - Aide aux investissements dans les entreprises agroalimentaires","AIDE","REGIONAL","Auvergne-Rhône-Alpes","Région Auvergne-Rhône-Alpes | Union européenne","SUBVENTION","PME","","","","","35","35","","non","https://www.auvergnerhonealpes.fr/aides/investir-dans-mon-entreprise-agroalimentaire-feader","","A_REVERIFIER","75","16"
"ae_12519","FEADER - Aide aux investissements des industries du bois","AIDE","REGIONAL","Normandie","Région Normandie | Union Européenne-FEADER","SUBVENTION","PME","","","","","12","30","2027-12-31","non","https://www.normandie.fr/normandie-entreprises-investissements-volet-industries-du-bois","","A_REVERIFIER","75","19"
"idf_ods_215","FEADER - Investissements agricoles - Adaptation au changement climatique et Transition AAP 2026","AAP / AMI","REGIONAL","Île-de-France","Région Île-de-France","SUBVENTION","","","","","","","","","non","https://www.iledefrance.fr/aides-et-appels-a-projets/832","","A_REVERIFIER","44","3"
"idf_ods_314","FEADER - Soutien aux investissements agricoles - Diversification AAP 2026","AAP / AMI","REGIONAL","Île-de-France","Région Île-de-France","SUBVENTION","","","","","","","","","non","https://www.iledefrance.fr/aides-et-appels-a-projets/830","","A_REVERIFIER","44","3"
"idf_ods_122","FEADER - Soutien aux investissements agricoles - Modernisation des exploitations AAP 2026","AAP / AMI","REGIONAL","Île-de-France","Région Île-de-France","SUBVENTION","","","","","","","","","non","https://www.iledefrance.fr/aides-et-appels-a-projets/831","","A_REVERIFIER","44","3"
"ae_11400","FEDER - ""Accompagner des projets innovants d’entreprises et de créateurs""","AIDE","REGIONAL","Occitanie","Région Occitanie | Union Européenne-FEDER","SUBVENTION","PME | STARTUP","","","","","60","80","","non","https://www.europe-en-occitanie.eu/Accompagner-des-projets-innovants-d-entreprises-et-de-createurs","https://www.europe-en-occitanie.eu/IMG/pdf/e/e/7/fa_os1_1_2_innovation_entreprise.pdf","A_REVERIFIER","81","16"
"ae_12533","FEDER - ""Contribuer au développement des usages tant sur le plan de l’émergence de services et contenus innovants que sur celui de leur appropriation par les usagers""","AIDE","REGIONAL","Occitanie","Région Occitanie | Union Européenne-FEDER","SUBVENTION","PME","","","","","60","80","2027-12-31","non","https://www.europe-en-occitanie.eu/Contribuer-au-developpement-des-usages-tant-sur-le-plan-de-l-emergence-de-services","https://www.europe-en-occitanie.eu/Contribuer-au-developpement-des-usages-tant-sur-le-plan-de-l-emergence-de-services","A_REVERIFIER","88","19"
"ae_11405","FEDER - ""Investir dans les équipements et installations de production d’énergies à partir de sources renouvelables""","AIDE","REGIONAL","Occitanie","Région Occitanie | Union Européenne-FEDER","SUBVENTION","PME","","","","","20","80","","non","https://www.europe-en-occitanie.eu/Investir-dans-les-equipements-et-installations-de-production-d-energies-a-partir-de","https://www.europe-en-occitanie.eu/IMG/pdf/4/3/f/fa_os2ii_action_1_invt_enr.pdf","A_REVERIFIER","81","16"
"ae_11404","FEDER - ""Investir dans les installations et équipements en faveur de la production, distribution, du stockage et de l’usage de l’hydrogène renouvelable""","AIDE","REGIONAL","Occitanie","Région Occitanie | Union Européenne-FEDER","SUBVENTION","PME","","","","","50","80","","non","https://www.europe-en-occitanie.eu/Investir-dans-les-installations-et-equipements-en-faveur-de-la-production","https://www.europe-en-occitanie.eu/IMG/pdf/6/e/6/fa_os2iii_action_1_hydrogene.pdf","A_REVERIFIER","81","16"
"ae_11401","FEDER - ""Mieux trier et recycler les déchets""","AIDE","REGIONAL","Occitanie","Région Occitanie | Union Européenne-FEDER","SUBVENTION","PME","","","","","20","80","","non","https://www.europe-en-occitanie.eu/Mieux-trier-et-recycler-les-dechets","https://www.europe-en-occitanie.eu/IMG/pdf/6/d/1/fa_os2vi_action_2_tri_dechets_et_economie_circulaire.pdf","A_REVERIFIER","81","16"
"ae_12534","FEDER - ""Soutenir la Production, l’acquisition, le stockage, l’agrégation, l’ouverture, le partage et les traitements de la donnée""","AIDE","REGIONAL","Occitanie","Région Occitanie | Union Européenne-FEDER","SUBVENTION","PME","","","","","60","80","2027-12-31","non","https://www.europe-en-occitanie.eu/Soutenir-la-Production-l-acquisition-le-stockage-l-agregation-l-ouverture-le-partage","","A_REVERIFIER","81","19"
"ae_11398","FEDER - ""Soutenir les entreprises en vue de leur développement, leur expansion et de l'accès à des nouveaux marchés""","AIDE","REGIONAL","Occitanie","Région Occitanie | Union Européenne-FEDER","SUBVENTION","PME","","","","","60","80","","non","https://www.europe-en-occitanie.eu/Soutenir-les-entreprises-en-vue-de-leur-developpement-leur-expansion-et-de-l-acces-a","https://www.europe-en-occitanie.eu/IMG/pdf/8/0/5/fa_os1.3_3_investissement_entreprises.pdf","A_REVERIFIER","81","16"
"ae_11399","FEDER - ""Soutenir les investissements dans les entreprises du tourisme pour accompagner les transformations, l’innovation""","AIDE","REGIONAL","Occitanie","Région Occitanie | Union Européenne-FEDER","SUBVENTION","PME","","","","","60","80","","non","https://www.europe-en-occitanie.eu/Soutenir-les-investissements-dans-les-entreprises-du-Tourisme-pour-accompagner-les","https://www.europe-en-occitanie.eu/IMG/pdf/d/3/e/fa_os1_3_1_entreprises_du_tourisme.pdf","A_REVERIFIER","81","16"
"ae_11402","FEDER - ""Soutenir les projets de transition vers l’économie circulaire et de prévention des déchets""","AIDE","REGIONAL","Occitanie","Région Occitanie | Union Européenne-FEDER","SUBVENTION","PME","","","","","20","80","","non","https://www.europe-en-occitanie.eu/Soutenir-les-projets-de-transition-vers-l-economie-circulaire-et-de-prevention-des","https://www.europe-en-occitanie.eu/IMG/pdf/9/b/9/fa_os2vi_action_1_2conomie_circulaire_dechets.pdf","A_REVERIFIER","81","16"
"ae_12744","FEDER - Aide à l'investissement matériel dans l'économie circulaire","AIDE","REGIONAL","La Réunion","Région Réunion | Union Européenne-FEDER","SUBVENTION","PME | ETI | GE","","","","","","","2027-12-31","non","https://regionreunion.com/IMG/pdf/v3_fa_1.3.17_investissement_economie_circulaire.pdf","https://regionreunion.com/IMG/pdf/v3_fa_1.3.17_investissement_economie_circulaire.pdf","A_REVERIFIER","81","19"
"ae_10293","FEDER - Aide à la compensation des coûts de transport","AIDE","REGIONAL","La Réunion","Région Réunion | Union Européenne-FEDER","SUBVENTION","PME | ETI | GE","","","","","100","100","2027-12-31","non","https://regionreunion.com/IMG/pdf/v2-_fa_1.3.21_soutien_a_la_compensation_des_surcou_ts_de_transport.pdf","https://regionreunion.com/IMG/pdf/v2-_fa_1.3.21_soutien_a_la_compensation_des_surcou_ts_de_transport.pdf","A_REVERIFIER","81","19"
"ae_12733","FEDER - Aide à la compétitivité des entreprises","AIDE","REGIONAL","Guadeloupe","Région Guadeloupe | Union Européenne-FEDER","SUBVENTION","PME","","","","","45","55","2027-12-31","non","https://www.europe-guadeloupe.fr/financement/feder-fse-region-guadeloupe_competitivite-entreprise/","","A_REVERIFIER","75","19"
"ae_11758","FEDER - Aide à la création d’hôtels de grande capacité, d’hôtels de charme et de nouveaux concepts d’hébergements","AIDE","REGIONAL","La Réunion","Région Réunion | Union Européenne-FEDER","SUBVENTION","PME | ETI | GE","","","300000","300000","","","2027-12-31","non","https://regionreunion.com/IMG/zip/v5_fa_1.3.9_subvention_investissement_materiel-_creation_d_hotel_de_grande_capacite.zip","","A_REVERIFIER","75","19"
"ae_12722","FEDER - Aide à la recherche et à l'innovation","AIDE","REGIONAL","Guadeloupe","Région Guadeloupe | Union Européenne-FEDER","SUBVENTION","PME | ETI | GE","","","","","65","85","2027-12-31","non","https://www.europe-guadeloupe.fr/financement/feder-fse-region-guadeloupe_recherche_innovation/","","A_REVERIFIER","75","19"
"ae_11756","FEDER - Aide à la requalification significative, l'extension et la montée en gamme des hébergements touristiques","AIDE","REGIONAL","La Réunion","Région Réunion | Union Européenne-FEDER","SUBVENTION","PME | ETI | GE","","","300000","300000","","","2027-12-31","non","https://regionreunion.com/IMG/pdf/v4_fa_1.3.7_requalification_extension_hebgts_touristiques.pdf","https://regionreunion.com/IMG/pdf/v4_fa_1.3.7_requalification_extension_hebgts_touristiques.pdf","A_REVERIFIER","81","19"
"ae_5369","FEDER - Aide au développement de structures hôtelières et de produits de loisir et d’animation","AIDE","REGIONAL","Guadeloupe","Région Guadeloupe | Union Européenne-FEDER","SUBVENTION","PME | ETI | GE","","","","","50","70","2027-12-31","non","https://www.europe-guadeloupe.fr/financement/feder-fse-region-guadeloupe_tourisme/","","A_REVERIFIER","81","19"
"ae_12721","FEDER - Aide au fret","AIDE","REGIONAL","Guadeloupe","Région Guadeloupe | Union Européenne-FEDER","SUBVENTION","PME","","","","","50","75","2027-12-31","non","https://www.europe-guadeloupe.fr/financement/feder-fse-region-guadeloupe_aide-au-fret/","","A_REVERIFIER","75","19"
"ae_12723","FEDER - Aide au numérique","AIDE","REGIONAL","Guadeloupe","Région Guadeloupe | Union Européenne-FEDER","SUBVENTION","PME | ETI | GE","","","","","70","85","2027-12-31","non","https://www.europe-guadeloupe.fr/financement/feder-fse-region-guadeloupe_numerique/","","A_REVERIFIER","75","19"
"ae_12707","FEDER - Aide aux investissements productifs dans les PME","AIDE","REGIONAL","Provence-Alpes-Côte d’Azur","Région Sud Provence-Alpes-Côte d'Azur | Union Européenne-FEDER","SUBVENTION","PME","","","","","20","35","2029-12-31","non","https://www.maregionsud.fr/vos-aides/detail/investissements-productifs-dans-les-petites-et-moyennes-entreprises-pme","","A_REVERIFIER","81","19"
"ae_11754","FEDER - Aide aux recours aux compétences immatérielles","AIDE","REGIONAL","La Réunion","Région Réunion | Union Européenne-FEDER","SUBVENTION","PME | ETI | GE","","","300000","300000","","","2027-12-31","non","https://regionreunion.com/IMG/pdf/v4_fa_1.3.4_recours_aux_competences_immaterielles.pdf","https://regionreunion.com/IMG/pdf/v4_fa_1.3.4_recours_aux_competences_immaterielles.pdf","A_REVERIFIER","81","19"
"ae_12728","FEDER - Economie circulaire","AIDE","REGIONAL","Guadeloupe","Région Guadeloupe | Union Européenne-FEDER","SUBVENTION","PME | ETI | GE","","","","","75","85","2027-12-31","non","https://www.europe-guadeloupe.fr/financement/feder-fse-region-guadeloupe_economie-circulaire/","","A_REVERIFIER","75","19"
"ae_12731","FEDER - Energies renouvelables","AIDE","REGIONAL","Guadeloupe","Région Guadeloupe | Union Européenne-FEDER","SUBVENTION","PME | ETI | GE","","","","","80","80","2027-12-31","non","https://www.europe-guadeloupe.fr/financement/feder-fse-region-guadeloupe_energies-renouvelables/","","A_REVERIFIER","75","19"
"ae_12748","FEDER - Energies renouvelables (études)","AIDE","REGIONAL","La Réunion","Région Réunion | Union Européenne-FEDER","SUBVENTION","PME | ETI | GE","","","","","","","2027-12-31","non","https://regionreunion.com/IMG/pdf/v4-_fa_2.2.5_energies_renouvelables_etudes.pdf","https://regionreunion.com/IMG/pdf/v4-_fa_2.2.5_energies_renouvelables_etudes.pdf","A_REVERIFIER","81","19"
"ae_12745","FEDER - Infrastructures de recharge de véhicules électriques par production solaire","AIDE","REGIONAL","La Réunion","Région Réunion | Union Européenne-FEDER","SUBVENTION","PME | ETI | GE","","","","","","","2027-12-31","non","https://regionreunion.com/IMG/pdf/v5_fa_2.2.2_infra_recharge_vehicules_electriques.pdf","https://regionreunion.com/IMG/pdf/v5_fa_2.2.2_infra_recharge_vehicules_electriques.pdf","A_REVERIFIER","81","19"
"ae_12746","FEDER - Installations photovoltaïques en autoconsommation tertiaires (y compris bâtiments publics) et industrielles","AIDE","REGIONAL","La Réunion","Région Réunion | Union Européenne-FEDER","SUBVENTION","PME | ETI | GE","","","","","","","2027-12-31","non","https://regionreunion.com/IMG/pdf/v4_fa_2.2.3_photovoltaique_autoconsommation_tertiaire.pdf","https://regionreunion.com/IMG/pdf/v4_fa_2.2.3_photovoltaique_autoconsommation_tertiaire.pdf","A_REVERIFIER","81","19"
"ae_10931","FEDER - Méthanisation","AIDE","REGIONAL","Bourgogne-Franche-Comté","Région Bourgogne-Franche-Comté | Union Européenne-FEDER","SUBVENTION","PME","","","","","50","50","","non","https://www.europe-bfc.eu/nos-aides/methanisation","","A_REVERIFIER","75","16"
"ae_12750","FEDER - Projets de recherche collaboratifs","AIDE","REGIONAL","La Réunion","Région Réunion | Union Européenne-FEDER","SUBVENTION","PME | ETI | GE","","","","","","","2027-12-31","non","https://regionreunion.com/IMG/pdf/v2_fa_1.1.12_projets_de_recherche_collaboratifs.pdf","https://regionreunion.com/IMG/pdf/v2_fa_1.1.12_projets_de_recherche_collaboratifs.pdf","A_REVERIFIER","81","19"
"ae_12747","FEDER - Projets de valorisation énergétique de la biomasse et déchets organiques selon différentes voies","AIDE","REGIONAL","La Réunion","Région Réunion | Union Européenne-FEDER","SUBVENTION","PME | ETI | GE","","","","","","","2027-12-31","non","https://regionreunion.com/IMG/pdf/v4_fa_2.2.4_valorisation_energetique_de_la_biomasse_et_dechets_organiques.pdf","https://regionreunion.com/IMG/pdf/v4_fa_2.2.4_valorisation_energetique_de_la_biomasse_et_dechets_organiques.pdf","A_REVERIFIER","81","19"
"ae_11752","FEDER - Soutien à l’investissement des entreprises du secteur productif","AIDE","REGIONAL","La Réunion","Région Réunion | Union Européenne-FEDER","SUBVENTION","PME | ETI | GE","","","300000","300000","","","2027-12-31","non","https://regionreunion.com/IMG/pdf/v4_fa_1.3.2_investissement_entp_productif.pdf","https://regionreunion.com/IMG/pdf/v4_fa_1.3.2_investissement_entp_productif.pdf","A_REVERIFIER","81","19"
"ae_11751","FEDER - Soutien à l’investissement matériel des entreprises du secteur numérique","AIDE","REGIONAL","La Réunion","Région Réunion | Union Européenne-FEDER","SUBVENTION","PME","","","300000","300000","","","2027-12-31","non","https://regionreunion.com/IMG/pdf/v4_fa_1.3.1_investissement_materiel_entp_numerique.pdf","https://regionreunion.com/IMG/pdf/v4_fa_1.3.1_investissement_materiel_entp_numerique.pdf","A_REVERIFIER","81","19"
"ae_11755","FEDER - Soutien à la création d'hébergements touristiques","AIDE","REGIONAL","La Réunion","Région Réunion | Union Européenne-FEDER","SUBVENTION","PME | ETI | GE","","","300000","300000","","","2027-12-31","non","https://regionreunion.com/IMG/pdf/v4_fa_1.3.5_creation_hebergements_touristiques.pdf","https://regionreunion.com/IMG/pdf/v4_fa_1.3.5_creation_hebergements_touristiques.pdf","A_REVERIFIER","81","19"
"ae_12742","FEDER - Soutien à la digitalisation des PME","AIDE","REGIONAL","La Réunion","Région Réunion | Union Européenne-FEDER","SUBVENTION","PME","","","","","","","2027-12-31","non","https://regionreunion.com/IMG/pdf/v3_fa_1.2.4_soutien_a_la_digitalisation_des_pme.pdf","https://regionreunion.com/IMG/pdf/v3_fa_1.2.4_soutien_a_la_digitalisation_des_pme.pdf","A_REVERIFIER","81","19"
"ae_11753","FEDER - Soutien au développement des activités en zone des Hauts","AIDE","REGIONAL","La Réunion","Région Réunion | Union Européenne-FEDER","SUBVENTION","PME","","","300000","300000","","","2027-12-31","non","https://regionreunion.com/IMG/pdf/v4_fa_1.3.3_oparcas.pdf","https://regionreunion.com/IMG/pdf/v4_fa_1.3.3_oparcas.pdf","A_REVERIFIER","81","19"
"ae_11757","FEDER - Soutien aux investissements des petites structures touristiques","AIDE","REGIONAL","La Réunion","Région Réunion | Union Européenne-FEDER","SUBVENTION","PME","","","300000","300000","","","2027-12-31","non","https://regionreunion.com/IMG/pdf/v4_fa_1.3.8_investissements_petites_structures_touristiques.pdf","https://regionreunion.com/IMG/pdf/v4_fa_1.3.8_investissements_petites_structures_touristiques.pdf","A_REVERIFIER","81","19"
"ae_11611","FEDER - Soutien aux projets d’économie circulaire structurants","AIDE","REGIONAL","Normandie","Région Normandie | Union Européenne-FEDER","SUBVENTION","PME","","","","","","","","non","https://www.normandie.fr/soutien-aux-projets-deconomie-circulaire-structurants","","A_REVERIFIER","69","16"
"ae_11483","FEDER - Tourisme durable, patrimoine et culture - zones rurales","AIDE","REGIONAL","Bourgogne-Franche-Comté","Région Bourgogne-Franche-Comté | Union Européenne-FEDER","SUBVENTION","PME | ETI | GE","","","","","60","60","","non","https://www.bourgognefranchecomte.fr/node/3447","","A_REVERIFIER","69","16"
"ae_11484","FEDER - Tourisme durable, patrimoine et culture - zones urbaines","AIDE","REGIONAL","Bourgogne-Franche-Comté","Région Bourgogne-Franche-Comté | Union Européenne-FEDER","SUBVENTION","PME | ETI | GE","","","","","60","60","","non","https://www.bourgognefranchecomte.fr/node/3448","","A_REVERIFIER","69","16"
"ae_11385","FEDER : ""Favoriser le développement d’un tourisme responsable valorisant les atouts du territoire normand""","AIDE","REGIONAL","Normandie","Région Normandie | Union Européenne-FEDER","SUBVENTION","PME | ETI | GE","","","","","50","50","","non","https://www.normandie.fr/favoriser-le-developpement-dun-tourisme-responsable-valorisant-les-atouts-du-territoire-normand","","A_REVERIFIER","69","16"
"martinique_feder_aHR0cHM6Ly93d3cuZXVyb3BlLW1h","FEDER 2014 – 2020","AIDE","REGIONAL","Martinique","Martinique","SUBVENTION","PME","","","","","","","2019-04-30","non","https://www.europe-martinique.com/fonds-europeens-de-developpement-regional/","https://www-dev.europe-martinique.com/wp-content/uploads/2016/05/Programme_2014FR16M0OP011_9_0_fr.pdf | https://www-dev.europe-martinique.com/wp-content/uploads/2016/05/Programme_2014FR16M0OP011_8_0_fr.pdf | https://www-dev.europe-martinique.com/wp-content/uploads/2016/05/Programme_2014FR16M0OP011_7_1_fr.pdf | https://www-dev.europe-martinique.com/wp-content/uploads/2016/05/Programme_2014FR16M0OP011_6_1_fr.pdf | https://www-dev.europe-martinique.com/wp-content/uploads/2016/05/Programme_2014FR16M0OP011_5_0_fr-4.pdf | https://www-dev.europe-martinique.com/wp-content/uploads/2016/05/Programme_2014FR16M0OP011_4_3_fr.pdf | https://www-dev.europe-martinique.com/wp-content/uploads/2016/05/DOMO-FEDER-FSE-2014-2020-en-vigueur-au-24-11-2020.pdf | https://www-dev.europe-martinique.com/wp-content/uploads/2017/08/DOMO_feder_fse.pdf | https://www-dev.europe-martinique.com/wp-content/uploads/2016/05/Fiche-DOMO-axe-1-V2-240619.pdf | https://www-dev.europe-martinique.com/wp-content/uploads/2016/05/Fiche-DOMO-1-1-r%C3%A9vis%C3%A9e_V1.pdf | https://www-dev.europe-martinique.com/wp-content/uploads/2016/05/Fiche-DOMO-2-2-V2-du-050819.pdf | https://www-dev.europe-martinique.com/wp-content/uploads/2016/05/Fiche-DOMO-2-2-V1.pdf | https://www-dev.europe-martinique.com/wp-content/uploads/2016/05/Fiche-DOMO-3-1-V1.pdf | https://www-dev.europe-martinique.com/wp-content/uploads/2016/05/Fiche-DOMO-321-V1.pdf | https://www-dev.europe-martinique.com/wp-content/uploads/2016/05/Fiche-DOMO-521.pdf | https://www-dev.europe-martinique.com/wp-content/uploads/2016/05/Fiche-DOMO-522.pdf | https://www-dev.europe-martinique.com/wp-content/uploads/2016/05/Fiche-DOMO-5-2-1-V1.pdf | https://www-dev.europe-martinique.com/wp-content/uploads/2016/05/Fiche-DOMO-5-2-2-V1.pdf | https://www-dev.europe-martinique.com/wp-content/uploads/2016/05/Fiche-DOMO-5-3-V1.pdf | https://www-dev.europe-martinique.com/wp-content/uploads/2016/05/Fiche-DOMO-5-5.pdf | https://www-dev.europe-martinique.com/wp-content/uploads/2016/05/Fiche-DOMO-6-1-1-V1-07-12-2017.pdf | https://www-dev.europe-martinique.com/wp-content/uploads/2016/05/Fiche-DOMO-6-1-2-V1-07-12-2017.pdf | https://www-dev.europe-martinique.com/wp-content/uploads/2016/05/DOMO-641-REVISEE-19-PCE-675.pdf | https://www-dev.europe-martinique.com/wp-content/uploads/2016/05/fiche-DOMO-8.2-V2-mis-%C3%A0-jour-2702.pdf | https://www-dev.europe-martinique.com/wp-content/uploads/2016/05/fiche-DOMO-9.2-V1.pdf | https://www.europe-martinique.com/wp-content/uploads/2019/06/Programme_2014FR06RDRP002_9_1_fr.pdf | https://www.europe-martinique.com/wp-content/uploads/2019/06/Programme_2014FR06RDRP002_8_0_fr.pdf | https://www.europe-martinique.com/wp-content/uploads/2019/06/Programme_2014FR06RDRP002_7_1_fr-1.pdf | https://www.europe-martinique.com/wp-content/uploads/2019/06/Programme_2014FR06RDRP002_6_1_fr.pdf | https://www.europe-martinique.com/wp-content/uploads/2019/06/Programme_2014FR06RDRP002_5_2_fr.pdf | https://www.europe-martinique.com/wp-content/uploads/2016/05/Programme_2014FR06RDRP002_4_0_fr.pdf | https://www.europe-martinique.com/wp-content/uploads/2016/05/Programme_2014FR06RDRP002_3_1_fr.pdf | https://www.europe-martinique.com/wp-content/uploads/2016/05/ProgrammeDeveloppementRuralMartinique_2014-2020.pdf | https://www.europe-martinique.com/wp-content/uploads/2020/10/Liste-Type-conseil-en-agriculture.pdf | https://www.europe-martinique.com/wp-content/uploads/2024/10/Mesure-4.1-Ameliorer-acces-a-lemploi.pdf | https://www.europe-martinique.com/wp-content/uploads/2024/10/Mesure-4.51.-Ameliorer-systeme-deducation.pdf | https://www.europe-martinique.com/wp-content/uploads/2025/09/25-PCE-1037-MESURE-4.6.1-VF.pdf | https://www.europe-martinique.com/wp-content/uploads/2024/10/Mesure-4.7.1-Promouvoir-la-formation.pdf | https://www.europe-martinique.com/wp-content/uploads/2024/10/Mesure-4.1.2-Allo-rup-Acces-emploi-par-la-mobilite.pdf | https://www.europe-martinique.com/wp-content/uploads/2024/10/Mesure-4.6.2-Soutenir-la-mobilite.pdf | https://www.europe-martinique.com/wp-content/uploads/2024/10/Mesure-4.7.2-Allo-Rup-Promouvoir-la-formation.pdf | https://www.europe-martinique.com/wp-content/uploads/2024/10/Mesure-4.8.1-inclusion-active.pdf | https://www.europe-martinique.com/wp-content/uploads/2024/10/Mesure-4.8.2-Developpement-local-FSE.pdf | https://www.europe-martinique.com/wp-content/uploads/2024/05/FICHE-DOMO-4.8-3-Inclusion-Active-RUP-FSE-V1-2.pdf | https://www.europe-martinique.com/wp-content/uploads/2024/10/Mesure-4.11.1-Professionnalisation-des-metiers.pdf | https://www.europe-martinique.com/wp-content/uploads/2024/10/Mesure-4.11.2-Amelioration-de-legalite-dacces.pdf | https://www.europe-martinique.com/wp-content/uploads/2025/08/25-PCE-1036-MESURE-4.11.3-v2.pdf | https://www.europe-martinique.com/wp-content/uploads/2025/09/25-PCE-1036-MESURE-4.11.3-VF.pdf | https://www.europe-martinique.com/wp-content/uploads/2024/10/Mesure-4.11.4-Mobilite-des-apprenants.pdf | https://www.europe-martinique.com/wp-content/uploads/2024/10/Mesure-4.12.1-Integration-sociale.pdf | https://www.europe-martinique.com/wp-content/uploads/2024/10/Mesure-4.12.2-Animation-strategies.pdf | https://www.europe-martinique.com/wp-content/uploads/2026/09/FA_FSE_4.12.3_V1.pdf | https://www.europe-martinique.com/wp-content/uploads/2026/09/26-PCE-1085_FA_FSE_4.12.3_V1-003.pdf | https://www.europe-martinique.com/wp-content/uploads/2025/09/25-PCE-1065-Mesure-4.13.1.pdf | https://www.europe-martinique.com/wp-content/uploads/2026/06/26-PCE-578-FA-4.6.11-Developper-competences-preparation-civile-pour-les-jeunes-V1Subs-FSE.pdf | https://www.europe-martinique.com/wp-content/uploads/2026/06/26-PCE-579-FA-4.7.11-Developper-competences-preparation-civile-FSE.pdf | https://www.europe-martinique.com/wp-content/uploads/2024/07/Referentiel-des-indicateurs-du-programme-FSE.pdf | https://www.europe-martinique.com/wp-content/uploads/2025/05/Strategie-Agricole-CTM.pdf | https://www.europe-martinique.com/wp-content/uploads/2026/04/20260410_Liste-dispositifs-FEADER-2023-2027_-V8.pdf | https://www.europe-martinique.com/wp-content/uploads/2026/04/Dossier-provisoire-FEADER-2023-2027_-V9-1.pdf | https://www.europe-martinique.com/wp-content/uploads/2026/03/2026-03-27_Dossier-provisoire-Feader-23-27_AMI-MAEC-API-et-PRM_Campagne-2025_modifie_VF-1.docx | https://www.europe-martinique.com/wp-content/uploads/2026/02/25-PCE-1404-Regles-communes-Fiche-DOMO-PSN-23-27-ASP-SANS-ARRETE.pdf | https://www.europe-martinique.com/wp-content/uploads/2025/12/25-PCE-1403-Regime-de-sanctions-FEADER-HSIGC-PSN-23-27-ASP-sdans-arretes.pdf | https://www.europe-martinique.com/wp-content/uploads/2024/10/sfc2021-PRG-2021FR16FFPR008-3.1.pdf | https://www.europe-martinique.com/wp-content/uploads/2024/08/Referentiel-des-indicateurs-du-programme-FSE4-avec-compression.pdf | https://www.europe-martinique.com/wp-content/uploads/2025/01/Liste-des-pays-beneficiaires.pdf | https://www.europe-martinique.com/wp-content/uploads/2025/07/CUMUL-AFR-2127-PORTEUR-seuil-de-larticle-15-du-RGEC-def-31.07.xlsx | https://www.europe-martinique.com/wp-content/uploads/2025/02/Annexe1-2127INSTRUCTION-DE-LA-DEMANDE-Tableau-recapitulatif-des-depenses-Aide-au-fret-bokay-ou-dechets.xls | https://www.europe-martinique.com/wp-content/uploads/2025/02/Annexe1-2127-Certification-des-depenses-Tableau-recapitulatif-des-depenses-Aide-au-fret-bokay-ou-dechets.xls | https://www.europe-martinique.com/wp-content/uploads/2026/03/BSCU-FRET-FEDER-2025ljlV3.pdf | https://www.europe-martinique.com/wp-content/uploads/2025/01/ANNEXES-DU-TRAITE-SUR-LE-FONCTIONNEMENT-DE-LUNION-EUROPEENNE.pdf | https://www.europe-martinique.com/wp-content/uploads/2022/12/reglement_ue_2021_1058_Feder.pdf | https://www.europe-martinique.com/wp-content/uploads/2026/03/Annexe-1-Tableau-recapitulatif-des-depenses-OCS-2025.xlsx | https://www.europe-martinique.com/wp-content/uploads/2025/04/Annexe-1-Tableau-recapitulatif-des-depenses-OCS-2024.xlsx | https://www.europe-martinique.com/wp-content/uploads/2025/08/Annexe-1-Tableau-recapitulatif-des-depenses-OCS-2023.xlsx | https://www.europe-martinique.com/wp-content/uploads/2026/07/26-PCE-739_FA_FEDER_1.1.1_V2.pdf | https://www.europe-martinique.com/wp-content/uploads/2026/07/26-PCE-740_FA_FEDER_1.1.2_V2.pdf | https://www.europe-martinique.com/wp-content/uploads/2026/07/26-PCE-738_FA_FEDER_1.1.3_V2-1.pdf | https://www.europe-martinique.com/wp-content/uploads/2026/07/26-PCE-598_FA_FEDER_1.2.1_V2.pdf | https://www.europe-martinique.com/wp-content/uploads/2026/07/26-PCE-599_FA_FEDER_1.2.2_V2.pdf | https://www.europe-martinique.com/wp-content/uploads/2026/07/26-PCE-600_FA_FEDER_1.2.3_V2.pdf | https://www.europe-martinique.com/wp-content/uploads/2026/07/26-PCE-601_FA_FEDER_1.2.4_V2.pdf | https://www.europe-martinique.com/wp-content/uploads/2026/06/26-PCE-577-FA-1.3.1-Renforcement-competitivite-entreprises.pdf | https://www.europe-martinique.com/wp-content/uploads/2025/09/25-PCE-1064-Mesure-1.3.2-1.pdf | https://www.europe-martinique.com/wp-content/uploads/2025/10/Fiche-DOMO-1.3.3-Aide-au-Fret-BOKAY.v2.pdf | https://www.europe-martinique.com/wp-content/uploads/2025/07/MESURE-1.3.31-Aide-au-fret-intrants-extrants.pdf | https://www.europe-martinique.com/wp-content/uploads/2025/10/Fiche-DOMO-1.3.3.1.1-Aide-au-Fret-Intrants-Extrants-VRAC.pdf | https://www.europe-martinique.com/wp-content/uploads/2025/10/25-PCE-1222-Mesure-1.3.3.2-Modif-24-PCE-671-Aide-au-Fret-DECHETS-v2.pdf | https://www.europe-martinique.com/wp-content/uploads/2024/10/Mesure-1.5-Haut-debit.pdf | https://www.europe-martinique.com/wp-content/uploads/2024/10/MESURE-2.1.1-a-2.1.3-Efficacite-energetique.pdf | https://www.europe-martinique.com/wp-content/uploads/2024/10/Mesures-2.2.1-a-2.2.3-Energies-renouvelables.pdf | https://www.europe-martinique.com/wp-content/uploads/2024/10/Mesure-2.3Reseaux-et-equipements.pdf | https://www.europe-martinique.com/wp-content/uploads/2024/10/Mesures-2.4.1-a-2.4.3-Adaptation-changement-climatique.pdf | https://www.europe-martinique.com/wp-content/uploads/2024/10/Mesure-2.5.1-a-2.5.3-Gestion-durable-de-leau.pdf | https://www.europe-martinique.com/wp-content/uploads/2024/10/Mesure-2.6.1-a-2.6.4-Gestion-des-dechets_Eco-circulaire.pdf | https://www.europe-martinique.com/wp-content/uploads/2024/10/Mesure-2.7.1-Protection-et-valorisation-nature.pdf | https://www.europe-martinique.com/wp-content/uploads/2024/10/Mesure-2.8.1-a2.8.3-Modernisation-offre-transport.pdf | https://www.europe-martinique.com/wp-content/uploads/2024/10/Mesure-3.2.1-a-3.2.2-Dvpt-mode-transport.pdf | https://www.europe-martinique.com/wp-content/uploads/2026/06/FA_-FEDER_4.2.1_V2.pdf | https://www.europe-martinique.com/wp-content/uploads/2026/06/FA_-FEDER_4.2.2._V2.pdf | https://www.europe-martinique.com/wp-content/uploads/2024/10/Mesure-4.3-structure-daccueil-marginaux.pdf | https://www.europe-martinique.com/wp-content/uploads/2026/07/26-PCE-717_FA_-FEDER_4.5_V2-1.pdf | https://www.europe-martinique.com/wp-content/uploads/2026/07/26-PCE-716_FA_-FEDER_4.6.1_V2.pdf | https://www.europe-martinique.com/wp-content/uploads/2026/07/26-PCE-725_FA_-FEDER_4.6.2_V2.pdf | https://www.europe-martinique.com/wp-content/uploads/2024/10/Mesure-5.1-Zones-urbaines.pdf | https://www.europe-martinique.com/wp-content/uploads/2024/10/Mesure-5.2-Zones-rurales.pdf | https://www.europe-martinique.com/wp-content/uploads/2026/06/26-PCE-561-FICHE-DOMO-3.3-PR012-defense-securite.pdf | https://www.europe-martinique.com/wp-content/uploads/2026/06/26-PCE-562-FA-DOMO-2.11-PR013-logement-abordable.pdf | https://www.europe-martinique.com/wp-content/uploads/2022/12/reglement_ue_2021_1057_FsePlus.pdf | https://www.europe-martinique.com/wp-content/uploads/2022/12/Programme-Martinique-FEDER-FSE.pdf | https://www.europe-martinique.com/wp-content/uploads/2024/08/Questionnaire-Participants-FSE.pdf | https://www.europe-martinique.com/wp-content/uploads/2026/01/Fiche-dispositif-PSN-FEADER_70.29-Amelioration-pollinisateur-des-abeilles.pdf | https://www.europe-martinique.com/wp-content/uploads/2026/01/Fiche-dispositif-PSN-FEADER_70.30-Protection-des-races-menacees.pdf | https://www.europe-martinique.com/wp-content/uploads/2026/05/26-PCE-453-ARRETE-MODIF-24-PCE-1203-FICHE-DOMO-FEADER-MAR-73.01-B-def.pdf | https://www.europe-martinique.com/wp-content/uploads/2025/01/DISPOSITIF-MAR-73.01-C-Diversification-des-activites-economiques.pdf | https://www.europe-martinique.com/wp-content/uploads/2025/10/25-PCE-1228-MAR-73-02-A.pdf | https://www.europe-martinique.com/wp-content/uploads/2025/10/25-PCE-1229-MAR-73.02-B.pdf | https://www.europe-martinique.com/wp-content/uploads/2025/05/Fiche-dispositif-PSN-FEADER-73.03-A-Investissements-Agro-Alimentaires.pdf | https://www.europe-martinique.com/wp-content/uploads/2025/04/Fiche-dispositif-PSN-FEADER_73.03-B-Investissement-Filiere-bois.pdf | https://www.europe-martinique.com/wp-content/uploads/2026/01/25-PCE-1530-Fiche-dispositif-PSN-FEADER_73.04-A_ASP.pdf | https://www.europe-martinique.com/wp-content/uploads/2026/01/25-PCE-1531-Fiche-dispositif-PSN-FEADER_73.04-B_ASP.pdf | https://www.europe-martinique.com/wp-content/uploads/2025/08/25-PCE-686-fiche-dispositif-PSN-FEADER_73.05.pdf | https://www.europe-martinique.com/wp-content/uploads/2026/01/25-PCE-1532-Fiche-dispositif-PSN-FEADER_73.06_ASP.pdf | https://www.europe-martinique.com/wp-content/uploads/2026/01/25-PCE-1533-Fiche-dispositif-PSN-FEADER_73.08_ASP.pdf | https://www.europe-martinique.com/wp-content/uploads/2025/01/DISPOSITIF-MAR-75.17-A-Modernisation-des-exploitations-JA.pdf | https://www.europe-martinique.com/wp-content/uploads/2025/01/DISPOSITIF-MAR-73.17-B.pdf | https://www.europe-martinique.com/wp-content/uploads/2025/01/DISPOSITIF-MAR-75.01-Jeunes-agriculteurs.pdf | https://www.europe-martinique.com/wp-content/uploads/2025/04/Fiche-dispositif-PSN-FEADER_75.02-dotation-en-capital-demarrage-ou-reprise.pdf | https://www.europe-martinique.com/wp-content/uploads/2025/01/DISPOSITIF-MAR-75.05-Installation-agricole-Nouveaux-Agriculteurs.pdf | https://www.europe-martinique.com/wp-content/uploads/2025/10/25-PCE-1231-MAR-77.02.pdf | https://www.europe-martinique.com/wp-content/uploads/2025/10/25-PCE-1232-MAR-77.03-A.pdf | https://www.europe-martinique.com/wp-content/uploads/2025/10/25-PCE-1233-MAR-77.03-B-sub.pdf | https://www.europe-martinique.com/wp-content/uploads/2025/04/Fiche-dispositif-PSN-FEADER_78.01-A-Conseil-strategique.pdf | https://www.europe-martinique.com/wp-content/uploads/2025/04/Fiche-dispositif-PSN-FEADER_78.01-B-Actions-de-diffusion-et-echanges.pdf | https://www.europe-martinique.com/wp-content/uploads/2025/04/Fiche-dispositif-PSN-FEADER_78.01-C-secteur-agricole-et-sylvicole.pdf | https://www.europe-martinique.com/wp-content/uploads/2017/02/Formulaire-demande-aide-FEDER-FSE-1.pdf | https://www.europe-martinique.com/wp-content/uploads/2017/02/12-NoticeDemandeAide_FEDER-FSE.pdf | https://www.europe-martinique.com/wp-content/uploads/2017/02/13-ModAnnexe1_PlanFinancementDepensesPrevisionnelles.xlsx | https://www.europe-martinique.com/wp-content/uploads/2017/02/14-ModAnnexe2_PlanFinancementRessourcesPrevisionnelles.xlsx | https://www.europe-martinique.com/wp-content/uploads/2017/02/15-ModAnnexe3Indicateurs.xls | https://www.europe-martinique.com/wp-content/uploads/2017/02/Annexe-20-Demande-de-paiement.pdf | https://www.europe-martinique.com/wp-content/uploads/2017/02/Annexe-21-Notice_Demande-de-paiement.pdf | https://www.europe-martinique.com/wp-content/uploads/2017/02/Annexe-20.1-Etat-des-d%C3%A9penses-et-ressources-indicateurs.xls | https://www.europe-martinique.com/wp-content/uploads/2017/02/Annexe-24.1-Etat-des-d%C3%A9penses-et-ressources-indicateurs.xls | https://www.europe-martinique.com/wp-content/uploads/2017/02/16.3-Annexe-3-Indicateurs.xls | https://www.europe-martinique.com/wp-content/uploads/2017/08/criteres_po_2014_2020_feder_fse.pdf | https://www.europe-martinique.com/wp-content/uploads/2017/02/AideAuFret_FormulaireDemande_modifi%C3%A9.pdf | https://www.europe-martinique.com/wp-content/uploads/2017/02/Demande-de-paiement.pdf | https://www.europe-martinique.com/wp-content/uploads/2017/02/Demande-de-paiement.doc | https://www.europe-martinique.com/wp-content/uploads/2017/02/Notice_Demande-de-paiement.pdf | https://www.europe-martinique.com/wp-content/uploads/2017/02/Annexe-1-Tableau-r%C3%A9capitulatif-des-d%C3%A9penses-Aide-au-fret-972.xls | https://www.europe-martinique.com/wp-content/uploads/2017/02/Annexe-2-R%C3%A9capitulatif-des-tarifs-moyens-de-fret-972.xls | https://www.europe-martinique.com/wp-content/uploads/2017/02/Annexe-3-Etat-des-d%C3%A9penses-et-ressources-indicateurs.xls | https://www.europe-martinique.com/wp-content/uploads/2017/09/AideAuFret_FichesActions.pdf | https://www.europe-martinique.com/wp-content/uploads/2017/02/GuideMEMO-CreationCompteUtil.pdf | https://www.europe-martinique.com/wp-content/uploads/2017/02/Guide-utilisateur-d%C3%A9pot-DS-_E-Synergie-PortailMq_v2020.pdf | https://www.europe-martinique.com/wp-content/uploads/2017/02/GuideMEMO-DepotDDP.pdf | https://www.europe-martinique.com/wp-content/uploads/2017/02/Dossier-provisoire-de-demande-de-subvention-21-27-V1.pdf | https://www.europe-martinique.com/wp-content/uploads/2017/02/150330-Dossier-demande-aide-europ%C3%A9enne-FEADER.pdf | https://www.europe-martinique.com/wp-content/uploads/2016/05/criteres_po_2014_2020_feader.pdf | https://www.europe-martinique.com/wp-content/uploads/2017/02/17_02_15_Annexe_Respect_Cde_Pub_V01.pdf | https://www.europe-martinique.com/wp-content/uploads/2017/02/170621-Annexe-Appr%C3%A9ciation-OQDP.pdf | https://www.europe-martinique.com/wp-content/uploads/2017/02/19_02_04_MAR-5-2-1-Demande-aide_V03.pdf | https://www.europe-martinique.com/wp-content/uploads/2017/02/19_02_04_MAR_5-2-1-Notice_V02.pdf | https://www.europe-martinique.com/wp-content/uploads/2017/02/19_02_04_MAR521_DDP_V02.pdf | https://www.europe-martinique.com/wp-content/uploads/2017/02/19_02_04_MAR521_NoticeDDP_V02.pdf | https://www.europe-martinique.com/wp-content/uploads/2017/02/17_05_21_2.-Dossier-de-candidature-AAP-1.2.1V01.pdf | https://www.europe-martinique.com/wp-content/uploads/2017/02/17_05_21_3.-Notice-dinformation-AAP-1.2.1.pdf | https://www.europe-martinique.com/wp-content/uploads/2017/02/17_09_11_MAR_1.2.1-DDP_V01.pdf | https://www.europe-martinique.com/wp-content/uploads/2017/02/17_09_11_MAR_1.2.1-Notice-paiement_V01.pdf | https://www.europe-martinique.com/wp-content/uploads/2017/02/AAP-1.3.1Formulaire.pdf | https://www.europe-martinique.com/wp-content/uploads/2017/02/17_09_26_MAR_1.3.1-Demande-paiement.pdf | https://www.europe-martinique.com/wp-content/uploads/2017/02/17_09_26_MAR_1.3.1-Notice-paiement.pdf | https://www.europe-martinique.com/wp-content/uploads/2017/02/18_06_08_MAR020101-Demande-daide-V1.pdf | https://www.europe-martinique.com/wp-content/uploads/2017/02/18_06_08_MAR020101-Notice-aide_V01.pdf | https://www.europe-martinique.com/wp-content/uploads/2017/02/18_06_08_MAR020101-Demande-paiement_V01.pdf | https://www.europe-martinique.com/wp-content/uploads/2017/02/18_06_08_MAR_020101_Notice-paiement_V01.pdf | https://www.europe-martinique.com/wp-content/uploads/2017/02/MAR030101-Demande-aide_V01.pdf | https://www.europe-martinique.com/wp-content/uploads/2017/02/Formuda_MAR030101_20210802.pdf | https://www.europe-martinique.com/wp-content/uploads/2017/02/MAR030101-Notice-aide_V01.pdf | https://www.europe-martinique.com/wp-content/uploads/2017/02/Noticebenef_MAR030101_20210802.pdf | https://www.europe-martinique.com/wp-content/uploads/2017/02/Formudp_MAR030101_20210802.pdf | https://www.europe-martinique.com/wp-content/uploads/2017/02/MAR-030101-NoticePaiement.pdf | https://www.europe-martinique.com/wp-content/uploads/2017/02/Noticedp_MAR030101_20210802.pdf | https://www.europe-martinique.com/wp-content/uploads/2017/02/Formuda_MAR030201_20210803.pdf | https://www.europe-martinique.com/wp-content/uploads/2017/02/Noticebenef_MAR030201_20210803.pdf | https://www.europe-martinique.com/wp-content/uploads/2017/02/Formudp_MAR030201_20210803.pdf | https://www.europe-martinique.com/wp-content/uploads/2017/02/Noticedp_MAR030201_20210803.pdf | https://www.europe-martinique.com/wp-content/uploads/2017/02/Formuda_MAR040101R_20210809.pdf | https://www.europe-martinique.com/wp-content/uploads/2017/02/411-Noticebenef_MAR040101R_20210809.pdf | https://www.europe-martinique.com/wp-content/uploads/2017/02/Formudp_MAR040101R_20221110.pdf | https://www.europe-martinique.com/wp-content/uploads/2017/02/411-Noticedp_MAR040101_20210809.pdf | https://www.europe-martinique.com/wp-content/uploads/2017/02/Formuda_MAR040201R_20210624.pdf | https://www.europe-martinique.com/wp-content/uploads/2017/02/Noticebenef_MAR040201R_20210624.pdf | https://www.europe-martinique.com/wp-content/uploads/2017/02/Formudp_MAR040201R_20210624.pdf | https://www.europe-martinique.com/wp-content/uploads/2017/02/Noticedp_MAR040201_20210624.pdf | https://www.europe-martinique.com/wp-content/uploads/2017/02/431-Formuda_MAR040301_20211210.pdf | https://www.europe-martinique.com/wp-content/uploads/2017/02/431-Noticebenef_MAR040301_20211210.pdf | https://www.europe-martinique.com/wp-content/uploads/2017/02/431-Formudp_MAR040301_20211210.pdf | https://www.europe-martinique.com/wp-content/uploads/2017/02/431-Noticedp_MAR040301_20211210.pdf | https://www.europe-martinique.com/wp-content/uploads/2017/02/17_05_25_MAR432-Demande-aide_V01.pdf | https://www.europe-martinique.com/wp-content/uploads/2017/02/17_05_25_MAR432-Notice_V01.pdf | https://www.europe-martinique.com/wp-content/uploads/2017/02/18_08_20_MAR432_DDP_V02.pdf | https://www.europe-martinique.com/wp-content/uploads/2017/02/17_06_21_MAR432_NoticeDDP_V01.pdf | https://www.europe-martinique.com/wp-content/uploads/2017/02/Formuda_MAR040401_20220824.pdf | https://www.europe-martinique.com/wp-content/uploads/2017/02/Noticebenef_MAR040401_20220824.pdf | https://www.europe-martinique.com/wp-content/uploads/2017/02/Formudp_MAR040401_20220914.pdf | https://www.europe-martinique.com/wp-content/uploads/2017/02/Noticedp_MAR040401_20220914.pdf | https://www.europe-martinique.com/wp-content/uploads/2017/02/17_11_07_MAR5-1-1-Demande-aide_V02.pdf | https://www.europe-martinique.com/wp-content/uploads/2017/02/17_11_07_MAR_5-1-1-Notice_V02.pdf | https://www.europe-martinique.com/wp-content/uploads/2017/02/17_06_20_MAR511_DP_V01.pdf | https://www.europe-martinique.com/wp-content/uploads/2017/02/17_04_10_MAR511-Notice-paiement_V01.pdf | https://www.europe-martinique.com/wp-content/uploads/2017/02/Formuda_MAR050201R_20211214.pdf | https://www.europe-martinique.com/wp-content/uploads/2017/02/Noticebenef_MAR050201R_20211214.pdf | https://www.europe-martinique.com/wp-content/uploads/2017/02/Formudp_MAR050201R_20211214.pdf | https://www.europe-martinique.com/wp-content/uploads/2017/02/Noticedp_MAR050201_20211214.pdf | https://www.europe-martinique.com/wp-content/uploads/2017/02/MAR_61_FormulaireDemandeAideInstallation.pdf | https://www.europe-martinique.com/wp-content/uploads/2017/02/MAR_61_NoticeDemandeAideInstallation.pdf | https://www.europe-martinique.com/wp-content/uploads/2017/02/17_07_11_MAR060101_Formulaire_Avenant_PE.pdf | https://www.europe-martinique.com/wp-content/uploads/2017/02/17_07_10_PlanEntreprise_060101_-DJA_Mar_V02.pdf | https://www.europe-martinique.com/wp-content/uploads/2017/02/17_07_11_Notice_060101_PlanEntreprise-V02.pdf | https://www.europe-martinique.com/wp-content/uploads/2017/02/MAR_61_DemandePaiementDJA_1er_versement_CPA.pdf | https://www.europe-martinique.com/wp-content/uploads/2017/02/MAR_61_DemandePaiementDJA_2e_versement_CPA.pdf | https://www.europe-martinique.com/wp-content/uploads/2017/02/17_06_12_NoticeDemandePaiement-V02.pdf | https://www.europe-martinique.com/wp-content/uploads/2017/02/Formuda_MAR060201_20210712.pdf | https://www.europe-martinique.com/wp-content/uploads/2017/02/Noticebenef_MAR060201_20210712.pdf | https://www.europe-martinique.com/wp-content/uploads/2017/02/Formudp_MAR060201_20210712.pdf | https://www.europe-martinique.com/wp-content/uploads/2017/02/Noticedp_MAR060201_20210712.pdf | https://www.europe-martinique.com/wp-content/uploads/2017/02/Formuda_MAR060301_20210716.pdf | https://www.europe-martinique.com/wp-content/uploads/2017/02/Noticebenef_MAR060301_20210716.pdf | https://www.europe-martinique.com/wp-content/uploads/2017/02/Formupe_MAR060301_20210716.pdf | https://www.europe-martinique.com/wp-content/uploads/2017/02/Noticepe_MAR060301_20210716.pdf | https://www.europe-martinique.com/wp-content/uploads/2017/02/Formudp_MAR060301_20210716.pdf | https://www.europe-martinique.com/wp-content/uploads/2017/02/Noticedp_MAR060301_20210716.pdf | https://www.europe-martinique.com/wp-content/uploads/2017/02/17_10_16_MAR6-4-1_Demande-aide_V02.pdf | https://www.europe-martinique.com/wp-content/uploads/2017/02/17_10_16_MAR6-4-1-Notice_V01.pdf | https://www.europe-martinique.com/wp-content/uploads/2017/02/17_07_27_6.4.1-Demande-paiement-V01.pdf | https://www.europe-martinique.com/wp-content/uploads/2017/02/17_07_27_6.4.1-Notice-paiement_V01.pdf | https://www.europe-martinique.com/wp-content/uploads/2017/02/MAR_711-Demande-aide_V01.pdf | https://www.europe-martinique.com/wp-content/uploads/2017/02/MAR_711_-Notice_V01.pdf | https://www.europe-martinique.com/wp-content/uploads/2017/02/MAR_711_DemandePaiement_V01.pdf | https://www.europe-martinique.com/wp-content/uploads/2017/02/MAR_711_NoticePaiement_V01.pdf | https://www.europe-martinique.com/wp-content/uploads/2017/02/17_05_26_MAR070301_Demande-aide_V01.pdf | https://www.europe-martinique.com/wp-content/uploads/2017/02/17_05_30_MAR_7-3-1-Notice_V01.pdf | https://www.europe-martinique.com/wp-content/uploads/2017/02/17_08_28_MAR7.3.1-Demande-paiement-V01.pdf | https://www.europe-martinique.com/wp-content/uploads/2017/02/17_08_28_MAR7.3.1-Notice-paiement_V01.pdf | https://www.europe-martinique.com/wp-content/uploads/2017/02/741-Formuda_MAR070401R_20220124.pdf | https://www.europe-martinique.com/wp-content/uploads/2017/02/NoticeB%C3%A9n%C3%A9f_MAR070401_-20220124.pdf | https://www.europe-martinique.com/wp-content/uploads/2017/02/741-Formudp_MAR070401_20220124.pdf | https://www.europe-martinique.com/wp-content/uploads/2017/02/741-Noticedp_MAR070401_20220124.pdf | https://www.europe-martinique.com/wp-content/uploads/2017/02/15_05_17_MAR070501-Demande-aide_V1.pdf | https://www.europe-martinique.com/wp-content/uploads/2017/02/15_05_17_MAR070501-Notice-aide_V01.pdf | https://www.europe-martinique.com/wp-content/uploads/2017/02/17_08_28_MAR070501_DDP_V01.pdf | https://www.europe-martinique.com/wp-content/uploads/2017/02/17_08_28_MAR070501_NoticeDDP_V01-2.pdf | https://www.europe-martinique.com/wp-content/uploads/2017/02/17_05_26_MAR761Demande-aide_V01.pdf | https://www.europe-martinique.com/wp-content/uploads/2017/02/17_05_26_MAR761-Notice_V01.pdf | https://www.europe-martinique.com/wp-content/uploads/2017/02/17_10_04_MAR07.6.1-Demande-paiement-V01.pdf | https://www.europe-martinique.com/wp-content/uploads/2017/02/17_08_28-_-761-Notice-paiement_V01.pdf | https://www.europe-martinique.com/wp-content/uploads/2017/02/MAR_8.2.1_Formulaire-de-demande-de-subvention.pdf | https://www.europe-martinique.com/wp-content/uploads/2017/02/MAR_8.2.1_Notice-%C3%A0-lattention-des-b%C3%A9n%C3%A9ficiares-potentiels.pdf | https://www.europe-martinique.com/wp-content/uploads/2017/02/MAR_8.2.1_Formulaire-de-demande-de-paiement.pdf | https://www.europe-martinique.com/wp-content/uploads/2017/02/MAR_8.2.1_Notice-dinformation-pour-le-remplissage-du-formulaire-de-demande-de-paiement.pdf | https://www.europe-martinique.com/wp-content/uploads/2017/08/MAR_841_17_05_30_DemandeAide_V01.pdf | https://www.europe-martinique.com/wp-content/uploads/2017/08/MAR_841_17_05_30_Notice_V01.pdf | https://www.europe-martinique.com/wp-content/uploads/2017/02/17_12_19_MAR_851-Demande-aide_V03.pdf | https://www.europe-martinique.com/wp-content/uploads/2017/02/17_05_25_MAR_851-Notice_V01.pdf | https://www.europe-martinique.com/wp-content/uploads/2017/02/17_08_29_MAR_8.5.1-Demande-paiement.pdf | https://www.europe-martinique.com/wp-content/uploads/2017/02/17_08_28_MAR_8.5.1-Notice-paiement.pdf | https://www.europe-martinique.com/wp-content/uploads/2017/02/17_12_19_8-6-1-Demande-subventionV03.pdf | https://www.europe-martinique.com/wp-content/uploads/2017/02/Noticebenef_MAR080601_20220502.pdf | https://www.europe-martinique.com/wp-content/uploads/2017/02/17_08_30_MAR_8.6.1-Demande-paiement.pdf | https://www.europe-martinique.com/wp-content/uploads/2017/02/17_07_18_MAR_8.6.1-Notice-paiement.pdf | https://www.europe-martinique.com/wp-content/uploads/2017/02/MAR_8-6-2-Demande-aide_V02.pdf | https://www.europe-martinique.com/wp-content/uploads/2017/02/MAR_8-6-2-Notice_V01.pdf | https://www.europe-martinique.com/wp-content/uploads/2017/02/17_02_24_8.6.2-Demande-paiement-V02.pdf | https://www.europe-martinique.com/wp-content/uploads/2017/02/17_02_24_8.6.2-Notice-paiement_V02.pdf | https://www.europe-martinique.com/wp-content/uploads/2017/02/17_04_25_MAR16.1.1-Demande-paiement-V01.pdf | https://www.europe-martinique.com/wp-content/uploads/2017/02/17_04_25_MAR16.1.1-Notice-paiement_V01.pdf | https://www.europe-martinique.com/wp-content/uploads/2017/02/17_12_21_R%C3%A9ponse-AAP-16.1.2-fiche-n%C2%B01.pdf | https://www.europe-martinique.com/wp-content/uploads/2017/02/17_12_21_R%C3%A9ponse-AAP-16.1.2-fiche-n%C2%B02.pdf | https://www.europe-martinique.com/wp-content/uploads/2017/02/17_07_24_MAR16.1.2-Demande-paiement-V01.pdf | https://www.europe-martinique.com/wp-content/uploads/2017/02/17_04_25_MAR16.1.2-Notice-paiement_V01.pdf | https://www.europe-martinique.com/wp-content/uploads/2017/02/1621-Formuda_MAR160201R_20211216.pdf | https://www.europe-martinique.com/wp-content/uploads/2017/02/1621-Noticebenef_MAR160201R_20211216.pdf | https://www.europe-martinique.com/wp-content/uploads/2017/02/1621-Formudp_MAR160201R_20211216.pdf | https://www.europe-martinique.com/wp-content/uploads/2017/02/1621-Noticedp_MAR160201R_20211216.pdf | https://www.europe-martinique.com/wp-content/uploads/2017/02/1641-Formuda_MAR160401R_20220105.pdf | https://www.europe-martinique.com/wp-content/uploads/2017/02/1641-Noticebenef_MAR160401R_20220105.pdf | https://www.europe-martinique.com/wp-content/uploads/2017/02/1641-Formudp_MAR160401R_20220105.pdf | https://www.europe-martinique.com/wp-content/uploads/2017/02/1641-Noticedp_MAR160401R_20220105.pdf | https://www.europe-martinique.com/wp-content/uploads/2017/02/MAR_1901_17_07_20_FormulaireAide_V2.pdf | https://www.europe-martinique.com/wp-content/uploads/2017/02/MAR_1901_17_07_20_NoticeAide_V02.pdf | https://www.europe-martinique.com/wp-content/uploads/2017/02/MAR_1901_17_07_20_FormulairePaiement_V2.pdf | https://www.europe-martinique.com/wp-content/uploads/2017/02/MAR_1901_17_07_20_NoticePaiement_V02.pdf | https://www.europe-martinique.com/wp-content/uploads/2017/02/17_12_19_19.2_Demande-aide_V02.pdf | https://www.europe-martinique.com/wp-content/uploads/2017/02/17_12_19_MAR192-Notice_V02.pdf | https://www.europe-martinique.com/wp-content/uploads/2017/02/17_11_15_MAR19.2-Demande-paiement-V01.pdf | https://www.europe-martinique.com/wp-content/uploads/2017/02/17_11_15_MAR19.2-Notice-paiement_V01.pdf | https://www.europe-martinique.com/wp-content/uploads/2017/02/17_11_08_MAR_1941-Demande-aide_V02.pdf | https://www.europe-martinique.com/wp-content/uploads/2017/02/17_11_09_MAR190401_Notice-daide_V02.pdf | https://www.europe-martinique.com/wp-content/uploads/2017/02/MAR_1941_17_05_29_FormulairePaiement_V01.pdf | https://www.europe-martinique.com/wp-content/uploads/2017/02/MAR_1941_17_05_29_NoticePaiement_V01.pdf | https://www.europe-martinique.com/wp-content/uploads/2017/02/Annexe_Respect_Cde_Pub_LEADER_V01.pdf | https://www.europe-martinique.com/wp-content/uploads/2017/02/MAR_2011_17_05_25_AT_DemandeAide_V01.pdf | https://www.europe-martinique.com/wp-content/uploads/2017/02/MAR_2011_17_05_25_AT_NoticAide_V01.pdf | https://www.europe-martinique.com/wp-content/uploads/2017/02/MAR_2011_17_06_13_AT_DemandePaiement_V01.pdf | https://www.europe-martinique.com/wp-content/uploads/2017/02/MAR_2011_17_06_13_AT_NoticePaiement_V01.pdf | https://www.europe-martinique.com/wp-content/uploads/2017/08/170621-Annexe-AppreciationOQDP.pdf | https://www.europe-martinique.com/wp-content/uploads/2017/08/17_02_15_Annexe_Respect_Cde_Pub_V01.pdf | https://www.europe-martinique.com/wp-content/uploads/2016/05/guide_utilisateur_mademarchefse.pdf | https://www.europe-martinique.com/wp-content/uploads/2017/08/CriteresDeSelection-PO-FSE-ETAT-CSI.pdf | https://www.europe-martinique.com/wp-content/uploads/2017/02/11-FormulaireDemandeAide_FEDER-FSE.pdf | https://www.europe-martinique.com/wp-content/uploads/2024/11/sfc2021-PRG-2021FR16FFPR008-1.2-avec-date-et-numero-de-decision.pdf | https://www.europe-martinique.com/wp-content/uploads/2024/11/Programme-Martinique-FEDER-FSE.pdf | https://www.europe-martinique.com/wp-content/uploads/2026/04/Dossier-provisoire-FEADER-2023-2027_-V9-1.pdf | https://www.europe-martinique.com/wp-content/uploads/2026/02/25-PCE-1404-Regles-communes-Fiche-DOMO-PSN-23-27-ASP-SANS-ARRETE.pdf","A_REVERIFIER","63","28"
"guadeloupe_aHR0cHM6Ly93d3cuZXVyb3BlLWd1","FEDER- FSE+ REGION GUADELOUPE","AIDE","REGIONAL","Guadeloupe","Région Guadeloupe","SUBVENTION","PME | ETI | GE","","","","","","","","non","https://www.europe-guadeloupe.fr/financement/feder-fse-region-guadeloupe_accompagnement-creation-reprise/","https://www.europe-guadeloupe.fr/wp-content/uploads/2026/04/DOMO_FEDERFSE_V8.pdf | https://www.europe-guadeloupe.fr/wp-content/uploads/2023/11/Presentation-DOMO_2021-2027_Mode_demploi.pdf | https://www.europe-guadeloupe.fr/wp-content/uploads/2026/04/Criteres-selection-FEDER-FSE2127_V4.xlsx | https://www.europe-guadeloupe.fr/wp-content/uploads/2024/10/Guide-des-Options-de-Couts-Simplifies.pdf | https://www.europe-guadeloupe.fr/wp-content/uploads/2026/07/CP_26_192-Mise-en-oeuvre-des-BSCU-aide-au-FRET-de-la-periode-2021-a-2027-programme-FEDER.pdf | https://www.europe-guadeloupe.fr/wp-content/uploads/2026/05/PSR_FEADER_V6.pdf | https://www.europe-guadeloupe.fr/wp-content/uploads/2026/01/Notice_7502_IT16_0.0.0_V1_251218.pdf | https://www.europe-guadeloupe.fr/wp-content/uploads/2026/06/PF75.02_IT15_3.4_V1_260106-1.xlsx | https://www.europe-guadeloupe.fr/wp-content/uploads/2024/07/Annexe-1-Declarations-communes.pdf | https://www.europe-guadeloupe.fr/wp-content/uploads/2024/07/Annexe-2-Engagements-communs.pdf | https://www.europe-guadeloupe.fr/wp-content/uploads/2024/07/Annexe-A-Pieces-justificatives-communes.pdf | https://www.europe-guadeloupe.fr/wp-content/uploads/2024/07/Annexe-commande-publique.pdf | https://www.europe-guadeloupe.fr/wp-content/uploads/2026/02/FichierPBS.xlsx | https://www.europe-guadeloupe.fr/wp-content/uploads/2026/09/Guidepp_V2_01092026.pdf | https://www.europe-guadeloupe.fr/wp-content/uploads/2025/03/Notice75.01.pdf | https://www.europe-guadeloupe.fr/wp-content/uploads/2025/06/ANNEXE_Plan_Financement_75.01_v6.xlsx | https://www.europe-guadeloupe.fr/wp-content/uploads/2024/07/Annexe-1-Declarations-communes.pdf | https://www.europe-guadeloupe.fr/wp-content/uploads/2024/07/Annexe-2-Engagements-communs.pdf | https://www.europe-guadeloupe.fr/wp-content/uploads/2024/07/Annexe-3-regime-sanction-DJA.pdf | https://www.europe-guadeloupe.fr/wp-content/uploads/2025/02/Plan-dentreprise-jeuneagri.pdf | https://www.europe-guadeloupe.fr/wp-content/uploads/2024/07/Annexe-A-Pieces-justificatives-communes.pdf | https://www.europe-guadeloupe.fr/wp-content/uploads/2024/07/Annexe-B-Pieces-justificatives-75.01.pdf | https://www.europe-guadeloupe.fr/wp-content/uploads/2024/07/Annexe-commande-publique.pdf | https://www.europe-guadeloupe.fr/wp-content/uploads/2026/08/Formulaire-DP-75.01_V2.2.docx | https://www.europe-guadeloupe.fr/wp-content/uploads/2025/10/Annexe-Liste-PJ-DP-75.01_V1.xlsx | https://www.europe-guadeloupe.fr/wp-content/uploads/2025/10/AnnexefinanciereDP75.01_V3_verrouillee.xlsx | https://www.europe-guadeloupe.fr/wp-content/uploads/2023/11/Programme-national-FEAMPA-2021-2027.pdf | https://www.europe-guadeloupe.fr/wp-content/uploads/2025/11/FEAMPA-DOMO-V3.pdf | https://www.europe-guadeloupe.fr/wp-content/uploads/2023/11/Plaquette-FEAMPA-2021-2027.pdf | https://www.europe-guadeloupe.fr/wp-content/uploads/2025/01/Listes-des-pieces-justificatives-DS-OS-1.6.pdf | https://www.europe-guadeloupe.fr/wp-content/uploads/2026/01/Notice_73.06_IT16_0.0.0_V1_251218.pdf | https://www.europe-guadeloupe.fr/wp-content/uploads/2026/06/PF73.06_IT13_3.4_V1_260108-1.xlsx | https://www.europe-guadeloupe.fr/wp-content/uploads/2026/09/Guidepp_V2_01092026.pdf | https://www.europe-guadeloupe.fr/wp-content/uploads/2025/01/Listes-des-pieces-justificatives-DS-OS-2.2.pdf | https://www.europe-guadeloupe.fr/wp-content/uploads/2026/01/Notice_73.07_IT16_0.0.0_v1_251218.pdf | https://www.europe-guadeloupe.fr/wp-content/uploads/2026/06/PF73.07_IT15_3.4_V1_260108-1.xlsx | https://www.europe-guadeloupe.fr/wp-content/uploads/2026/01/Notice_77.03_IT16_0.0.0_v1_251218.pdf | https://www.europe-guadeloupe.fr/wp-content/uploads/2026/06/PF77.03_IT14_3.4_V2_260401-1.xlsx | https://www.europe-guadeloupe.fr/wp-content/uploads/2025/01/Listes-des-pieces-justificatives-DS-OS-1.1.pdf | https://www.europe-guadeloupe.fr/wp-content/uploads/2025/11/Annexe_-Listes-des-pieces-justificatives-DP-OS-1.1.pdf | https://www.europe-guadeloupe.fr/wp-content/uploads/2025/01/Listes-des-pieces-justificatives-DS-OS-1.1.pdf","A_REVERIFIER","69","38"
"ae_6864","Fiction - Compte automatique - Aide à la préparation","AIDE","NATIONAL","Toutes les Régions","Centre National du Cinéma (CNC)","SUBVENTION","PME | ETI | GE","","","","","40","60","","non","https://www.cnc.fr/professionnels/aides-et-financements/audiovisuel/ecriture-et-developpement/fiction--compte-automatique-aide-a-la-preparation_191412","","A_REVERIFIER","69","16"
"ae_6865","Fiction - Compte automatique - Aide à la production","AIDE","NATIONAL","Toutes les Régions","Centre National du Cinéma (CNC)","SUBVENTION","PME | ETI | GE","","","","","","","","non","https://www.cnc.fr/professionnels/aides-et-financements/audiovisuel/production/fiction-compte-automatique-aide-a-la-production_191460","","A_REVERIFIER","75","16"
"ae_5978","Fiction : aide sélective à la préparation","AIDE","NATIONAL","Toutes les Régions","Centre National du Cinéma (CNC)","SUBVENTION","PME","","","","","40","40","2026-10-26","non","https://www.cnc.fr/professionnels/aides-et-financements/audiovisuel/fiction--aide-selective-a-la-preparation_191420","","A_REVERIFIER","81","19"
"ae_6376","Fiction : aide sélective à la production","AIDE","NATIONAL","Toutes les Régions","Centre National du Cinéma (CNC)","SUBVENTION","PME | ETI | GE","","","","","40","50","2026-10-26","non","https://www.cnc.fr/professionnels/aides-et-financements/audiovisuel/production/fiction-aide-selective-a-la-production_191452","","A_REVERIFIER","81","19"
"ae_11946","Fonds Chaleur - Aide à l'installation de production d'eau chaude solaire thermique","AIDE","REGIONAL","Nouvelle-Aquitaine","Région Nouvelle-Aquitaine","SUBVENTION","PME | ETI | GE","","","","","","","","non","https://les-aides.nouvelle-aquitaine.fr/transition-energetique-et-ecologique/aide-linstallation-de-production-deau-chaude-solaire-thermique-fonds-chaleur","","A_REVERIFIER","75","16"
"ae_11948","Fonds Chaleur - Aide à l'installation de production de chaleur à partir de la géothermie de surface","AIDE","REGIONAL","Nouvelle-Aquitaine","Région Nouvelle-Aquitaine","SUBVENTION","PME | ETI | GE","","","","","","","2027-06-30","non","https://les-aides.nouvelle-aquitaine.fr/transition-energetique-et-ecologique/aide-linstallation-de-production-de-chaleur-partir-de-la-geothermie-de-surface-fonds-chaleur","","A_REVERIFIER","81","19"
"ae_11949","Fonds Chaleur - Aide à l'installation de production de chaleur biomasse","AIDE","REGIONAL","Nouvelle-Aquitaine","Région Nouvelle-Aquitaine","SUBVENTION","PME","","","","","","","2027-06-30","non","https://les-aides.nouvelle-aquitaine.fr/transition-energetique-et-ecologique/aide-linstallation-de-production-de-chaleur-biomasse-fonds-chaleur","","A_REVERIFIER","81","19"
"ae_11947","Fonds Chaleur - Aide à l'installation de système de récupération de chaleur fatale","AIDE","REGIONAL","Nouvelle-Aquitaine","Région Nouvelle-Aquitaine","SUBVENTION","PME | ETI | GE","","","","","60","60","2027-06-30","non","https://les-aides.nouvelle-aquitaine.fr/transition-energetique-et-ecologique/aide-linstallation-de-systeme-de-recuperation-de-chaleur-fatale-fonds-chaleur","","A_REVERIFIER","81","19"
"ae_6361","Fonds d’aide à l’innovation en documentaire de création","AIDE","NATIONAL","Toutes les Régions","Centre National du Cinéma (CNC)","SUBVENTION","PME","","","","","","","2026-12-07","non","https://www.cnc.fr/professionnels/aides-et-financements/multi-sectoriel/aide-a-l-innovation/fonds-daide-a-linnovation-en-documentaire-de-creation_2198824","","A_REVERIFIER","75","19"
"ae_10156","Fonds d’aide à la création cinématographique et audiovisuelle (FACCA) - Aide à l'écriture et au développement","AIDE","REGIONAL","Bretagne","Région Bretagne","SUBVENTION","PME | ETI | GE","","","","","100","100","2026-10-05","non","https://www.bretagne.bzh/aides/fiches/cinema-audiovisuel-facca-ecriture-et-developpement/","","A_REVERIFIER","81","19"
"ae_8674","Fonds d'aide à la création de jeux vidéo","AAP / AMI","REGIONAL","Île-de-France","Région Ile-de-France","SUBVENTION","PME | ETI | GE","","","","","50","50","","non","https://www.iledefrance.fr/aides-et-appels-a-projets/fonds-daide-la-creation-de-jeu-video","","A_REVERIFIER","75","16"
"ae_10061","Fonds d'aide à la création et à la production cinéma et audiovisuel","AIDE","REGIONAL","Normandie","Région Normandie","SUBVENTION","PME | ETI | GE","","","","","","","","non","https://www.normandie.fr/fonds-daide-la-creation-et-la-production-cinema-audiovisuel-et-multimedia-en-normandie","","A_REVERIFIER","69","16"
"ae_11106","Fonds d’aide à la création immersive","AIDE","NATIONAL","Toutes les Régions","Centre National du Cinéma (CNC)","SUBVENTION","PME | ETI | GE","","","","","","","2026-10-12","non","https://www.cnc.fr/professionnels/aides-et-financements/creation-numerique/fonds-daide-a-la-creation-immersive_1725797","","A_REVERIFIER","75","19"
"ae_9634","Fonds d'aide à la promotion à l'étranger des œuvres cinématographiques","AIDE","NATIONAL","Toutes les Régions","Centre National du Cinéma (CNC)","SUBVENTION","PME | ETI | GE","","","5","70","10","10","","non","https://www.cnc.fr/professionnels/aides-et-financements/multi-sectoriel/exportation/fonds-daide-a-la-promotion-a-letranger-des-oeuvres-cinematographiques_190734","","A_REVERIFIER","69","16"
"ae_7052","Fonds d'Aide au Développement de l'Economie du Livre (FADEL)","AIDE","REGIONAL","Normandie","Région Normandie","SUBVENTION","PME","","","","","","","","non","https://www.normandie.fr/fonds-daide-au-developpement-de-leconomie-du-livre-en-normandie","","A_REVERIFIER","69","16"
"ae_6370","Fonds d'Aide au Jeu Vidéo (FAJV)","AIDE","NATIONAL","Toutes les Régions","Centre National du Cinéma (CNC) | État","SUBVENTION | AVANCE_REMBOURSABLE","PME","","","","","","","2027-09-20","non","https://www.cnc.fr/professionnels/aides-et-financements/jeu-video/fonds-d-aide-au-jeu-video-fajv-_191468","","A_REVERIFIER","69","19"
"ae_11725","Fonds de prêts d'honneur Néoterra","AIDE","REGIONAL","Nouvelle-Aquitaine","Région Nouvelle-Aquitaine","PRET_TAUX_ZERO","PME","","","","","50","50","","non","https://www.initiative-nouvelleaquitaine.fr/reprise-neoterra.html","","A_REVERIFIER","63","16"
"ae_11076","Fonds de Prévention des Risques Naturels Majeurs (FPRNM)","AIDE","NATIONAL","Toutes les Régions","Ministère de la Transition écologique, de la biodiversité et des négociations internationales sur le climat et la nature","SUBVENTION","PME","","","","","","","","non","https://www.ecologie.gouv.fr/financement-prevention-des-risques-naturels-et-hydrauliques","","A_REVERIFIER","69","16"
"ae_12727","Fonds de soutien au cinéma et à l’audiovisuel - Aide à la production","AIDE","REGIONAL","Guadeloupe","Région Guadeloupe","SUBVENTION","PME | ETI | GE","","","","","","","","non","https://aides.regionguadeloupe.fr/Fonds-de-soutien-au-cinema-et-a-l-audiovisuel-Aides-a-la-production","","A_REVERIFIER","75","16"
"ae_10953","Fonds de soutien au commerce rural","AIDE","NATIONAL","Toutes les Régions","Ministère de l’Economie, des Finances et de la Souveraineté Industrielle, Energétique et Numérique","SUBVENTION","PME","","","","","50","50","","non","https://anct.gouv.fr/programmes-dispositifs/reconquete-commerciale/le-fonds-de-soutien-au-commerce-rural","https://agence-cohesion-territoires.gouv.fr/sites/default/files/2023-02/Cahier%20des%20charges%20-%20accompagnement%20commerces%20en%20milieu%20ruralV2.pdf","A_REVERIFIER","81","16"
"ae_10520","Fonds de soutien Audiovisuel - Aide à la production","AIDE","REGIONAL","Île-de-France","Région Ile-de-France","SUBVENTION | AVANCE_REMBOURSABLE","PME | ETI | GE","","","","","","","","non","https://www.iledefrance.fr/aides-et-appels-a-projets/fonds-de-soutien-audiovisuel-aide-la-production","","A_REVERIFIER","63","16"
"ae_10017","Fonds de soutien Cinéma","AIDE","REGIONAL","Île-de-France","Région Ile-de-France","SUBVENTION","PME | ETI | GE","","","","","","","","non","https://www.iledefrance.fr/aides-et-appels-a-projets/fonds-de-soutien-cinema-aide-la-production","","A_REVERIFIER","75","16"
"ae_10015","Fonds de soutien Cinéma international","AIDE","REGIONAL","Île-de-France","Région Ile-de-France","SUBVENTION","PME | ETI | GE","","","","","","","","non","https://www.iledefrance.fr/fonds-de-soutien-cinema-international-ile-de-france","","A_REVERIFIER","75","16"
"ae_12593","Fonds de soutien exceptionnel suite aux intempéries hivernales","AIDE","REGIONAL","Nouvelle-Aquitaine","Région Nouvelle-Aquitaine","SUBVENTION","PME","","","","","","","","non","https://www.datapressepremium.com/rmdiff/2005566/20260402-CP-CreationFondsIntemperies-Nouvelle-Aquitaine.pdf","https://www.datapressepremium.com/rmdiff/2005566/20260402-CP-CreationFondsIntemperies-Nouvelle-Aquitaine.pdf","A_REVERIFIER","75","16"
"ae_10521","Fonds de soutien international Audiovisuel","AIDE","REGIONAL","Île-de-France","Région Ile-de-France","SUBVENTION","PME | ETI | GE","","","","","","","","non","https://www.iledefrance.fr/aides-et-appels-a-projets/fonds-de-soutien-cinema-international-aide-la-production","","A_REVERIFIER","69","16"
"ae_10985","Fonds direct ""Aelis Innovation 2""","AIDE","REGIONAL","Nouvelle-Aquitaine | Occitanie","Région Nouvelle-Aquitaine | Région Occitanie","SUBVENTION","PME | ETI | GE","","","","","","","","non","https://www.irdi.fr/innovation/aelis-innovation-aelis-innovation-2/","","A_REVERIFIER","69","16"
"ae_12835","Fonds local pour l’adaptation en Guadeloupe (FLAG) 2.0","AAP / AMI","REGIONAL","Guadeloupe","ADEME","SUBVENTION","STARTUP | PME | ETI | GE","","","","","","","2026-11-10","non","https://agirpourlatransition.ademe.fr/entreprises/aides-financieres/catalogue/aap/fonds-local-pour-ladaptation-en-guadeloupe-flag-20","","A_REVERIFIER","81","19"
"ae_12491","Fonds pour une transition juste (FTJ)","AIDE","REGIONAL","Hauts-de-France","Région Hauts-de-France | Union européenne","SUBVENTION","PME | ETI | GE","","","","","","","","non","https://europe-en-hautsdefrance.eu/je-minforme/les-financements-europeens/region/ftj","","A_REVERIFIER","75","16"
"ae_8581","Fonds Régional d’aide à l’Innovation (FRI) - Bourgogne Franche-Comté","AIDE","REGIONAL","Bourgogne-Franche-Comté","Bpifrance  | Région Bourgogne-Franche-Comté","SUBVENTION | AVANCE_REMBOURSABLE","PME | ETI | GE","","","","","","","","non","https://www.bourgognefranchecomte.fr/node/386","","A_REVERIFIER","63","16"
"ae_11871","Fonds régional d'aide au court métrage hors animation","AIDE","REGIONAL","Hauts-de-France","Région Hauts-de-France","SUBVENTION","PME","","","","","50","50","","non","https://www.pictanovo.com/financer-un-projet/","","A_REVERIFIER","75","16"
"ae_7840","Fonds régional d’aide aux œuvres audiovisuelles et cinématographiques","AIDE","REGIONAL","Guadeloupe","Région Guadeloupe","SUBVENTION","PME | ETI | GE","","","300000","300000","","","","non","https://aides.regionguadeloupe.fr/Fonds-regional-d-aide-aux-oeuvres-audiovisuelles-et-cinematographiques-2024-239","","A_REVERIFIER","75","16"
"ae_11309","Fonds Régional d'Amplification de la Troisième Révolution Industrielle - REV3","AIDE","REGIONAL","Hauts-de-France","Région Hauts-de-France","SUBVENTION","PME | ETI | GE","","","","","","","","non","https://guide-aides.hautsdefrance.fr/dispositif655","","A_REVERIFIER","69","16"
"ae_7907","Fonds régional pour le tourisme","AIDE","REGIONAL","Île-de-France","Région Ile-de-France","SUBVENTION","PME | ETI | GE","","","","","","","","non","https://www.iledefrance.fr/aides-et-appels-a-projets/fonds-regional-pour-le-tourisme","","A_REVERIFIER","75","16"
"ae_7141","Fonds stratégique pour le développement de la presse","AIDE","NATIONAL","Toutes les Régions","Ministère de la Culture ","SUBVENTION | AVANCE_REMBOURSABLE","PME","","","400000","600000","10","80","","non","https://www.culture.gouv.fr/Thematiques/presse-ecrite/liste-des-aides-a-la-presse-et-des-appels-a-projets/1.-presentation-du-fonds-strategique-pour-le-developpement-de-la-presse","","A_REVERIFIER","63","16"
"ae_12311","Fonds Terra Nea","AIDE","REGIONAL","Provence-Alpes-Côte d’Azur","Région Sud Provence-Alpes-Côte d'Azur","SUBVENTION","PME | ETI | GE","","","","","","","","non","https://www.maregionsud.fr/vos-aides/detail/terra-nea","","A_REVERIFIER","69","16"
"ae_11334","Fonds Territorial d'Accessibilité","AIDE","NATIONAL","Toutes les Régions","Ministère de l’Economie, des Finances et de la Souveraineté Industrielle, Energétique et Numérique","SUBVENTION","PME","","","300000","300000","50","50","","non","https://www.economie.gouv.fr/fonds-accessibilite","","A_REVERIFIER","75","16"
"ae_11627","Fonds Vert - Territoires d'Industrie en transition écologique","AAP / AMI","NATIONAL","Toutes les Régions","Ministère de la Transition écologique, de la biodiversité et des négociations internationales sur le climat et la nature","SUBVENTION","PME | ETI | GE","","","","","","","2026-12-31","non","https://demarche.numerique.gouv.fr/commencer/fonds-vert-3-territoires-industriewww.ecologie.gouv.fr/sites/default/files/documents/FV_Cahier_Axe3_Territoires_industrie_v2.1.pdf","https://demarche.numerique.gouv.fr/commencer/fonds-vert-3-territoires-industriewww.ecologie.gouv.fr/sites/default/files/documents/FV_Cahier_Axe3_Territoires_industrie_v2.1.pdf","A_REVERIFIER","88","19"
"occitanie_foster_official","FOSTER Région Occitanie — Prêt innovation à taux 0%","AIDE","REGIONAL","Occitanie","Région Occitanie","PRET_TAUX_ZERO","PME","","","","","97","97","","non","https://www.laregion.fr/foster","https://www.laregion.fr/IMG/pdf/1/d/7/foster_re_gion_occitanie_flyer_v_internet.pdf | https://www.laregion.fr/IMG/pdf/6/e/4/foster_re_gion_occitanie_guide_com_be_ne_ficaires.pdf | https://www.laregion.fr/IMG/pdf/3/2/4/foster_re_gion_occitanie_guide_d_expression_obligations_com.pdf | https://www.laregion.fr/IMG/zip/4/f/7/logos_foster_re_gion_occitanie.zip | https://www.laregion.fr/IMG/pdf/a/0/8/oc-fondseuropeens-affiche-a3-foster-2025-01-bd.pdf | https://hubentreprendre.laregion.fr/financement/garantie-foster-region-occitanie | https://hubentreprendre.laregion.fr/financement/pret-dhonneur-foster-region-occitanie | https://www.laregion.fr/IMG/pdf/3/c/a/coordonne_es_garantie_foster_maj062026.pdf | https://www.laregion.fr/IMG/pdf/e/1/2/coordonne_es_pre_t_foster_re_gion_occitanie.pdf | https://www.laregion.fr/Dispositif-Convention-Filieres-Territorialisees","A_REVERIFIER","44","19"
"ae_10753","France 2030 - Appel à projets : ""Projets collaboratifs / I-Démo Régionalisé"" - Occitanie","AAP / AMI","REGIONAL","Occitanie","Bpifrance  | Région Occitanie","SUBVENTION | AVANCE_REMBOURSABLE","PME | ETI | GE","","","","","40","60","2026-12-31","non","https://www.laregion.fr/Appel-a-projets-collaboratifs-I-Demo-Regionalise","https://www.laregion.fr/Appel-a-projets-collaboratifs-I-Demo-Regionalise","A_REVERIFIER","81","19"
"ae_10760","France 2030 - Appel à projets : ""Projets d'innovation"" - PACA","AAP / AMI","REGIONAL","Provence-Alpes-Côte d’Azur","Bpifrance  | Région Sud Provence-Alpes-Côte d'Azur","SUBVENTION | AVANCE_REMBOURSABLE","PME | ETI | GE","","","","","25","50","2026-09-30","non","http://innovationavenir-provencealpescotedazur.fr/Projets-d-Innovation","http://innovationavenir-provencealpescotedazur.fr/Projets-d-Innovation","A_REVERIFIER","81","19"
"ae_12755","France 2030 - Appel à projets : Standardisation des réseaux du futur","AAP / AMI","NATIONAL","Toutes les Régions","Bpifrance ","SUBVENTION | AVANCE_REMBOURSABLE","STARTUP | PME | ETI | GE","","","","","40","60","2027-01-15","non","https://www.bpifrance.fr/nos-appels-a-projets-concours/appel-a-projets-standardisation-des-reseaux-du-futur","https://www.bpifrance.fr/nos-appels-a-projets-concours/appel-a-projets-standardisation-des-reseaux-du-futur","A_REVERIFIER","81","19"
"ae_12758","France 2030 - Appel à projets ""Acquisition de données Géologiques vers des Industries Bas Carbone (AGIBaC)""","AAP / AMI","NATIONAL","Toutes les Régions","ADEME","SUBVENTION | AVANCE_REMBOURSABLE","PME | ETI | GE","","","","","40","40","2027-05-20","non","https://agirpourlatransition.ademe.fr/entreprises/aides-financieres/catalogue/aap/acquisition-de-donnees-geologiques-vers-des-industries-bas-carbone-agibac","https://agirpourlatransition.ademe.fr/entreprises/aides-financieres/catalogue/aap/acquisition-de-donnees-geologiques-vers-des-industries-bas-carbone-agibac","A_REVERIFIER","81","19"
"ae_12146","France 2030 - Appel à projets ""Démontrer la valeur des innovations en vie réelle""","AAP / AMI","NATIONAL","Toutes les Régions","Bpifrance ","SUBVENTION | AVANCE_REMBOURSABLE","PME | ETI | GE","","","","","40","60","2027-09-28","non","https://www.bpifrance.fr/nos-appels-a-projets-concours/appel-a-projets-challenge-prevention-demontrer-la-valeur-des-innovations-en-vie-reelle","https://www.bpifrance.fr/nos-appels-a-projets-concours/appel-a-projets-challenge-prevention-demontrer-la-valeur-des-innovations-en-vie-reelle","A_REVERIFIER","75","19"
"ae_10949","France 2030 - Appel à projets ""Développement de briques technologiques et démonstrateurs - Réalisations de premières industrielles associant l’offre et la demande (DEMIBaC)""","AAP / AMI","NATIONAL","Toutes les Régions","ADEME","SUBVENTION | AVANCE_REMBOURSABLE","PME | ETI | GE","","","","","","","2027-03-09","non","https://agirpourlatransition.ademe.fr/entreprises/aides-financieres/catalogue/aap/developpement-de-briques-technologiques-et-demonstrateurs-realisations-de-premieres-industrielles-associant-loffre-et-la-demande-demibac","","A_REVERIFIER","75","19"
"ae_10948","France 2030 - Appel à projets ""Développement de briques technologiques et services pour la décarbonation de l’industrie"" (IBaC PME)","AAP / AMI","NATIONAL","Toutes les Régions","ADEME","SUBVENTION","PME","","","","","35","45","2027-02-09","non","https://agirpourlatransition.ademe.fr/entreprises/aides-financieres/20220203/developpement-briques-technologiques-services-decarbonation-lindustrie","","A_REVERIFIER","81","19"
"ae_12759","France 2030 - Appel à projets ""Infrastructures de données et équipements numériques résilients et durables""","AAP / AMI","NATIONAL","Toutes les Régions","ADEME","SUBVENTION | AVANCE_REMBOURSABLE","PME | ETI | GE","","","","","40","60","2027-12-09","non","https://agirpourlatransition.ademe.fr/entreprises/aides-financieres/catalogue/aap/infrastructures-de-donnees-et-equipements-numeriques-resilients-et-durables","https://agirpourlatransition.ademe.fr/entreprises/aides-financieres/catalogue/aap/infrastructures-de-donnees-et-equipements-numeriques-resilients-et-durables","A_REVERIFIER","81","19"
"ae_12383","France 2030 - Appel à projets ""Pionniers de l’intelligence artificielle""","AAP / AMI","NATIONAL","Toutes les Régions","Bpifrance ","SUBVENTION | AVANCE_REMBOURSABLE","PME | ETI | GE","","","","","","","","non","https://www.bpifrance.fr/nos-appels-a-projets-concours/appel-a-projets-des-pionniers-de-lintelligence-artificielle","https://www.bpifrance.fr/nos-appels-a-projets-concours/appel-a-projets-des-pionniers-de-lintelligence-artificielle","A_REVERIFIER","69","16"
"ae_10668","France 2030 - Appel à projets ""Projets d'Innovation en Région Grand Est""","AAP / AMI","REGIONAL","Grand Est","Bpifrance  | Région Grand Est","SUBVENTION | AVANCE_REMBOURSABLE","PME | ETI | GE","","","","","","","2026-09-30","non","https://innovationavenir.grandest.fr/projets-davenir-innovation/","","A_REVERIFIER","75","19"
"ae_12528","France 2030 - Appel à projets ""Projets d'Innovation""","AAP / AMI","REGIONAL","Bourgogne-Franche-Comté","Bpifrance  | Région Bourgogne-Franche-Comté","SUBVENTION | AVANCE_REMBOURSABLE","PME | ETI | GE","","","","","","","2026-09-30","non","https://france2030.bourgognefranchecomte.fr/projets-d-innovation/","http://france2030.bourgognefranchecomte.fr/Projets-d-Innovation","A_REVERIFIER","81","19"
"ae_12242","France 2030 - Appel à projets ""Projets d'innovation"" - Nouvelle-Aquitaine","AAP / AMI","REGIONAL","Nouvelle-Aquitaine","Bpifrance  | Région Nouvelle-Aquitaine","SUBVENTION | AVANCE_REMBOURSABLE","PME | ETI | GE","","","","","25","50","2026-09-30","non","https://www.france2030-en-nouvelle-aquitaine.fr/projets-davenir-innovation/","https://www.france2030-en-nouvelle-aquitaine.fr/projets-davenir-innovation/","A_REVERIFIER","81","19"
"ae_12324","France 2030 - Appel à projets ""Transition numérique de la Culture et appropriation de l’intelligence artificielle""","AAP / AMI","NATIONAL","Toutes les Régions","Bpifrance ","SUBVENTION | AVANCE_REMBOURSABLE","PME | ETI | GE","","","","","","","2027-06-16","non","https://www.bpifrance.fr/nos-appels-a-projets-concours/appel-a-projets-transition-numerique-de-la-culture-et-appropriation-de-lintelligence-artificielle","https://www.bpifrance.fr/nos-appels-a-projets-concours/appel-a-projets-transition-numerique-de-la-culture-et-appropriation-de-lintelligence-artificielle","A_REVERIFIER","81","19"
"ae_12754","France 2030 - Appel à projets « Défi Flagships » - Sous-systèmes innovants pour la robotique et les équipements intelligents","AAP / AMI","NATIONAL","Toutes les Régions","Bpifrance ","SUBVENTION | AVANCE_REMBOURSABLE","PME | ETI | GE","","","","","40","60","2027-04-06","non","https://www.bpifrance.fr/nos-appels-a-projets-concours/appel-a-projets-defi-flagships","https://www.bpifrance.fr/nos-appels-a-projets-concours/appel-a-projets-defi-flagships","A_REVERIFIER","75","19"
"ae_11009","France 2030 - Diagnostic Cybersécurité","AIDE","NATIONAL","Toutes les Régions","Bpifrance ","SUBVENTION","PME | ETI | GE","","","","","50","50","","non","https://diag.bpifrance.fr/diag-cyber-securite?gad_source=1&gclid=EAIaIQobChMIioissYaOiQMVpV9BAh3H4yWQEAAYASAAEgLOOfD_BwE","","A_REVERIFIER","69","16"
"ae_11699","France 2030 - Projets d'innovation - Guyane","AAP / AMI","REGIONAL","Guyane","Bpifrance ","SUBVENTION | AVANCE_REMBOURSABLE","PME | ETI | GE","","","","","50","50","2026-09-30","non","https://france2030regionalise.ctguyane.fr/projets-d-innovation/","","A_REVERIFIER","75","19"
"ae_12651","France 2030 : Appel à projets ""Décarbonation de l'industrie - DECARB IND 25""","AAP / AMI","NATIONAL","Toutes les Régions","ADEME","SUBVENTION","PME | ETI | GE","","","","","","","2027-05-20","non","https://agirpourlatransition.ademe.fr/entreprises/aides-financieres/catalogue/aap/decarbonation-de-lindustrie-decarb-ind-25-2-releve","https://agirpourlatransition.ademe.fr/entreprises/aides-financieres/catalogue/aap/decarbonation-de-lindustrie-decarb-ind-25-2-releve","A_REVERIFIER","88","19"
"ae_12642","France 2030 : Appel à projets ""Projets d'Innovation"" - Martinique","AAP / AMI","REGIONAL","Martinique","Bpifrance  | Collectivité territoriale de Martinique (CTM)","SUBVENTION | AVANCE_REMBOURSABLE","PME | ETI | GE","","","","","40","60","2026-09-30","non","https://france2030regionalise-pref.collectivitedemartinique.mq/projets-d-innovation/","https://france2030regionalise-pref.collectivitedemartinique.mq/projets-d-innovation/","A_REVERIFIER","81","19"
"ae_8308","France 2030 : Appel à projets régionalisé ""INNO AVENIR Projets"" - Bretagne","AAP / AMI","REGIONAL","Bretagne","Bpifrance  | Région Bretagne","SUBVENTION | AVANCE_REMBOURSABLE","PME | ETI | GE","","","","","","","2026-12-31","non","https://inno-avenir.bretagne.bzh/projets-dentreprises/","https://inno-avenir.bretagne.bzh/projets-dentreprises/","A_REVERIFIER","81","19"
"ae_12737","France 2030 : Appel à projets régionalisé ""Projets de modernisation et d’adoption des technologies avancées"" - Grand-Est","AAP / AMI","REGIONAL","Grand Est","Bpifrance  | Région Grand Est","SUBVENTION","PME | ETI | GE","","","","","30","30","2026-12-31","non","https://innovationavenir.grandest.fr/projets-de-modernisation/","https://innovationavenir.grandest.fr/projets-de-modernisation/","A_REVERIFIER","88","19"
"ae_8423","France 2030 (volet régionalisé) : Appel à projets ""Pays de la Loire Innovation""","AAP / AMI","REGIONAL","Pays de la Loire","Bpifrance  | Région Pays de la Loire","SUBVENTION | AVANCE_REMBOURSABLE","PME | ETI | GE","","","","","","","2026-09-30","non","http://pia.paysdelaloire.fr/Projets-d-Innovation","http://pia.paysdelaloire.fr/Projets-d-Innovation","A_REVERIFIER","81","19"
"ae_10871","France 2030 (volet régionalisé) : Appel à projets ""Projets d'innovation"" - Hauts-de-France","AAP / AMI","REGIONAL","Hauts-de-France","Bpifrance  | Région Hauts-de-France","SUBVENTION | AVANCE_REMBOURSABLE","PME | ETI | GE","","","","","","","2026-09-30","non","https://inno-avenir.hautsdefrance.fr/projets-d-innovation/","https://inno-avenir.hautsdefrance.fr/projets-d-innovation/","A_REVERIFIER","81","19"
"ae_8456","Grand Est Agroalimentaire","AIDE","REGIONAL","Grand Est","Région Grand Est","SUBVENTION","PME | ETI | GE","","","","","40","40","","non","https://www.grandest.fr/vos-aides-regionales/grand-est-agroalimentaire/","","A_REVERIFIER","69","16"
"ae_12711","Grand Est innovation sociale en ruralité","AIDE","REGIONAL","Grand Est","Région Grand Est","SUBVENTION","PME","","","","","50","50","","non","https://www.grandest.fr/vos-aides-regionales/grand-est-innovation-sociale-en-ruralite/","","A_REVERIFIER","69","16"
"ae_12421","Grand Est Investissements Productifs Durables","AIDE","REGIONAL","Grand Est","Région Grand Est","SUBVENTION","PME","","","","","25","25","","non","https://www.grandest.fr/vos-aides-regionales/investissements-productifs-durables/","","A_REVERIFIER","69","16"
"ae_12307","Grand Est Start-Up","AIDE","REGIONAL","Grand Est","Région Grand Est","SUBVENTION","STARTUP | PME","","","","","45","45","","non","https://www.grandest.fr/vos-aides-regionales/grand-est-start-up/","","A_REVERIFIER","75","16"
"hdf_aHR0cDovL2d1aWRlLWFpZGVzLmhh","Guide des aides - Région Hauts-de-France","AIDE","REGIONAL","Hauts-de-France","Région Hauts-de-France","SUBVENTION","STARTUP | PME | GE","","","","","","","","oui","http://guide-aides.hautsdefrance.fr/","http://guide-aides.hautsdefrance.fr/dispositif820 | http://guide-aides.hautsdefrance.fr/dispositif901 | http://guide-aides.hautsdefrance.fr/dispositif1029","A_REVERIFIER","69","28"
"ae_10063","IDEE Action ""Mobilité décarbonée""","AIDE","REGIONAL","Normandie","Région Normandie","SUBVENTION","PME","","","","","","","","non","https://www.normandie.fr/idee-action-mobilite-durable","","A_REVERIFIER","69","16"
"ae_8376","IDEE Action production d'énergies renouvelables","AIDE","REGIONAL","Normandie","Région Normandie","SUBVENTION","PME | ETI | GE","","","","","","","","non","https://www.normandie.fr/idee-action-production-denergies-renouvelables","","A_REVERIFIER","69","16"
"ae_11386","IDEE CONSEIL : Aide à l’émergence et à la structuration d’un projet photovoltaïque exemplaire en autoconsommation","AIDE","REGIONAL","Normandie","Région Normandie","SUBVENTION","PME | ETI | GE","","","","","50","50","","non","https://www.normandie.fr/idee-conseil-aide-lemergence-et-la-structuration-dun-projet-photovoltaique-exemplaire-en","","A_REVERIFIER","75","16"
"ae_11610","IDEE Conseil ""Economie circulaire, prévention et gestion des déchets""","AIDE","REGIONAL","Normandie","Région Normandie","SUBVENTION","PME | ETI | GE","","","","","50","70","","non","https://www.normandie.fr/idee-conseil-economie-circulaire-prevention-et-gestion-des-dechets","","A_REVERIFIER","69","16"
"ae_8375","IDEE Innovation","AIDE","REGIONAL","Normandie","Région Normandie","SUBVENTION","PME","","","","","50","50","","non","https://www.normandie.fr/idee-innovation","","A_REVERIFIER","75","16"
"ae_12105","IDEE Innovation transition écologique","AIDE","REGIONAL","Normandie","Région Normandie","SUBVENTION","PME","","","","","50","50","","non","https://www.normandie.fr/idee-innovation-transition-ecologique","","A_REVERIFIER","69","16"
"ae_7777","Impulsion Conseil","AIDE","REGIONAL","Normandie","Région Normandie","SUBVENTION","PME","","","","","50","50","","non","https://adnormandie.fr/wp-content/uploads/2025/11/REGLEMENT-IMP-CONSEIL.pdf","https://adnormandie.fr/wp-content/uploads/2025/11/REGLEMENT-IMP-CONSEIL.pdf","A_REVERIFIER","81","16"
"ae_8170","Impulsion environnement","AIDE","REGIONAL","Normandie","Région Normandie","SUBVENTION","PME | ETI | GE","","","","","","","","non","https://adnormandie.fr/wp-content/uploads/2025/11/REGLEMENT-IMP-ENVIRONNEMENT-.pdf","https://adnormandie.fr/wp-content/uploads/2025/11/REGLEMENT-IMP-ENVIRONNEMENT-.pdf","A_REVERIFIER","81","16"
"tee_dg_148","Impulsion Environnement","AIDE","NATIONAL","Toutes les Régions","Transition écologique des entreprises — catalogue ouvert","SUBVENTION | PRET_TAUX_ZERO","","","","","","","","","non","https://mission-transition-ecologique.beta.gouv.fr/aides-entreprise/impulsion-environnement?utm_campaign=openData","","A_REVERIFIER","31","3"
"ae_7783","Impulsion Export Individuel","AIDE","REGIONAL","Normandie","Région Normandie","SUBVENTION","PME","","","","","","","","non","https://adnormandie.fr/wp-content/uploads/2022/03/231106_Reglement_Impulsion_Export_VF.pdf","https://adnormandie.fr/wp-content/uploads/2022/03/231106_Reglement_Impulsion_Export_VF.pdf","A_REVERIFIER","81","16"
"ae_7785","Impulsion Innovation","AIDE","REGIONAL","Normandie","Région Normandie","SUBVENTION | AVANCE_REMBOURSABLE","PME | ETI | GE","","","","","","","","non","https://www.normandie.fr/impulsion-innovation","","A_REVERIFIER","69","16"
"ae_8975","Impulsion Invest","AIDE","REGIONAL","Normandie","Région Normandie","SUBVENTION","PME | ETI | GE","","","","","10","50","","non","https://adnormandie.fr/offre/impulsion-invest-btob/","","A_REVERIFIER","69","16"
"ae_8912","Impulsion Transition","AIDE","REGIONAL","Normandie","Région Normandie","SUBVENTION","PME","","","","","50","50","","non","https://adnormandie.fr/impulsion-transition/","","A_REVERIFIER","75","16"
"ae_3976","Incubateur Emergys Bretagne","AIDE","REGIONAL","Bretagne","Région Bretagne","SUBVENTION","STARTUP | PME","","","","","","","","non","https://www.bretagne.bzh/aides/fiches/emergys-bretagne/","","A_REVERIFIER","75","16"
"ae_12631","Indemnité carburant - Aide pour les travailleurs « grands rouleurs »","AIDE","NATIONAL","Toutes les Régions","Ministère de l’Economie, des Finances et de la Souveraineté Industrielle, Energétique et Numérique","SUBVENTION","PME","","","","","","","2026-09-30","non","https://www.info.gouv.fr/communique/aides-carburants","https://www.legifrance.gouv.fr/jorf/id/JORFTEXT000054816656","A_REVERIFIER","81","19"
"ae_10628","INNO Expé Numérique","AIDE","REGIONAL","Bretagne","Région Bretagne","SUBVENTION | AVANCE_REMBOURSABLE","PME","","","","","35","50","","non","https://www.bretagne.bzh/aides/fiches/inno-experimentation-numerique/","","A_REVERIFIER","69","16"
"ae_9342","Innov'up","AIDE","REGIONAL","Île-de-France","Bpifrance  | Région Ile-de-France","SUBVENTION | AVANCE_REMBOURSABLE","PME | ETI | GE","","","300000","300000","70","70","","non","https://www.iledefrance.fr/innovup","","A_REVERIFIER","69","16"
"ae_10796","Innov'up Expérimentation - Transition écologique des territoires","AIDE","REGIONAL","Île-de-France","Bpifrance  | Région Ile-de-France","SUBVENTION | AVANCE_REMBOURSABLE","PME | ETI | GE","","","","","45","45","","non","https://www.iledefrance.fr/aides-et-appels-a-projets/innovup-experimentation-transition-ecologique-des-territoires","https://mesdemarches.iledefrance.fr/document-collect/cridfprd/root/public?objectId=3fca3bd8-fffe-49b9-bb1a-8c54d6c209ce;1.0","A_REVERIFIER","75","16"
"ae_11103","Innov’up Expérimentation Silver Économie/Bien vieillir","AIDE","REGIONAL","Île-de-France","Bpifrance  | Région Ile-de-France","SUBVENTION | AVANCE_REMBOURSABLE","PME | ETI | GE","","","","","45","45","","non","https://www.iledefrance.fr/innovup-experimentation-silver-economie-bien-vieillir","","A_REVERIFIER","69","16"
"ae_8077","Innovation Start-up","AIDE","REGIONAL","Nouvelle-Aquitaine","Région Nouvelle-Aquitaine","SUBVENTION | AVANCE_REMBOURSABLE","STARTUP | PME","","","","","80","80","","non","https://les-aides.nouvelle-aquitaine.fr/economie-et-emploi/innovation-start","","A_REVERIFIER","63","16"
"ae_9046","Innover par les usages","AIDE","REGIONAL","Auvergne-Rhône-Alpes","Région Auvergne-Rhône-Alpes","SUBVENTION","STARTUP | PME","","","","","50","50","","non","https://www.auvergnerhonealpes.fr/aides/innover-par-les-usages","","A_REVERIFIER","69","16"
"tee_dg_62","Investissement ""Chaleur bois""","AIDE","NATIONAL","Toutes les Régions","Transition écologique des entreprises — catalogue ouvert","SUBVENTION","","","","","","","","","non","https://mission-transition-ecologique.beta.gouv.fr/aides-entreprise/investissement-chaleur-bois?utm_campaign=openData","","A_REVERIFIER","38","3"
"tee_dg_73","Investissement ""PAC solaire""","AIDE","NATIONAL","Toutes les Régions","Transition écologique des entreprises — catalogue ouvert","SUBVENTION","","","","","","","","","non","https://mission-transition-ecologique.beta.gouv.fr/aides-entreprise/investissement-pac-solaire?utm_campaign=openData","","A_REVERIFIER","38","3"
"tee_dg_77","Investissement ""réemploi réutilisation réparation""","AIDE","NATIONAL","Toutes les Régions","Transition écologique des entreprises — catalogue ouvert","SUBVENTION","","","","","","","","","non","https://mission-transition-ecologique.beta.gouv.fr/aides-entreprise/investissement-reemploi-reutilisation-reparation?utm_campaign=openData","","A_REVERIFIER","38","3"
"tee_dg_81","Investissement ""solaire thermique Outre-mer""","AIDE","NATIONAL","Toutes les Régions","Transition écologique des entreprises — catalogue ouvert","SUBVENTION","","","","","","","","","non","https://mission-transition-ecologique.beta.gouv.fr/aides-entreprise/investissement-solaire-thermique-outre-mer?utm_campaign=openData","","A_REVERIFIER","38","3"
"tee_dg_80","Investissement ""Solaire thermique""","AIDE","NATIONAL","Toutes les Régions","Transition écologique des entreprises — catalogue ouvert","SUBVENTION","","","","","","","","","non","https://mission-transition-ecologique.beta.gouv.fr/aides-entreprise/investissement-solaire-thermique?utm_campaign=openData","","A_REVERIFIER","38","3"
"tee_dg_66","Investissement contre le gaspillage alimentaire","AIDE","NATIONAL","Toutes les Régions","Transition écologique des entreprises — catalogue ouvert","SUBVENTION","","","","","","","","","non","https://mission-transition-ecologique.beta.gouv.fr/aides-entreprise/investissement-contre-le-gaspillage-alimentaire?utm_campaign=openData","","A_REVERIFIER","38","3"
"ae_7589","Investissement de soutien automatique dans la production de films de court métrage","AIDE","NATIONAL","Toutes les Régions","Centre National du Cinéma (CNC)","SUBVENTION","PME | ETI | GE","","","","","80","80","","non","https://www.cnc.fr/professionnels/aides-et-financements/court-metrage/production/investissement-de-soutien-automatique-dans-la-production-de-films-de-court-metrage_191704","","A_REVERIFIER","75","16"
"ae_8081","Investissement Start-up","AIDE","REGIONAL","Nouvelle-Aquitaine","Région Nouvelle-Aquitaine","SUBVENTION","STARTUP | PME","","","","","","","","non","https://les-aides.nouvelle-aquitaine.fr/economie-et-emploi/investissement-start","","A_REVERIFIER","69","16"
"ae_10979","Kap Numérik","AIDE","REGIONAL","La Réunion","Région Réunion | Union européenne","SUBVENTION","PME","","","","","80","80","","non","https://lanouvelleeconomie.re/aides/1-2-5-kap-numerik/","","A_REVERIFIER","69","16"
"ae_12120","KAP TPE","AIDE","REGIONAL","La Réunion","Région Réunion","SUBVENTION","PME","","","","","10","50","","non","https://www.regionreunion.com/actualite/toute-l-actualite/article/dispositif-kap-tpe-un-benefice-pour-les-entreprises","","A_REVERIFIER","69","16"
"ae_6377","Magazine : aide sélective à la production","AIDE","NATIONAL","Toutes les Régions","Centre National du Cinéma (CNC)","SUBVENTION","PME | ETI | GE","","","","","40","50","2026-10-02","non","https://www.cnc.fr/professionnels/aides-et-financements/audiovisuel/production/magazine-aide-selective_191492","","A_REVERIFIER","81","19"
"tee_dg_91","Mission de Conseil RSE","AIDE","NATIONAL","Toutes les Régions","Transition écologique des entreprises — catalogue ouvert","SUBVENTION","","","","","","","","","non","https://mission-transition-ecologique.beta.gouv.fr/aides-entreprise/mission-conseil-rse?utm_campaign=openData","","A_REVERIFIER","38","3"
"ae_12717","Mobili'Pro : optimisation des déplacements professionnels","AIDE","REGIONAL","Normandie","ADEME","SUBVENTION","PME | ETI | GE","","","","","50","50","2026-10-12","non","https://agirpourlatransition.ademe.fr/entreprises/aides-financieres/catalogue/aap/mobilipro-optimisation-des-deplacements-professionnels","","A_REVERIFIER","75","19"
"ae_12634","Module Stratégie d’Entreprise : Export","AIDE","REGIONAL","Grand Est","Région Grand Est","SUBVENTION","PME | ETI | GE","","","","","50","100","","non","https://www.grandest.fr/vos-aides-regionales/module-strategie-dentreprise-export/","","A_REVERIFIER","69","16"
"ae_11102","Modules Transformants Industrie 5.0","AIDE","REGIONAL","Grand Est","Région Grand Est","SUBVENTION","PME | ETI | GE","","","","","50","50","","non","https://www.grandest.fr/vos-aides-regionales/modules-transformants-industrie-5-0/","","A_REVERIFIER","69","16"
"ae_12180","Mon bouclier cyber essentiel","AIDE","REGIONAL","Provence-Alpes-Côte d’Azur","Région Sud Provence-Alpes-Côte d'Azur","SUBVENTION","PME","","","300000","300000","100","100","","non","https://www.maregionsud.fr/vos-aides/detail/mon-bouclier-cyber-essentiel","","A_REVERIFIER","69","16"
"ae_11680","Mon bouclier cyber expert","AIDE","REGIONAL","Provence-Alpes-Côte d’Azur","Région Sud Provence-Alpes-Côte d'Azur","SUBVENTION","PME","","","300000","300000","50","80","","non","https://www.maregionsud.fr/vos-aides/detail/mon-bouclier-cyber-expert","","A_REVERIFIER","75","16"
"tee_dg_125","Nature ta ville","AIDE","NATIONAL","Toutes les Régions","Transition écologique des entreprises — catalogue ouvert","SUBVENTION","","","","","","","","","non","https://mission-transition-ecologique.beta.gouv.fr/aides-entreprise/nature-ta-ville?utm_campaign=openData","","A_REVERIFIER","38","3"
"ae_11388","Normandie Entreprises Industries - Industries agroalimentaires","AIDE","REGIONAL","Normandie","Région Normandie","SUBVENTION","PME","","","","","30","30","","non","https://www.normandie.fr/normandie-entreprises-industries-industries-agroalimentaires","","A_REVERIFIER","69","16"
"ae_10062","Normandie Incubation","AIDE","REGIONAL","Normandie","Région Normandie","SUBVENTION | AVANCE_REMBOURSABLE","PME | STARTUP","","","","","","","","non","https://www.normandie-incubation.com/","","A_REVERIFIER","63","16"
"ae_11044","Pack IA (Intelligence Artificielle)","AIDE","REGIONAL","Île-de-France","Région Ile-de-France","SUBVENTION","PME | ETI | GE","","","","","50","50","","non","https://www.packia.fr/","","A_REVERIFIER","69","16"
"ae_10601","Pack relocalisation - Aide à la formation des salariés","AIDE","REGIONAL","Auvergne-Rhône-Alpes","Région Auvergne-Rhône-Alpes | Union Européenne-FSE","SUBVENTION","PME | ETI | GE","","","","","50","50","","non","https://www.auvergnerhonealpes.fr/aides/pack-relocalisation-former-les-salaries","","A_REVERIFIER","63","16"
"ae_10993","Pack relocalisation - Aide aux partenariats entre les PME innovantes et les donneurs d'ordre","AIDE","REGIONAL","Auvergne-Rhône-Alpes","Région Auvergne-Rhône-Alpes","SUBVENTION","STARTUP | PME | ETI | GE","","","","","","","","non","https://www.auvergnerhonealpes.fr/aides/pack-relocalisation-impulser-un-partenariat-pme-innovantes-et-donneurs-dordre","","A_REVERIFIER","75","16"
"ae_11006","Pack relocalisation - Renfort des filières stratégiques","AIDE","REGIONAL","Auvergne-Rhône-Alpes","Région Auvergne-Rhône-Alpes","SUBVENTION","PME","","","","","","","","non","https://www.auvergnerhonealpes.fr/aides/pack-relocalisation-renforcer-les-filieres-strategiques","","A_REVERIFIER","69","16"
"ae_10996","Pack relocalisation - Soutien à l'investissement industriel","AIDE","REGIONAL","Auvergne-Rhône-Alpes","Région Auvergne-Rhône-Alpes","SUBVENTION","PME | ETI | GE","","","","","","","","non","https://www.auvergnerhonealpes.fr/aides/pack-relocalisation-soutenir-linvestissement-industriel","","A_REVERIFIER","69","16"
"ae_11036","Pack relocalisation - Trouver les compétences","AIDE","REGIONAL","Auvergne-Rhône-Alpes","Région Auvergne-Rhône-Alpes","SUBVENTION","PME","","","","","","","","non","https://www.auvergnerhonealpes.fr/aides/pack-relocalisation-trouver-les-competences","","A_REVERIFIER","75","16"
"ae_11034","Pacte Emergence","AIDE","NATIONAL","Toutes les Régions","France Active","SUBVENTION","PME","","","","","","","","non","https://fondes.fr/produit/pacte-emergence/","","A_REVERIFIER","69","16"
"ae_10904","PACTE Entreprises - Audit énergétique volontaire en industrie","AIDE","REGIONAL","Bourgogne-Franche-Comté | Centre-Val de Loire | Corse | Grand Est | Guadeloupe | Guyane | La Réunion | Martinique | Mayotte | Normandie | Nouvelle-Aquitaine | Occitanie | Provence-Alpes-Côte d’Azur | Île-de-France","ADEME","SUBVENTION","PME | ETI | GE","","","","","","","2026-12-31","non","https://agirpourlatransition.ademe.fr/entreprises/aides-financieres/catalogue/2026/pacte-entreprises-audit-energetique-volontaire-en-industrie","","A_REVERIFIER","75","19"
"ae_12545","PACTE Entreprises - Booster Entreprises","AAP / AMI","NATIONAL","Toutes les Régions","ADEME","SUBVENTION","PME","","","","","70","80","2026-12-31","non","https://agirpourlatransition.ademe.fr/entreprises/aides-financieres/catalogue/2026/pacte-entreprises-booster-entreprises-reduire-votre-facture-energetique-et-gagner-en-valeur-verte","","A_REVERIFIER","81","19"
"ae_12702","Parcours ""De la matière à la marque - Parcours de valorisation pour innover et se différencier""","AIDE","REGIONAL","Nouvelle-Aquitaine","Région Nouvelle-Aquitaine","SUBVENTION","PME","","","","","100","100","2027-04-01","non","https://les-aides.nouvelle-aquitaine.fr/amenagement-du-territoire/de-la-matiere-la-marque-parcours-de-valorisation-pour-innover-et-se-differencier","","A_REVERIFIER","81","19"
"ae_8304","Pass Commerce et Artisanat","AIDE","REGIONAL","Bretagne","Baud Communauté | Brest Métropole | Bretagne Porte de Loire Communauté | CA Concarneau Cornouaille | CA Golfe du Morbihan - Vannes Agglomération | CA Quimper Bretagne Occidentale | Cap-Sizun Pointe du Raz | CC Arc Sud Bretagne | CC Belle Ile en Mer | CC Blavet Bellevue Océan | CC Bretagne Romantique | CC Côte d'Émeraude | CC de l'Oust à Brocéliandre | CC de la Haute-Cornouaille | CC du Kreiz-Breizh | CC du Pays de Dol et de la Baie du Mont-Saint-Michel | CC du Pays de Landivisiau | CC du Pays de Lesneven et de la côte des légendes | CC du Pays des Abers | CC du Val d’Ille Aubigné | CC Haut Pays Bigouden | CC Lamballe Terre & Mer | CC Pays Bigouden Sud | CC Pleyben-Châteaulin-Porzay  | CC Prequ'Ile de Crozon Aulne Maritime | Couesnon Marches de Bretagne  | Dinan Agglomération | Douarnenez Communauté  | Fougères Agglomération | La Roche aux Fées Communauté | Lannion-Trégor Communauté | Lorient Agglomération | Loudéac Communauté | Montfort Communauté | Monts d’Arrée Communauté  | Morlaix Communauté | Pays d'Auray | Pays de Chateaugiron Communauté | Pays Fouesnantais | Ploërmel Communauté | Poher Communauté | Questembert Communauté | Quimperlé Communauté | Redon Agglomération | Région Bretagne | Rennes Métropole | Saint-Brieuc Armor Agglomération | Vallons de Haute Bretagne Communauté | Vitré Communauté | Pays d'Iroise Communauté | Roi Morvan Communauté","SUBVENTION","PME","","","","","30","30","","non","https://www.bretagne.bzh/aides/fiches/pass-commerce-artisanat/","","A_REVERIFIER","75","16"
"ae_9175","Pass Cyber Conseil","AIDE","REGIONAL","Hauts-de-France","Région Hauts-de-France","SUBVENTION","PME","","","","","50","80","","non","https://guide-aides.hautsdefrance.fr/spip.php?page=dispositif&id_dispositif=867","","A_REVERIFIER","69","16"
"ae_10124","Pass Cyber Formation","AIDE","REGIONAL","Hauts-de-France","Région Hauts-de-France","SUBVENTION","PME","","","","","50","50","","non","https://guide-aides.hautsdefrance.fr/dispositif924","","A_REVERIFIER","69","16"
"ae_10944","Pass Economie de Proximité","AIDE","REGIONAL","Occitanie","Région Occitanie","SUBVENTION","PME","","","300000","300000","30","50","","non","https://www.laregion.fr/Pass-Economie-de-Proximite","","A_REVERIFIER","75","16"
"ae_8212","PASS Investissement TPE","AIDE","REGIONAL","Bretagne","Région Bretagne","SUBVENTION","PME","","","","","20","20","2026-10-01","non","https://www.bretagne.bzh/aides/fiches/pass-investissement-tpe/","","A_REVERIFIER","81","19"
"ae_8880","Pass Métiers d’Arts","AIDE","REGIONAL","Occitanie","Région Occitanie","SUBVENTION","PME","","","","","50","50","","non","https://www.laregion.fr/Pass-Metiers-d-art","","A_REVERIFIER","69","16"
"ae_7757","Pass PI","AIDE","NATIONAL","Toutes les Régions","INPI","SUBVENTION","PME","","","","","50","50","","non","https://www.inpi.fr/fr/pass-pi","","A_REVERIFIER","69","16"
"ae_8076","Pass Start Up","AIDE","REGIONAL","Nouvelle-Aquitaine","Région Nouvelle-Aquitaine","SUBVENTION","STARTUP | PME","","","","","50","50","","non","https://les-aides.nouvelle-aquitaine.fr/economie-et-emploi/pass-start","","A_REVERIFIER","63","16"
"ae_10916","Pass Transformation Ecologique","AIDE","REGIONAL","Occitanie","Région Occitanie","SUBVENTION","PME","","","","","50","50","","non","https://www.laregion.fr/Pass-Transformation-Ecologique","https://www.laregion.fr/IMG/pdf/4/5/d/diff_2030501250826171038.pdf","A_REVERIFIER","81","16"
"tee_dg_142","Pass Transformation Ecologique","AIDE","NATIONAL","Toutes les Régions","Transition écologique des entreprises — catalogue ouvert","SUBVENTION","","","","","","","","","non","https://mission-transition-ecologique.beta.gouv.fr/aides-entreprise/pass-transformation-ecologique?utm_campaign=openData","","A_REVERIFIER","38","3"
"ae_11383","PASS Transitions","AIDE","REGIONAL","Bretagne","Région Bretagne","SUBVENTION","PME","","","300000","300000","50","50","2026-10-01","non","https://www.bretagne.bzh/aides/fiches/pass-transitions/","","A_REVERIFIER","75","19"
"ae_8008","Pass'export","AIDE","REGIONAL","Bourgogne-Franche-Comté","Région Bourgogne-Franche-Comté","SUBVENTION","PME","","","","","50","50","","non","https://www.bourgognefranchecomte.fr/node/398","","A_REVERIFIER","75","16"
"ae_12362","Passeport pour le retour, pour la mobilité des actifs salariés et pour la mobilité des entreprises innovantes","AIDE","REGIONAL","Guadeloupe | Guyane | La Réunion | Martinique | Mayotte","Ministère des Outre-Mer","SUBVENTION","PME","","","","","","","","non","https://www.legifrance.gouv.fr/jorf/id/JORFTEXT000052199768","","A_REVERIFIER","69","16"
"ae_9065","Pays de la Loire Accès Innovation","AIDE","REGIONAL","Pays de la Loire","Bpifrance  | Région Pays de la Loire","SUBVENTION","PME | ETI | GE","","","","","50","50","","non","https://www.paysdelaloire.fr/les-aides/pays-de-la-loire-acces-innovation","","A_REVERIFIER","69","16"
"ae_9064","Pays de la Loire Accès recherche","AIDE","REGIONAL","Pays de la Loire","Bpifrance  | Région Pays de la Loire","SUBVENTION","PME | ETI | GE","","","","","50","50","","non","https://www.paysdelaloire.fr/les-aides/pays-de-la-loire-acces-recherche","","A_REVERIFIER","69","16"
"ae_11994","Pays de la Loire Capital Impact","AIDE","REGIONAL","Pays de la Loire","Région Pays de la Loire","SUBVENTION","PME","","","","","","","","non","https://www.paysdelaloire.fr/les-aides/pays-de-la-loire-capital-impact","","A_REVERIFIER","75","16"
"ae_8020","Pays de la Loire Conseil","AIDE","REGIONAL","Pays de la Loire","Région Pays de la Loire","SUBVENTION","PME","","","","","30","30","","non","https://www.paysdelaloire.fr/les-aides/pays-de-la-loire-conseil","","A_REVERIFIER","75","16"
"ae_11658","Pays de la Loire Cyber Diagnostic","AIDE","REGIONAL","Pays de la Loire","Région Pays de la Loire","SUBVENTION","PME","","","","","30","30","","non","https://www.paysdelaloire.fr/les-aides/pays-de-la-loire-cyber-diagnostic","https://www.paysdelaloire.fr/sites/default/files/aides/ddab3132-f58c-11ee-95da-7781fafe3347/subvention_reglement-dintervention_ddab3132_ri.pdf","A_REVERIFIER","75","16"
"ae_11995","Pays de la Loire Emploi Transitions","AIDE","REGIONAL","Pays de la Loire","Région Pays de la Loire","SUBVENTION","PME","","","300000","300000","30","30","","non","https://www.paysdelaloire.fr/les-aides/pays-de-la-loire-emploi-transitions","","A_REVERIFIER","75","16"
"ae_9362","Pays de la Loire Entrepreneurs Engagés","AIDE","REGIONAL","Pays de la Loire","Région Pays de la Loire","SUBVENTION","PME | ETI | GE","","","","","2","2","","non","https://www.paysdelaloire.fr/les-aides/pays-de-la-loire-entrepreneurs-engages","","A_REVERIFIER","69","16"
"ae_9066","Pays de la Loire Initiative Innovation","AIDE","REGIONAL","Pays de la Loire","Bpifrance  | Région Pays de la Loire","SUBVENTION","PME | ETI | GE","","","","","70","70","","non","https://www.paysdelaloire.fr/les-aides/pays-de-la-loire-initiative-innovation-pl2i","","A_REVERIFIER","75","16"
"ae_11442","Pays de la Loire Investissement numérique","AIDE","REGIONAL","Pays de la Loire","Région Pays de la Loire","SUBVENTION","PME","","","","","30","40","","non","https://www.paysdelaloire.fr/les-aides/pays-de-la-loire-investissement-numerique","","A_REVERIFIER","75","16"
"ae_11996","Pays de la Loire Prêt Entreprise","AIDE","REGIONAL","Pays de la Loire","Région Pays de la Loire","SUBVENTION","PME | ETI | GE","","","","","3.3","3.3","","non","https://www.paysdelaloire.fr/les-aides/pays-de-la-loire-pret-entreprise","","A_REVERIFIER","69","16"
"tee_dg_173","Plan d'aide au report modal (PARM)","AIDE","NATIONAL","Toutes les Régions","Transition écologique des entreprises — catalogue ouvert","SUBVENTION","","","","","","","","","non","https://mission-transition-ecologique.beta.gouv.fr/aides-entreprise/parm-vnf?utm_campaign=openData","","A_REVERIFIER","38","3"
"ae_11890","Plan d'Amplification Digital (PAD)","AIDE","NATIONAL","Toutes les Régions","DEFI - Comité de développement et de promotion de l'habillement","SUBVENTION","PME | ETI | GE","","","","","","","","non","https://www.defimode.org/nos-aides/transformation-digitale-rse/","","A_REVERIFIER","75","16"
"tee_dg_126","Plan Solaire : Paré pour le solaire","AIDE","NATIONAL","Toutes les Régions","Transition écologique des entreprises — catalogue ouvert","SUBVENTION","","","","","","","","","non","https://mission-transition-ecologique.beta.gouv.fr/aides-entreprise/solaire-ready?utm_campaign=openData","","A_REVERIFIER","38","3"
"tee_dg_127","Plan Solaire Sud PV Plus","AIDE","NATIONAL","Toutes les Régions","Transition écologique des entreprises — catalogue ouvert","SUBVENTION","","","","","","","","","non","https://mission-transition-ecologique.beta.gouv.fr/aides-entreprise/smart-pv?utm_campaign=openData","","A_REVERIFIER","38","3"
"ae_3453","PM'up","AAP / AMI","REGIONAL","Île-de-France","Région Ile-de-France","SUBVENTION","PME","","","300000","300000","15","50","","non","https://www.iledefrance.fr/aides-et-appels-a-projets/pmup","https://mesdemarches.iledefrance.fr/document-collect/cridfprd/root/public?objectId=fb746eb4-0103-4e31-be81-461963198021%3B1.0","A_REVERIFIER","81","16"
"ae_8319","Presta’INNO","AIDE","REGIONAL","Bourgogne-Franche-Comté","Bpifrance  | Région Bourgogne-Franche-Comté","SUBVENTION","PME","","","","","50","70","","non","https://www.bourgognefranchecomte.fr/node/419","","A_REVERIFIER","75","16"
"ae_11078","Prêt Apport en Capital","AIDE","NATIONAL","Toutes les Régions","ADIE","AVANCE_REMBOURSABLE","PME","","","","","","","","non","https://www.adie.org/a-la-une/actualite/ladie-met-en-place-le-pret-apport-en-capital-une-avance-jusqua-3-000-euros-a-taux-zero/","","A_REVERIFIER","63","16"
"ae_11302","Prêt d’amorçage Grand Est","AIDE","REGIONAL","Grand Est","Bpifrance  | Région Grand Est","SUBVENTION","PME","","","","","5","5","","non","https://www.grandest.fr/vos-aides-regionales/pret-amorcage/","","A_REVERIFIER","63","16"
"ae_2696","Prêt d'honneur Créalia","AIDE","REGIONAL","Occitanie","Bpifrance  | Financeurs privés | Région Occitanie | Union européenne","PRET_TAUX_ZERO","PME","","","","","","","","non","https://www.crealia.org/","","A_REVERIFIER","63","16"
"pdl_ods_8","Prêt d'honneur Création Reprise","AIDE","REGIONAL","Pays de la Loire","Région Pays de la Loire","PRET_TAUX_ZERO | SUBVENTION","","","","","","","","","non","https://www.paysdelaloire.fr/les-aides","","A_REVERIFIER","38","3"
"ae_2103","Prêt d'honneur HODEFI","AIDE","REGIONAL","Hauts-de-France","Bpifrance  | Métropole Européenne de Lille - MEL | Région Hauts-de-France","PRET_TAUX_ZERO","STARTUP | PME","","","","","","","","non","https://www.hodefi.fr/","","A_REVERIFIER","63","16"
"ae_2259","Prêt d'honneur IMACréa","AIDE","REGIONAL","Martinique","Collectivité territoriale de Martinique (CTM) | Financeurs privés | Union Européenne-FEDER | Union Européenne-FSE | Bpifrance ","PRET_TAUX_ZERO","STARTUP | PME","","","","","","","","non","https://www.ima.mq/","","A_REVERIFIER","69","16"
"ae_2152","Prêt d'honneur Indre Initiative","AIDE","REGIONAL","Bretagne","Bpifrance  | Département 36 - Indre | Financeurs privés | Région Centre-Val de Loire","PRET_TAUX_ZERO","PME","","","","","","","","non","http://www.initiative-indre.com/","","A_REVERIFIER","63","16"
"ae_3600","Prêt d'honneur Initiative Guadeloupe","AIDE","REGIONAL","Guadeloupe","Bpifrance  | Département 971 - Guadeloupe | Région Guadeloupe | Union européenne","PRET_TAUX_ZERO","PME","","","","","","","","non","http://www.initiative-guadeloupe.fr/","","A_REVERIFIER","63","16"
"ae_10924","Prêt d'honneur Initiative Mayotte","AIDE","REGIONAL","Mayotte","Bpifrance  | Caisse des Dépôts et Consignations | CCI de Mayotte | Département 976 - Mayotte","SUBVENTION | PRET_TAUX_ZERO","PME","","","","","","","","non","https://www.initiative-mayotte.fr/","","A_REVERIFIER","69","16"
"ae_6784","Prêt d'honneur Initiative Réunion","AIDE","REGIONAL","La Réunion","Bpifrance  | CA CASUD – Communauté Intercommunale Réunion SUD  | CA CINOR - Communauté Intercommunale du Nord de la Réunion | CA CIREST - Communauté Intercommunale Réunion EST | CA CIVIS - Communauté Intercommunale des Villes Solidaires | CA TO Territoire Ouest  | État | Ministère de l’Economie, des Finances et de la Souveraineté Industrielle, Energétique et Numérique | Région Réunion | Union Européenne-FEDER","PRET_TAUX_ZERO","PME","","","","","0","0","","non","http://www.initiative-reunion.fr/le-pret-d-honneur-alize.html","","A_REVERIFIER","63","16"
"ae_12588","Prêt d’Honneur Innovation","AIDE","REGIONAL","Nouvelle-Aquitaine","Financeurs privés | Région Nouvelle-Aquitaine","PRET_TAUX_ZERO","STARTUP | PME","","","","","","","","non","https://www.aquiti.fr/metiers/pret-dhonneur","","A_REVERIFIER","56","16"
"ae_8783","Prêt d’honneur Occitanie Transmission","AIDE","REGIONAL","Occitanie","Région Occitanie","PRET_TAUX_ZERO","PME","","","","","","","","non","http://www.initiative-occitanie.fr/le-pret-dhonneur-occitanie-transmission.html","","A_REVERIFIER","63","16"
"ae_7929","Prêt d'honneur Pays de La Loire transmission-reprise","AIDE","REGIONAL","Pays de la Loire","Bpifrance  | Région Pays de la Loire","PRET_TAUX_ZERO","PME","","","","","","","","non","http://www.initiative-paysdelaloire.fr/pays-de-la-loire-transmission-reprise.html","","A_REVERIFIER","63","16"
"ae_5079","Prêt d'honneur pour l'amorçage régional (PHAR) Bretagne","AIDE","REGIONAL","Bretagne","Région Bretagne","PRET_TAUX_ZERO","STARTUP | PME","","","","","","","","non","https://www.bretagne.bzh/aides/fiches/pret-honneur-amorcage-regional-phar-bretagne/","","A_REVERIFIER","63","16"
"ae_2559","Prêt d'honneur Réseau Entreprendre Bretagne","AIDE","REGIONAL","Bretagne","Bpifrance  | Financeurs privés | Région Bretagne","PRET_TAUX_ZERO","PME","","","","","","","","non","https://www.reseau-entreprendre.org/bretagne/","","A_REVERIFIER","56","16"
"ae_7943","Prêt d'honneur Réseau Entreprendre Guadeloupe","AIDE","REGIONAL","Guadeloupe","Bpifrance ","PRET_TAUX_ZERO","PME","","","","","","","","non","https://www.reseau-entreprendre.org/guadeloupe/","","A_REVERIFIER","56","16"
"ae_4490","Prêt d'honneur Réseau Entreprendre Guyane","AIDE","REGIONAL","Guyane","Bpifrance  | Collectivité Territoriale de Guyane (CTG) | Financeurs privés","PRET_TAUX_ZERO","PME","","","","","","","","non","https://www.reseau-entreprendre.org/guyane/","","A_REVERIFIER","56","16"
"ae_7944","Prêt d'honneur Réseau Entreprendre Martinique","AIDE","REGIONAL","Martinique","Bpifrance  | Collectivité territoriale de Martinique (CTM) | Union Européenne-FEDER","PRET_TAUX_ZERO","PME","","","","","","","","non","https://www.reseau-entreprendre.org/martinique/","","A_REVERIFIER","56","16"
"ae_12756","Prêt Défense Souveraineté territoriale - Hauts-de-France","AIDE","REGIONAL","Hauts-de-France","Région Hauts-de-France | Union Européenne-FEDER","SUBVENTION","PME | ETI | GE","","","300000","300000","","","","non","https://www.bpifrance.fr/pret-defense-souverainete-territoriale-21-27","","A_REVERIFIER","69","16"
"official_paca_feder_sud_innovation_ptz","Prêt FEDER Sud Innovation — financement à taux zéro","AIDE","REGIONAL","Provence-Alpes-Côte d’Azur | Provence-Alpes-Côte d'Azur","FEDER | Région Sud | Bpifrance | Région Sud / FEDER / Bpifrance","PRET_TAUX_ZERO","PME | ETI","","","50000","3000000","50","50","","non","https://europe.maregionsud.fr/actualites/detail/pret-feder-sud-innovation","https://eur-lex.europa.eu/legal-content/FR/TXT/PDF/?uri=CELEX:32021R1058 | https://europe.maregionsud.fr/fileadmin/user_upload/Liste_PME_exclues_art7-1508.docx","A_REVERIFIER","94","47"
"ae_9470","Prim'Export","AIDE","REGIONAL","La Réunion","Région Réunion","SUBVENTION","PME","","","300000","300000","50","50","","non","https://www.regionreunion.com/aides-services/article/prim-export","","A_REVERIFIER","69","16"
"ae_12475","Prime énergie - Coup de pouce Chauffage des bâtiments tertiaires","AIDE","NATIONAL","Toutes les Régions","Ministère de la Transition écologique, de la biodiversité et des négociations internationales sur le climat et la nature","SUBVENTION","PME | ETI | GE","","","","","","","","non","https://france-renov.gouv.fr/","","A_REVERIFIER","75","16"
"ae_10572","Prime Jeune","AIDE","NATIONAL","Toutes les Régions","ADIE","SUBVENTION","PME","","","","","","","","non","https://www.adie.org/a-la-une/actualite/la-prime-de-1-000-euros-pour-les-jeunes-entrepreneurs-comment-ca-marche/","","A_REVERIFIER","69","16"
"tee_dg_157","Priorités régionales d'interventions touristiques","AIDE","NATIONAL","Toutes les Régions","Transition écologique des entreprises — catalogue ouvert","SUBVENTION","","","","","","","","","non","https://mission-transition-ecologique.beta.gouv.fr/aides-entreprise/prit-hdf?utm_campaign=openData","","A_REVERIFIER","38","3"
"ae_10411","Programme Hauts-de-France Export et Volontaire International en entreprise","AIDE","REGIONAL","Hauts-de-France","Région Hauts-de-France","SUBVENTION","PME | ETI | GE | STARTUP","","","","","50","50","","non","https://guide-aides.hautsdefrance.fr/dispositif947","","A_REVERIFIER","69","16"
"ae_12648","Programme Impulse Intelligence Artificielle","AIDE","REGIONAL","Bourgogne-Franche-Comté","CCI Bourgogne-Franche-Comté | Région Bourgogne-Franche-Comté","SUBVENTION","PME","","","","","50","70","","non","https://www.bourgognefranchecomte.cci.fr/impulseia#section-presentation-du-programme-60706","","A_REVERIFIER","69","16"
"ae_10981","Programme Transformation numérique des TPE - Les Défis Numériques","AIDE","REGIONAL","Nouvelle-Aquitaine","Union européenne","SUBVENTION","PME","","","","","","","","non","https://les-aides.nouvelle-aquitaine.fr/amenagement-du-territoire/programme-les-defis-numeriques-des-tres-petites-entreprises-tpe","","A_REVERIFIER","69","16"
"ae_2328","Réduction de 50 % sur les redevances brevets","AIDE","NATIONAL","Toutes les Régions","INPI","SUBVENTION","PME | ETI | GE","","","","","50","50","","non","https://www.inpi.fr/fr/comprendre-la-propriete-intellectuelle/le-brevet/combien-coute-un-brevet","","A_REVERIFIER","69","16"
"ae_4555","Régime d'appui aux PME pour l'innovation duale - RAPID","AIDE","NATIONAL","Toutes les Régions","Ministère des Armées et des anciens combattants","SUBVENTION","PME","","","","","40","100","","non","https://www.defense.gouv.fr/aid/deposez-votre-projet/rapid-regime-dappui-linnovation-duale","","A_REVERIFIER","69","16"
"ae_11554","Régime spécial de provision réglementée en faveur des entreprises de presse","AIDE","NATIONAL","Toutes les Régions","Ministère de la Culture ","SUBVENTION","PME | ETI | GE","","","","","30","80","2026-12-31","non","https://www.legifrance.gouv.fr/codes/article_lc/LEGIARTI000048844030/2023-12-31","","A_REVERIFIER","75","19"
"ae_9543","Région Industrie : ""Être conseillé pour améliorer la performance de mon entreprise""","AIDE","REGIONAL","Auvergne-Rhône-Alpes","Région Auvergne-Rhône-Alpes","SUBVENTION","PME | ETI | GE","","","","","70","70","","non","https://www.auvergnerhonealpes.fr/aides/region-industrie-etre-conseille-pour-ameliorer-la-performance-de-mon-entreprise","","A_REVERIFIER","75","16"
"ae_12630","Services et mobilités en montagne","AIDE","REGIONAL","Provence-Alpes-Côte d’Azur","Région Sud Provence-Alpes-Côte d'Azur","SUBVENTION","PME | ETI | GE","","","","","40","40","","non","https://www.maregionsud.fr/vos-aides/detail/services-mobilites-montagne","","A_REVERIFIER","75","16"
"tee_dg_124","Sites touristiques exemplaires","AIDE","NATIONAL","Toutes les Régions","Transition écologique des entreprises — catalogue ouvert","SUBVENTION","","","","","","","","","non","https://mission-transition-ecologique.beta.gouv.fr/aides-entreprise/sites-touristiques-exemplaires?utm_campaign=openData","","A_REVERIFIER","38","3"
"ae_12039","SOLAIRE INNOV : soutien de projets solaires innovants","AIDE","REGIONAL","Provence-Alpes-Côte d’Azur","Région Sud Provence-Alpes-Côte d'Azur","SUBVENTION","PME | ETI | GE","","","","","50","70","","non","https://www.maregionsud.fr/vos-aides/detail/plan-solaire-solaire-innov-en-soutien-de-projets-solaires-innovants","","A_REVERIFIER","75","16"
"ae_8906","Solaire thermique - Aides aux études","AIDE","REGIONAL","Bourgogne-Franche-Comté","Région Bourgogne-Franche-Comté","SUBVENTION","PME | ETI | GE","","","","","","","","non","https://www.bourgognefranchecomte.fr/node/685","","A_REVERIFIER","75","16"
"ae_8383","Soutien à l’émergence et au développement d'Espace Public Numérique et de Tiers-Lieux labélisés dans le cadre du réseau Normandie Connectée","AIDE","REGIONAL","Normandie","Région Normandie","SUBVENTION","PME | ETI | GE","","","","","50","50","","non","https://www.normandie.fr/soutien-lemergence-et-au-developpement-despace-public-numerique-et-de-tiers-lieux-labelises-dans-le","","A_REVERIFIER","69","16"
"ae_8646","Soutien à l'hébergement touristique","AIDE","REGIONAL","Provence-Alpes-Côte d’Azur","Région Sud Provence-Alpes-Côte d'Azur","SUBVENTION","PME","","","5000","100000","50","50","","non","https://www.maregionsud.fr/vos-aides/detail/soutien-a-lhebergement-touristique","","A_REVERIFIER","69","16"
"ae_7909","Soutien à l’hébergement touristique – hébergements insolites","AIDE","REGIONAL","Grand Est","Région Grand Est","SUBVENTION","PME","","","","","20","20","","non","https://www.grandest.fr/vos-aides-regionales/hebergements-insolites/","","A_REVERIFIER","75","16"
"ae_7911","Soutien à l’hébergement touristique – hôtellerie de plein air","AIDE","REGIONAL","Grand Est","Région Grand Est","SUBVENTION","PME","","","","","20","20","","non","https://www.grandest.fr/vos-aides-regionales/hotellerie-de-plein-air/","","A_REVERIFIER","75","16"
"ae_9870","Soutien à l'hôtellerie","AIDE","REGIONAL","Grand Est","Région Grand Est","SUBVENTION","PME","","","","","","","","non","https://www.grandest.fr/vos-aides-regionales/soutien-hotellerie/","","A_REVERIFIER","69","16"
"ae_7915","Soutien à l’hydro-électricité","AIDE","REGIONAL","Grand Est","ADEME | Région Grand Est","SUBVENTION","PME | ETI | GE","","","","","20","70","","non","https://www.grandest.fr/vos-aides-regionales/soutien-a-lhydro-electricite/","","A_REVERIFIER","69","16"
"ae_10030","Soutien à l'hydroélectricité","AIDE","REGIONAL","Bourgogne-Franche-Comté","Région Bourgogne-Franche-Comté","SUBVENTION","PME | ETI | GE","","","","","","","","non","https://www.bourgognefranchecomte.fr/node/397","","A_REVERIFIER","75","16"
"ae_8787","Soutien à la création audiovisuelle","AIDE","REGIONAL","Occitanie","Région Occitanie","SUBVENTION","PME | ETI | GE","","","","","","","","non","https://www.laregion.fr/Cinema-Audiovisuel-Multimedia-Aide-a-la-creation-audiovisuelle","","A_REVERIFIER","69","16"
"ae_7900","Soutien à la géothermie de surface","AIDE","REGIONAL","Grand Est","ADEME | Région Grand Est","SUBVENTION","PME","","","","","60","70","","non","https://www.grandest.fr/vos-aides-regionales/soutien-a-geothermie-de-surface-2/","","A_REVERIFIER","69","16"
"ae_10841","Soutien à la reconnaissance des matériaux biosourcés et bas carbone pour le bâtiment","AIDE","REGIONAL","Grand Est","Région Grand Est","SUBVENTION","PME | ETI | GE","","","","","50","70","2026-12-31","non","https://www.grandest.fr/appel-a-projet/soutien-materiaux-biosources-bas-carbone-batiment/","","A_REVERIFIER","75","19"
"ae_7913","Soutien au bois énergie","AIDE","REGIONAL","Grand Est","ADEME | Région Grand Est","SUBVENTION","PME | ETI | GE","","","","","50","70","","non","https://www.grandest.fr/vos-aides-regionales/soutien-bois-energie/","","A_REVERIFIER","69","16"
"ae_10647","Soutien au développement du tourisme fluvial et fluvestre","AIDE","REGIONAL","Grand Est","Région Grand Est","SUBVENTION","PME | ETI | GE","","","","","20","50","","non","https://www.grandest.fr/vos-aides-regionales/soutien-au-developpement-du-tourisme-fluvial-et-fluvestre/","","A_REVERIFIER","69","16"
"ae_7914","Soutien au photovoltaïque","AIDE","REGIONAL","Grand Est","Région Grand Est","SUBVENTION","PME | ETI | GE","","","","","","","","non","https://www.grandest.fr/vos-aides-regionales/soutien-au-photovoltaique/","","A_REVERIFIER","69","16"
"tee_dg_138","Soutien au photovoltaïque en Grand Est","AIDE","NATIONAL","Toutes les Régions","Transition écologique des entreprises — catalogue ouvert","SUBVENTION","","","","","","","","","non","https://mission-transition-ecologique.beta.gouv.fr/aides-entreprise/soutien-pv-grand-est?utm_campaign=openData","","A_REVERIFIER","38","3"
"ae_11944","Soutien au réemploi, à la réparation et/ou la réutilisation","AIDE","REGIONAL","Grand Est","Région Grand Est","SUBVENTION","PME","","","","","50","50","","non","https://www.grandest.fr/vos-aides-regionales/soutien-au-reemploi-a-la-reparation-et-ou-la-reutilisation/","","A_REVERIFIER","69","16"
"ae_7901","Soutien au solaire thermique","AIDE","REGIONAL","Grand Est","ADEME | Région Grand Est","SUBVENTION","PME | ETI | GE","","","","","70","70","","non","https://www.grandest.fr/vos-aides-regionales/soutien-solaire-thermique-2/","","A_REVERIFIER","69","16"
"ae_11942","Soutien au thermalisme et au bien être","AIDE","REGIONAL","Grand Est","Région Grand Est","SUBVENTION","PME","","","","","20","20","","non","https://www.grandest.fr/vos-aides-regionales/thermalisme-bien-etre/","","A_REVERIFIER","63","16"
"ae_11612","Soutien au tourisme de savoir-faire","AIDE","REGIONAL","Normandie","Région Normandie","SUBVENTION","PME","","","","","75","75","","non","https://www.normandie.fr/tourisme-de-savoir-faire","","A_REVERIFIER","69","16"
"ae_11940","Soutien au tourisme patrimonial","AIDE","REGIONAL","Grand Est","Région Grand Est","SUBVENTION","PME | ETI | GE","","","","","20","20","","non","https://www.grandest.fr/vos-aides-regionales/tourisme-patrimonial/","","A_REVERIFIER","69","16"
"ae_7743","Soutien automatique à l'édition en vidéo physique","AIDE","NATIONAL","Toutes les Régions","Centre National du Cinéma (CNC)","SUBVENTION","PME | ETI | GE","","","","","4.5","4.5","","non","https://www.cnc.fr/professionnels/aides-et-financements/video-et-vad/soutien-automatique-a-ledition-en-video-physique_191076","","A_REVERIFIER","75","16"
"ae_7619","Soutien automatique à l'exploitation","AIDE","NATIONAL","Toutes les Régions","Centre National du Cinéma (CNC)","SUBVENTION","PME | ETI | GE","","","","","","","","non","https://www.cnc.fr/professionnels/aides-et-financements/cinema/exploitation/soutien-automatique-a-lexploitation_191540","","A_REVERIFIER","75","16"
"ae_6357","Soutien automatique à la distribution","AIDE","NATIONAL","Toutes les Régions","Centre National du Cinéma (CNC)","SUBVENTION","PME | ETI | GE","","","119000","30750000","1","73","","non","https://www.cnc.fr/professionnels/aides-et-financements/cinema/Distribution/soutien-automatique-a-la-distribution_191524","","A_REVERIFIER","75","16"
"ae_7585","Soutien automatique à la production de long métrage","AIDE","NATIONAL","Toutes les Régions","Centre National du Cinéma (CNC)","SUBVENTION","PME | ETI | GE","","","","","4.26","100","","non","https://www.cnc.fr/professionnels/aides-et-financements/cinema/production/soutien-automatique-a-la-production-de-long-metrage_191532","","A_REVERIFIER","75","16"
"ae_10970","Soutien aux audits et réhabilitation d’installations solaires thermiques collectives","AIDE","REGIONAL","Provence-Alpes-Côte d’Azur","Région Sud Provence-Alpes-Côte d'Azur","SUBVENTION","PME | ETI | GE","","","","","50","50","","non","https://www.maregionsud.fr/vos-aides/detail/soutien-aux-audits-et-rehabilitation-dinstallations-solaires-thermiques-collectives-installations-existantes","","A_REVERIFIER","69","16"
"ae_8577","Soutien aux éditeurs indépendants","AIDE","REGIONAL","Bourgogne-Franche-Comté","Région Bourgogne-Franche-Comté","SUBVENTION","PME","","","","","","","","non","https://www.bourgognefranchecomte.fr/node/474","","A_REVERIFIER","75","16"
"ae_8163","Soutien aux festivals et aux manifestations dans les secteurs de l’économie culturelle et de la création numérique","AIDE","REGIONAL","Grand Est","Région Grand Est","SUBVENTION","PME","","","","","","","","non","https://www.grandest.fr/vos-aides-regionales/soutien-aux-festivals-aux-manifestations-secteurs-de-leconomie-culturelle-de-creation-numerique/","https://www.grandest.fr/wp-content/uploads/2017/08/03-aide-aux-festivals-def-17-03-16-vmp.pdf","A_REVERIFIER","81","16"
"ae_7173","Soutien aux gîtes d'étape","AIDE","REGIONAL","Nouvelle-Aquitaine","Région Nouvelle-Aquitaine","SUBVENTION","PME","","","","","25","25","","non","https://les-aides.nouvelle-aquitaine.fr/economie-et-emploi/hebergements-gites-detape","","A_REVERIFIER","75","16"
"ae_12713","Soutien aux hébergements collectifs","AIDE","REGIONAL","Grand Est","Région Grand Est","SUBVENTION","PME","","","","","20","20","","non","https://www.grandest.fr/vos-aides-regionales/hebergements-collectifs/","","A_REVERIFIER","69","16"
"ae_7174","Soutien aux hébergements de tourisme social","AIDE","REGIONAL","Nouvelle-Aquitaine","Région Nouvelle-Aquitaine","SUBVENTION","PME","","","","","5","25","","non","https://les-aides.nouvelle-aquitaine.fr/economie-et-emploi/hebergements-de-tourisme-social","","A_REVERIFIER","75","16"
"ae_12714","Soutien aux hébergements de type ""hostels""","AIDE","REGIONAL","Grand Est","Région Grand Est","SUBVENTION","PME","","","","","20","20","","non","https://www.grandest.fr/vos-aides-regionales/soutien-hostels/","","A_REVERIFIER","69","16"
"ae_4674","Soutien aux investissements performance industrielle","AIDE","REGIONAL","Nouvelle-Aquitaine","Région Nouvelle-Aquitaine","SUBVENTION","PME | ETI | GE","","","","","30","30","","non","https://les-aides.nouvelle-aquitaine.fr/economie-et-emploi/aide-aux-investissements-performance-industrielle","","A_REVERIFIER","75","16"
"ae_10658","Soutien aux missions d'AMO bois et biosourcés","AIDE","REGIONAL","Grand Est","ADEME | Région Grand Est","SUBVENTION","PME | ETI | GE","","","","","","","","non","https://www.climaxion.fr/docutheque/soutien-aux-missions-damo-bois-biosources","","A_REVERIFIER","75","16"
"ae_9363","Soutien aux nouveaux modèles économiques","AIDE","REGIONAL","Grand Est","Région Grand Est","SUBVENTION","PME | ETI | GE","","","","","50","80","","non","https://www.grandest.fr/vos-aides-regionales/soutien-aux-nouveaux-modeles-economiques/","","A_REVERIFIER","69","16"
"ae_6997","Soutien aux professionnels des métiers d’art et aux salons de promotion à vocation régionale","AIDE","REGIONAL","Grand Est","Région Grand Est","SUBVENTION","PME","","","","","50","50","","non","https://www.grandest.fr/vos-aides-regionales/soutien-professionnels-metiers-art-salons-investissements/","","A_REVERIFIER","69","16"
"ae_7051","Soutien aux projets collaboratifs d'innovation","AIDE","REGIONAL","Normandie","Région Normandie","SUBVENTION | AVANCE_REMBOURSABLE","PME | ETI | GE","","","","","40","100","","non","https://www.normandie.fr/soutien-linnovation-en-collaboration","","A_REVERIFIER","69","16"
"ae_239","Soutien aux projets innovants","AIDE","REGIONAL","Nouvelle-Aquitaine","Région Nouvelle-Aquitaine","SUBVENTION","PME | ETI | GE","","","","","25","45","","non","https://les-aides.nouvelle-aquitaine.fr/economie-et-emploi/soutien-aux-projets-innovants","","A_REVERIFIER","75","16"
"ae_12306","Soutien aux réseaux de chaleur et de froid","AIDE","REGIONAL","Grand Est","Région Grand Est","SUBVENTION","PME | ETI | GE","","","","","40","50","","non","https://www.grandest.fr/vos-aides-regionales/soutien-aux-reseaux-de-chaleur-et-de-froid/","","A_REVERIFIER","69","16"
"ae_7892","Soutien aux revues régionales, patrimoniales et historiques","AIDE","REGIONAL","Grand Est","Région Grand Est","SUBVENTION","PME","","","","","","","","non","https://www.grandest.fr/vos-aides-regionales/soutien-aux-revues-regionales-patrimoniales-historiques/","","A_REVERIFIER","75","16"
"ae_12628","Soutien aux solutions de production et préparation de la matière en vue d'utilisation ou de fabrication de matières premières recyclées","AIDE","REGIONAL","Provence-Alpes-Côte d’Azur","Région Sud Provence-Alpes-Côte d'Azur","SUBVENTION","PME | ETI | GE","","","","","","","","non","https://www.maregionsud.fr/vos-aides/detail/soutien-aux-solutions-de-production-et-preparation-de-la-matiere-en-vue-dutilisation-ou-de-fabrication-de-matieres-premieres-recyclees","","A_REVERIFIER","69","16"
"ae_8013","Soutien régional aux aux investissements matériels des entreprises de l’ESS","AIDE","REGIONAL","Bourgogne-Franche-Comté","Région Bourgogne-Franche-Comté","SUBVENTION","PME","","","","","20","50","","non","https://www.bourgognefranchecomte.fr/node/486","","A_REVERIFIER","75","16"
"ae_6378","Spectacle vivant : aide sélective","AIDE","NATIONAL","Toutes les Régions","Centre National du Cinéma (CNC)","SUBVENTION","PME | ETI | GE","","","","","","","2026-10-26","non","https://www.cnc.fr/professionnels/aides-et-financements/audiovisuel/spectacle-vivant--aide-selective-a-la-preparation_191572","","A_REVERIFIER","75","19"
"ae_6347","Spectacle vivant : soutien automatique","AIDE","NATIONAL","Toutes les Régions","Centre National du Cinéma (CNC)","SUBVENTION","PME | ETI | GE","","","","","","","","non","https://www.cnc.fr/professionnels/aides-et-financements/audiovisuel/production/spectacle-vivant--soutien-automatique_191580","","A_REVERIFIER","75","16"
"ae_11308","START’UP - Aide à la création/reprise d'entreprises","AIDE","REGIONAL","Hauts-de-France","Région Hauts-de-France","SUBVENTION","STARTUP | PME","","","","","","","","non","https://guide-aides.hautsdefrance.fr/dispositif1000","","A_REVERIFIER","69","16"
"ae_11349","Subvention Investissement Outre-mer","AIDE","REGIONAL","Guadeloupe | Guyane | La Réunion | Martinique | Mayotte","Bpifrance ","SUBVENTION","PME","","","300000","300000","70","70","","non","https://www.bpifrance.fr/catalogue-offres/subvention-investissement-outre-mer","","A_REVERIFIER","69","16"
"pdl_ods_110","Subvention pour la mise en place d'un abri sur un point d'arrêt de ligne scolaire","AIDE","REGIONAL","Pays de la Loire","Région Pays de la Loire","SUBVENTION","","","","","","","","","non","ftp://ftpdata.paysdelaloire.fr/Documents_aides/_SUBVENTION-POUR-LA-MISE-EN-PLACE-DUN-ABRI-SUR-UN-_c1dd2988_RI.pdf","","A_REVERIFIER","44","3"
"ae_11969","Subvention Prévention des risques ergonomiques","AIDE","NATIONAL","Toutes les Régions","Cnam (Caisse nationale de l'assurance maladie)","SUBVENTION","PME | ETI | GE","","","","","70","70","","non","https://www.ameli.fr/entreprise/sante-travail/aides-financieres/subventions-nationales/subvention-prevention-risques-ergonomiques","","A_REVERIFIER","75","16"
"ae_10940","Subvention Prévention TPE - Amiante","AIDE","NATIONAL","Toutes les Régions","Cnam (Caisse nationale de l'assurance maladie)","SUBVENTION","PME","","","","","70","70","","non","https://www.ameli.fr/entreprise/sante-travail/aides-financieres/subventions-nationales/stop-amiante","https://www.ameli.fr/sites/default/files/Documents/Conditions%20d%27attribution%20-%20Amiante%20_0.pdf","A_REVERIFIER","75","16"
"ae_11837","Subvention Prévention TPE - Caisse sécurisée","AIDE","REGIONAL","Île-de-France","CRAMIF","SUBVENTION","PME","","","","","50","50","2027-11-15","non","https://www.cramif.fr/caisse-securisee","","A_REVERIFIER","81","19"
"ae_11970","Subvention Prévention TPE - Captage cabine de peinture","AIDE","NATIONAL","Toutes les Régions","Cnam (Caisse nationale de l'assurance maladie)","SUBVENTION","PME","","","","","70","70","","non","https://www.ameli.fr/entreprise/sante-travail/aides-financieres/subventions-nationales/captage-cabine-peinture","","A_REVERIFIER","69","16"
"ae_10938","Subvention Prévention TPE - Captage fumées de diesel","AIDE","NATIONAL","Toutes les Régions","Cnam (Caisse nationale de l'assurance maladie)","SUBVENTION","PME","","","","","70","70","","non","https://www.ameli.fr/entreprise/sante-travail/aides-financieres/subventions-nationales/captage-fumees-diesel","https://www.ameli.fr/sites/default/files/Documents/Conditions%20d%27attribution%20-%20Captage%20fum%C3%A9es%20de%20diesel_0.pdf","A_REVERIFIER","75","16"
"ae_10939","Subvention Prévention TPE - Captage fumées de soudage","AIDE","NATIONAL","Toutes les Régions","Cnam (Caisse nationale de l'assurance maladie)","SUBVENTION","PME","","","","","70","70","","non","https://www.ameli.fr/entreprise/sante-travail/aides-financieres/subventions-nationales/captage-fumees-soudage","https://www.ameli.fr/sites/default/files/Documents/Conditions%20d%27attribution%20-%20Captage%20fum%C3%A9es%20de%20soudage.pdf","A_REVERIFIER","75","16"
"ae_11973","Subvention Prévention TPE - Captage prothésistes dentaires","AIDE","NATIONAL","Toutes les Régions","Cnam (Caisse nationale de l'assurance maladie)","SUBVENTION","PME","","","","","70","70","","non","https://www.ameli.fr/entreprise/sante-travail/aides-financieres/subventions-nationales/captage-prothesistes-dentaires","","A_REVERIFIER","69","16"
"ae_11971","Subvention Prévention TPE - Captage réseau haute dépression","AIDE","NATIONAL","Toutes les Régions","Cnam (Caisse nationale de l'assurance maladie)","SUBVENTION","PME","","","","","70","70","","non","https://www.ameli.fr/entreprise/sante-travail/aides-financieres/subventions-nationales/captage-reseau-haute-depression","","A_REVERIFIER","69","16"
"ae_11972","Subvention Prévention TPE - Captage zone de préparation","AIDE","NATIONAL","Toutes les Régions","Cnam (Caisse nationale de l'assurance maladie)","SUBVENTION","PME","","","","","70","70","","non","https://www.ameli.fr/entreprise/sante-travail/aides-financieres/subventions-nationales/captage-zone-preparation","","A_REVERIFIER","69","16"
"ae_12081","Subvention Prévention TPE - Construction de Maisons Individuelles : Prévenir les chutes de hauteur","AIDE","NATIONAL","Toutes les Régions","Cnam (Caisse nationale de l'assurance maladie)","SUBVENTION","PME","","","","","70","70","","non","https://www.ameli.fr/essonne/entreprise/sante-travail/aides-financieres/subventions-nationales/construction-maisons-individuelles","","A_REVERIFIER","69","16"
"ae_11836","Subvention Prévention TPE - Conteneur + sûr","AIDE","REGIONAL","Normandie","CARSAT Normandie","SUBVENTION","PME","","","","","50","70","","non","https://www.carsat-normandie.fr/home/entreprises/nos-aides-financieres/les-subventions-prevention/conteneur-sur.html","","A_REVERIFIER","75","16"
"ae_9426","Subvention Prévention TPE - Culture de prévention","AIDE","REGIONAL","Hauts-de-France","CARSAT Hauts-de-France","SUBVENTION","PME","","","","","","","","non","https://carsat-hdf.fr/files/live/sites/carsat-hdf/files/PDF/entreprises/R%c3%a9seau%20des%20consultants/Conditions%20attribution%20et%20annexes%20Culture%20de%20prev%2020032026.pdf","https://carsat-hdf.fr/files/live/sites/carsat-hdf/files/PDF/entreprises/R%c3%a9seau%20des%20consultants/Conditions%20attribution%20et%20annexes%20Culture%20de%20prev%2020032026.pdf","A_REVERIFIER","81","16"
"ae_10081","Subvention Prévention TPE - Locaux + sûrs","AIDE","REGIONAL","Bretagne","CARSAT Bretagne","SUBVENTION","PME","","","","","","","2028-10-15","non","https://www.carsat-bretagne.fr/home/entreprises/prevenir-les-risques-professionn/financer-des-actions/aides-entreprises-de-1-49-salari.html","","A_REVERIFIER","81","19"
"ae_9618","Subvention Prévention TPE - Locaux + sûrs","AIDE","REGIONAL","Pays de la Loire","CARSAT Pays de la Loire","SUBVENTION","PME","","","","","50","50","2028-10-15","non","https://www.carsat-pl.fr/home/entreprise/prevenir-vos-risques-professionnels/actions-prevention/subventions-prevention/locaux--surs.html","","A_REVERIFIER","81","19"
"ae_10150","Subvention Prévention TPE - Locaux + sûrs","AIDE","REGIONAL","Centre-Val de Loire","CARSAT Centre-Val de Loire","SUBVENTION","PME","","","","","50","50","2028-10-15","non","https://www.carsat-cvl.fr/home/entreprise/prevenir-risques-pros/financer-actions-prevention/subventions-entreprises-1-49/locaux-surs.html","","A_REVERIFIER","81","19"
"ae_12178","Subvention Prévention TPE - Locaux + sûrs","AIDE","REGIONAL","Corse | Provence-Alpes-Côte d’Azur","CARSAT Sud-Est","SUBVENTION","PME","","","","","50","50","2028-10-15","non","https://www.carsat-sudest.fr/home/entreprises/prevenir-vos-risques-pros/financer-vos-actions-de-preventi/subv-1-49-salaries/locaux-plus-surs.html","","A_REVERIFIER","75","19"
"ae_12608","Subvention Prévention TPE - Métiers de bouche","AIDE","REGIONAL","Bourgogne-Franche-Comté","CARSAT Bourgogne et Franche-Comté","SUBVENTION","PME","","","","","50","70","","non","https://www.carsat-bfc.fr/entreprise/une-subvention-regionale-dediee-aux-metiers-de-bouche","","A_REVERIFIER","75","16"
"ae_12614","Subvention Prévention TPE - Métiers de bouche","AIDE","REGIONAL","Normandie","CARSAT Normandie","SUBVENTION","PME","","","300000","300000","50","70","2028-11-30","non","https://www.carsat-normandie.fr/home/entreprises/prevenir-risques-professionnels/financer-actions-prevention/subventions-entreprises-1-49/metiers-de-bouche.html","","A_REVERIFIER","81","19"
"ae_12463","Subvention Prévention TPE - Métiers de bouche","AIDE","REGIONAL","Hauts-de-France","CARSAT Hauts-de-France","SUBVENTION","PME","","","","","50","70","","non","https://carsat-hdf.fr/home/entreprises/prevenir-les-risques-pros/financer-des-actions-pr%c3%a9vention/subvention-prevention-regionale.html","","A_REVERIFIER","69","16"
"ae_12542","Subvention Prévention TPE - Poussières de farine","AIDE","NATIONAL","Toutes les Régions","Cnam (Caisse nationale de l'assurance maladie)","SUBVENTION","PME","","","","","70","70","","non","https://www.ameli.fr/node/924413","","A_REVERIFIER","75","16"
"ae_12313","Subvention Prévention TPE - Prévention Chutes","AIDE","NATIONAL","Toutes les Régions","Cnam (Caisse nationale de l'assurance maladie)","SUBVENTION","PME","","","","","50","50","","non","https://www.ameli.fr/entreprise/sante-travail/aides-financieres/entreprises-1-50-salaries/subventions-contre-chutes/prevention-chutes","","A_REVERIFIER","69","16"
"ae_10080","Subvention Prévention TPE - Risques Chimiques Equipements","AIDE","NATIONAL","Toutes les Régions","Cnam (Caisse nationale de l'assurance maladie)","SUBVENTION","PME","","","","","70","70","","non","https://www.ameli.fr/entreprise/sante-travail/aides-financieres/subventions-nationales/risque-chimique-equipements","https://www.ameli.fr/sites/default/files/Documents/Conditions%20d%27attribution%20-%20Risque%20chimique%20Equipements.pdf","A_REVERIFIER","75","16"
"ae_10501","Subvention Prévention TPE - TOP BTP","AIDE","NATIONAL","Toutes les Régions","Cnam (Caisse nationale de l'assurance maladie)","SUBVENTION","PME","","","","","50","70","","non","https://www.ameli.fr/entreprise/sante-travail/aides-financieres-secteurs/batiment-travaux-publics/top-btp","https://www.ameli.fr/sites/default/files/Documents/Conditions%20d%27attribution%20-TOP%20BTP.pdf","A_REVERIFIER","75","16"
"ae_11037","Sud Développement","AIDE","REGIONAL","Provence-Alpes-Côte d’Azur","Région Sud Provence-Alpes-Côte d'Azur","SUBVENTION | AVANCE_REMBOURSABLE","PME | ETI | GE","","","","","","","","non","https://www.maregionsud.fr/vos-aides/detail/sud-developpement","","A_REVERIFIER","69","16"
"ae_11614","Sud Investissement","AIDE","REGIONAL","Provence-Alpes-Côte d’Azur","Région Sud Provence-Alpes-Côte d'Azur","SUBVENTION","PME","","","","","","","","non","https://www.maregionsud.fr/vos-aides/detail/sud-investissement","","A_REVERIFIER","75","16"
"ae_12483","Sud Prévention TPE-PME","AIDE","REGIONAL","Provence-Alpes-Côte d’Azur","Région Sud Provence-Alpes-Côte d'Azur","SUBVENTION","PME","","","20000","20000","80","80","","non","https://www.maregionsud.fr/vos-aides/detail/sud-prevention-tpe-pme","","A_REVERIFIER","69","16"
"ae_12209","Sud saisonniers","AIDE","REGIONAL","Provence-Alpes-Côte d’Azur","Région Sud Provence-Alpes-Côte d'Azur","SUBVENTION","PME | ETI | GE","","","","","50","50","","non","https://www.maregionsud.fr/vos-aides/detail/sud-saisonniers","","A_REVERIFIER","75","16"
"ae_12133","Tarifs réduits d'accise sur l'électricité pour les aéronefs","AIDE","NATIONAL","Toutes les Régions","Ministère de l’Economie, des Finances et de la Souveraineté Industrielle, Energétique et Numérique","SUBVENTION","PME | ETI | GE","","","","","","","","non","https://www.legifrance.gouv.fr/jorf/id/JORFTEXT000051357716","","A_REVERIFIER","69","16"
"ae_12198","Ticket modérateur - Aide aux projets export","AIDE","REGIONAL","Normandie","Région Normandie","SUBVENTION","PME","","","","","50","50","","non","https://adnormandie.fr/dispositif/ticket-moderateur/","","A_REVERIFIER","69","16"
"guadeloupe_aHR0cHM6Ly9haWRlcy5yZWdpb25n","Toutes les aides","AIDE","REGIONAL","Guadeloupe","Région Guadeloupe","SUBVENTION | PRET_TAUX_ZERO","PME | STARTUP | ETI | GE","56000","","","","","","2026-08-08","non","https://aides.regionguadeloupe.fr/-Toutes-les-aides-#contenu-page","https://aides.regionguadeloupe.fr/aap-associations-rdr2026 | https://www.europe-guadeloupe.fr/financement/feader-region-guadeloupe_renouvellement-generations-agriculture/ | https://aides.regionguadeloupe.fr/Aide-aux-equipements-et-evenements-nautiques#Autres-modalites-utiles | https://aides.regionguadeloupe.fr/Aide-aux-equipements-et-evenements-nautiques# | https://aides.regionguadeloupe.fr/Aide-aux-equipements-et-evenements-nautiques#s-Autres-modalites-utiles | https://aides.regionguadeloupe.fr/Aide-a-l-emploi-et-a-la-formation-des-marins#Autres-modalites-utiles | https://aides.regionguadeloupe.fr/Aide-a-l-emploi-et-a-la-formation-des-marins# | https://aides.regionguadeloupe.fr/Aide-a-l-emploi-et-a-la-formation-des-marins#s-Autres-modalites-utiles | https://aides.regionguadeloupe.fr/Aide-a-l-organisation-la-modernisation-des-infrastructures-et-l-equipement-des#Autres-modalites-utiles | https://aides.regionguadeloupe.fr/Aide-a-l-organisation-la-modernisation-des-infrastructures-et-l-equipement-des# | https://aides.regionguadeloupe.fr/Aide-a-l-organisation-la-modernisation-des-infrastructures-et-l-equipement-des#s-Autres-modalites-utiles | https://aides.regionguadeloupe.fr/Construction-reparation-maintenance-navale#Autres-modalites-utiles | https://aides.regionguadeloupe.fr/Construction-reparation-maintenance-navale# | https://aides.regionguadeloupe.fr/Construction-reparation-maintenance-navale#s-Autres-modalites-utiles | https://aides.regionguadeloupe.fr/IMG/pdf/contrat_engagement_republicain_region_guadeloupe.pdf | https://aides.regionguadeloupe.fr/afmc#Autres-modalites-utiles | https://aides.regionguadeloupe.fr/IMG/pdf/formulaire_convention_afmc_-_a_telecharger_sur_eden_et_sur_le_site_web_region.pdf | https://aides.regionguadeloupe.fr/afmc#s-Autres-modalites-utiles | https://aides.regionguadeloupe.fr/Cadre-reglementaire-relatif-aux-projets-de-creation-diffusion-transmission-en | https://aides.regionguadeloupe.fr/prfpdom#Autres-modalites-utiles | https://aides.regionguadeloupe.fr/IMG/pdf/fiche_renseignements_mis_a_jour_2_-1.pdf | https://aides.regionguadeloupe.fr/prfpdom#s-Autres-modalites-utiles | https://aides.regionguadeloupe.fr/IMG/communiques/cp_conference_sargasses_mexique-sept-2026.pdf | https://aides.regionguadeloupe.fr/IMG/communiques/rg-dp_sargassum_cooperation_days.pdf | https://aides.regionguadeloupe.fr/IMG/communiques/cp_charte_commande_publique_signature_24092026.pdf | https://aides.regionguadeloupe.fr/IMG/communiques/rg-dp_charte_commande_publique_guadeloupe.pdf | https://aides.regionguadeloupe.fr/IMG/communiques/re_gion_guadeloupe_-_confe_rence_de_lancement_-_dp_-_22092026.pdf | https://aides.regionguadeloupe.fr/IMG/communiques/commission_permanente_jeunes_agriculteurs.pdf | https://aides.regionguadeloupe.fr/IMG/communiques/cp06082026_Echange_ministre_feader.pdf | https://aides.regionguadeloupe.fr/IMG/communiques/feader_2023-2027_pdf-1.pdf | https://aides.regionguadeloupe.fr/IMG/communiques/cp_04082026_retards-paiement-feader-lettre-ministere-et-asp.pdf | https://aides.regionguadeloupe.fr/IMG/communiques/cp_28072026_visite_montserrat.pdf | https://aides.regionguadeloupe.fr/IMG/communiques/cp_deces_j_rovelas.pdf | https://aides.regionguadeloupe.fr/IMG/communiques/rg-budget_primitif_2026.pdf | https://aides.regionguadeloupe.fr/IMG/pdf/dossier_demande_de_subvention_region_iae_finalise.pdf | https://aides.regionguadeloupe.fr/Aide-au-deplacement-des-artistes-dispositif-d-aide-forfaitaire-a-la-mobilite#Modalite-de-versement-de-l-aide | https://aides.regionguadeloupe.fr/Aide-au-deplacement-des-artistes-dispositif-d-aide-forfaitaire-a-la-mobilite#Modalite-de-reversement-de-l-aide | https://aides.regionguadeloupe.fr/Aide-au-deplacement-des-artistes-dispositif-d-aide-forfaitaire-a-la-mobilite#s-Modalite-de-versement-de-l-aide | https://aides.regionguadeloupe.fr/Aide-au-deplacement-des-artistes-dispositif-d-aide-forfaitaire-a-la-mobilite#s-Modalite-de-reversement-de-l-aide | https://aides.regionguadeloupe.fr/IMG/doc/formulaire_de_demande_de_carte_re_gionale_de_transport_maritime_2026.doc | https://aides.regionguadeloupe.fr/IMG/pdf/utf-8dcv_2025__dispo_reno_gites_et_accueil_touristiq_agri___vf.pdf | https://aides.regionguadeloupe.fr/IMG/pdf/imprime_arah_2026_corrige_le_09_12_2026.pdf | https://aides.regionguadeloupe.fr/IMG/pdf/dispositif_aide_a_l_animation_et_a_l_attractivite_du_territoire.pdf | https://aides.regionguadeloupe.fr/IMG/pdf/dispositif_regional_d_aide_a_la_montee_en_gamme_des_meubles_de_tourisme.pdf | https://aides.regionguadeloupe.fr/IMG/docx/modele_de_lettre_de_demande_aide.docx | https://aides.regionguadeloupe.fr/IMG/docx/formulaire_de_demande_arrdi_.docx | https://aides.regionguadeloupe.fr/IMG/xlsx/modele_budget_arrdi__1_.xlsx | https://aides.regionguadeloupe.fr/IMG/docx/modele_acte_engagement.docx | https://aides.regionguadeloupe.fr/IMG/pdf/utf-8dcv___2025___dispo_cadre_agri_agro___formulaire___vf-1.pdf | https://aides.regionguadeloupe.fr/IMG/doc/ardda_elements_financiers_et_comptables_2_4_.doc | https://aides.regionguadeloupe.fr/IMG/docx/ardda_minimis_je_ardda_ok_1.docx | https://aides.regionguadeloupe.fr/IMG/doc/ardda_attestations_sur_l_honneur_2_1_.doc | https://aides.regionguadeloupe.fr/IMG/pdf/dossier_type_arsess_revise_2024.pdf | https://aides.regionguadeloupe.fr/IMG/pdf/liste_des_pieces_arsess-1.pdf | https://aides.regionguadeloupe.fr/%3Cdoc391%3E | https://aides.regionguadeloupe.fr/IMG/pdf/reglement_appel_a_candidatures_2026_v2.pdf | https://aides.regionguadeloupe.fr/IMG/pdf/int_fiche_artiste_appel_a_candidature_2026_acquisition_fonds_regional_d_art.pdf | https://aides.regionguadeloupe.fr/IMG/pdf/int_fiche_oeuvre_appel_a_candidature_2026_acquisition_fonds_regional_d_art.pdf | https://aides.regionguadeloupe.fr/IMG/pdf/aap_je_coopere_avec_la_caraibe_v3.pdf | https://aides.regionguadeloupe.fr/Cadre-reglementaire-relatif-aux-projets-de-creation-diffusion-transmission-en#Comment-intervient-la-Region | https://aides.regionguadeloupe.fr/Cadre-reglementaire-relatif-aux-projets-de-creation-diffusion-transmission-en#Quels-en-sont-les-beneficiaires | https://aides.regionguadeloupe.fr/Cadre-reglementaire-relatif-aux-projets-de-creation-diffusion-transmission-en#Quelles-en-sont-les-conditions-d-attribution | https://aides.regionguadeloupe.fr/Cadre-reglementaire-relatif-aux-projets-de-creation-diffusion-transmission-en#Quels-sont-les-documents-a-fournir | https://aides.regionguadeloupe.fr/Cadre-reglementaire-relatif-aux-projets-de-creation-diffusion-transmission-en#Comment-en-faire-la-demande | https://aides.regionguadeloupe.fr/Cadre-reglementaire-relatif-aux-projets-de-creation-diffusion-transmission-en#Contact | https://aides.regionguadeloupe.fr/Cadre-reglementaire-relatif-aux-projets-de-creation-diffusion-transmission-en#s-Comment-intervient-la-Region | https://aides.regionguadeloupe.fr/Cadre-reglementaire-relatif-aux-projets-de-creation-diffusion-transmission-en#s-Quels-en-sont-les-beneficiaires | https://aides.regionguadeloupe.fr/Cadre-reglementaire-relatif-aux-projets-de-creation-diffusion-transmission-en#s-Quelles-en-sont-les-conditions-d-attribution | https://aides.regionguadeloupe.fr/Cadre-reglementaire-relatif-aux-projets-de-creation-diffusion-transmission-en#s-Quels-sont-les-documents-a-fournir | https://aides.regionguadeloupe.fr/Cadre-reglementaire-relatif-aux-projets-de-creation-diffusion-transmission-en#s-Comment-en-faire-la-demande | https://aides.regionguadeloupe.fr/Cadre-reglementaire-relatif-aux-projets-de-creation-diffusion-transmission-en#s-Contact | https://aides.regionguadeloupe.fr/Cadre-reglementaire-relatif-aux-projets-de-creation-diffusion-transmission-en#top-page | https://aides.regionguadeloupe.fr/IMG/pdf/liste_des_prestations_eligibles_a_l_aide_cheque_tic.pdf | https://aides.regionguadeloupe.fr/IMG/pdf/flyer_cheque_tic_a5_modifie___adresse_portail.pdf | https://aides.regionguadeloupe.fr/IMG/pdf/modele_lettre_de_demande_de_subvention_association.pdf | https://aides.regionguadeloupe.fr/IMG/pdf/contrat_engagement_republicain_association_region_guadeloupe.pdf | https://aides.regionguadeloupe.fr/Developpement-local-de-l-economie-bleue-par-les-associations#Autres-modalites-utiles | https://aides.regionguadeloupe.fr/Developpement-local-de-l-economie-bleue-par-les-associations# | https://aides.regionguadeloupe.fr/Developpement-local-de-l-economie-bleue-par-les-associations#s-Autres-modalites-utiles | https://aides.regionguadeloupe.fr/soutenir-une-peche-durable#Autres-modalites-utiles | https://aides.regionguadeloupe.fr/soutenir-une-peche-durable# | https://aides.regionguadeloupe.fr/soutenir-une-peche-durable#s-Autres-modalites-utiles | https://aides.regionguadeloupe.fr/Structuration-des-entreprises-de-peche-et-d-aquaculture#Autres-modalites-utiles | https://aides.regionguadeloupe.fr/Structuration-des-entreprises-de-peche-et-d-aquaculture# | https://aides.regionguadeloupe.fr/Structuration-des-entreprises-de-peche-et-d-aquaculture#s-Autres-modalites-utiles | https://aides.regionguadeloupe.fr/Transformation-et-commercialisation-des-produits-halieutiques#Autres-modalites-utiles | https://aides.regionguadeloupe.fr/Transformation-et-commercialisation-des-produits-halieutiques# | https://aides.regionguadeloupe.fr/Transformation-et-commercialisation-des-produits-halieutiques#s-Autres-modalites-utiles | https://aides.regionguadeloupe.fr/aap-associations-rdr2026#Comment-intervient-la-Region | https://aides.regionguadeloupe.fr/aap-associations-rdr2026#Quels-en-sont-les-beneficiaires | https://aides.regionguadeloupe.fr/aap-associations-rdr2026#Quelles-en-sont-les-conditions-d-attribution | https://aides.regionguadeloupe.fr/aap-associations-rdr2026#Quels-sont-les-documents-a-fournir | https://aides.regionguadeloupe.fr/aap-associations-rdr2026#Comment-faire-la-demande | https://aides.regionguadeloupe.fr/IMG/pdf/rdr-dg_-_aap_stands_associatifs_guadeloupe-2.pdf | https://aides.regionguadeloupe.fr/aap-associations-rdr2026#s-Comment-intervient-la-Region | https://aides.regionguadeloupe.fr/aap-associations-rdr2026#s-Quels-en-sont-les-beneficiaires | https://aides.regionguadeloupe.fr/aap-associations-rdr2026#s-Quelles-en-sont-les-conditions-d-attribution | https://aides.regionguadeloupe.fr/aap-associations-rdr2026#s-Quels-sont-les-documents-a-fournir | https://aides.regionguadeloupe.fr/aap-associations-rdr2026#s-Comment-faire-la-demande | https://aides.regionguadeloupe.fr/aap-associations-rdr2026#top-page | https://www.regionguadeloupe.fr/Publication-des-actes-administratifs?type_publication=&recherche=octroi+de+mer#formulaire_recherche_publications","A_REVERIFIER","94","66"
"ae_7726","TP'up","AAP / AMI","REGIONAL","Île-de-France","Région Ile-de-France","SUBVENTION","PME","","","","","50","50","","non","https://www.iledefrance.fr/aides-et-appels-a-projets/tpup","","A_REVERIFIER","75","16"
"ae_9636","Vidéomusique : aide avant réalisation","AIDE","NATIONAL","Toutes les Régions","Centre National du Cinéma (CNC)","SUBVENTION","PME | ETI | GE","","","","","40","50","2026-10-13","non","https://www.cnc.fr/professionnels/aides-et-financements/audiovisuel/production/videomusique--aide-avant-realisation_190854","","A_REVERIFIER","81","19"
"nouvelle_aquitaine_entreprises_aHR0cHM6Ly9lbnRyZXByaXNlcy5u","Vous recherchez une aide ? | Entreprises","AIDE","REGIONAL","Nouvelle-Aquitaine","Nouvelle-Aquitaine","SUBVENTION | PRET_TAUX_ZERO","STARTUP | PME | ETI","","","27","27","","","","non","https://entreprises.nouvelle-aquitaine.fr/les-aides#naq-content","https://entreprises.nouvelle-aquitaine.fr/actualites/un-nouveau-cadre-pour-les-aides-economiques-regionales","A_REVERIFIER","63","19"
"ae_9916","VTE France – Volontariat Territorial en Entreprise","AIDE","NATIONAL","Toutes les Régions","ADEME | Ministère du Travail et des Solidarités","SUBVENTION","PME | ETI | GE","","","","","","","","non","https://www.vte-france.fr/aide-vte-vert/","","A_REVERIFIER","63","16"
"ae_7481","www.ademe.fr","AIDE","NATIONAL","Toutes les Régions","ADEME","SUBVENTION | AVANCE_REMBOURSABLE","PME | ETI | GE","","","","","","","","non","https://www.ademe.fr/aides-financieres-lademe","https://www.ademe.fr/aides-financieres-lademe#ancre5 | https://www.ademe.fr/wp-content/uploads/2025/12/2025-12-conditions-generales-france-2030.pdf | https://agirpourlatransition.ademe.fr/entreprises/aides-financieres/catalogue/aap/developpement-de-briques-technologiques-et-demonstrateurs-pour-les-systemes-energetiques | https://agirpourlatransition.ademe.fr/entreprises/aides-financieres/catalogue/aap/developpement-de-briques-technologiques-et-services-par-des-pme-pour-la-decarbonation-de-lindustrie-ibac-pme | https://agirpourlatransition.ademe.fr/entreprises/aides-financieres/catalogue/aap/developpement-de-briques-technologiques-et-demonstrateurs-realisations-de-premieres-industrielles-associant-loffre-et-la-demande-demibac | https://recherche.ademe.fr/index.php/domaines-expertise/urbanisme-territoires-et-sols | https://www.ademe.fr/wp-content/uploads/2025/12/2026-regles-generales-attribution-aides-ademe.pdf | https://www.ademe.fr/wp-content/uploads/2024/12/2025-regles-generales-attribution-aides-ademe.pdf | https://www.ademe.fr/wp-content/uploads/2023/12/2024-regles-generales-attribution-aides-ademe.pdf | https://www.ademe.fr/wp-content/uploads/2022/09/2022-regles-generales-attribution-aides-ademe.pdf | https://www.ademe.fr/wp-content/uploads/2022/09/2020-regles-generales-attribution-aides-ademe.pdf | https://www.ademe.fr/wp-content/uploads/2022/09/2019-regles-generales-attribution-aides-ademe.pdf | https://www.ademe.fr/wp-content/uploads/2022/09/2015-regles-generales-attribution-aides-ademe.pdf | https://www.ademe.fr/wp-content/uploads/2024/10/2024-10-22-deliberations-ca-n14-3-4-ademe.pdf | https://www.ademe.fr/wp-content/uploads/2025/04/2025-04-11-systeme-aide-connaissance-2024.pdf | https://www.ademe.fr/wp-content/uploads/2022/09/20141023-deliberations-ca-n14-3-6-ademe.pdf | https://www.ademe.fr/wp-content/uploads/2025/12/2025-12-04-deliberation-changement-de-comportement.pdf","A_REVERIFIER","75","28"
"ae_12632","www.economie.gouv.fr","AIDE","NATIONAL","Toutes les Régions","Ministère de l’Economie, des Finances et de la Souveraineté Industrielle, Energétique et Numérique","SUBVENTION","PME","","","","","","","2026-10-31","non","https://www.economie.gouv.fr/actualites/crise-au-moyen-orient-toutes-les-mesures-de-soutien-economique#-btp---mesure-de-soutien-conomiq_4","","A_REVERIFIER","75","25"